lead_id,created_at,source,product,region,rep,response_time_hours,stage_reached,status,lost_reason,deal_value,closed_at
LD-300000,11/14/2025 14:30,Webinar,Coding for Kids,,Rep_15,0.57,Closed,Won,,574.72,2025-12-15 09:41:11.226466
LD-300001,2026-06-12 16:52:00,Organic Search,Language Learning,,Rep_01,2.72,Contacted,Open,,,
LD-300002,21-Jan-2026 15:02,Organic Search,Coding for Kids,South Region,Rep_12,1.63,Demo Completed,Lost,Went With Competitor,673.32,2026-02-25 19:23:42.793161
LD-300003,28-Aug-2025 15:26,Referral,K-12 Math,South Region,Rep_07,1.77,Contacted,Open,,,
LD-300004,06/03/2026 10:00,Paid Search,Language Learning,West Region,Rep_13,2.73,Lead,Open,,,
LD-300005,2025-09-19 20:36:00,Organic Search,K-12 Math,International,Rep_15,2.29,Contacted,Open,,,
LD-300006,14-Nov-2025 14:03,Paid  Search,K-12 Math,North Region,Rep_06,3.21,Contacted,Open,,,
LD-300007,2025-09-01 17:03:00,Paid Search,K-12 Math,North Region,Rep_01,0.48,Contacted,Open,,,
LD-300008,2025-08-25 19:40:00,Referral,Coding for Kids,South Region,Rep_07,2.55,Closed,Won,,723.67,2025-10-16 20:41:44.872095
LD-300009,2026-06-03 14:05:00,Paid  Search,K-12 Math,South Region,Rep_12,6.24,Contacted,Open,,,
LD-300010,06/22/2026 11:08,Partner Channel,Competitive Exam Prep,International,Rep_05,2.95,Contacted,Open,,,
LD-300011,11-Nov-2025 15:49,Cold Outreach,Competitive Exam Prep,,Rep_10,1.0,Lead,Open,,,
LD-300012,28-Mar-2025 14:32,Webinar,Coding for Kids,West Region,Rep_13,3.0,Closed,Won,,603.05,2025-05-02 11:58:34.056521
LD-300013,2025-03-10 20:45:00,Referral,Coding for Kids,North Region,Rep_06,4.93,Contacted,Open,,,
LD-300014,04-May-2026 17:50,Cold Outreach,Language Learning,East Region,Rep_04,2.18,Lead,Open,,,
LD-300015,06/11/2025 07:10,Organic Search,K12 Math,South Region,Rep_02,5.4,Contacted,Open,,,
LD-300016,02/28/2025 09:06,Paid Search,Study Abroad Prep,West Region,Rep_13,6.82,Demo Completed,Lost,No Response / Ghosted,1379.65,2025-03-28 10:20:43.782866
LD-300017,2026-04-04 11:09:00,Webinar,Competitive Exam Prep,East Region,Rep_04,4.1,Contacted,Open,,,
LD-300018,29-Sep-2025 09:35,Referral,CODING FOR KIDS,North Region,Rep_06,5.16,Contacted,Open,,,
LD-300019,17-Jul-2025 11:05,Cold-Outreach,Study Abroad Prep,North Region,Rep_11,3.97,Lead,Open,,,
LD-300020,2025-12-27 10:09:00,Paid Search,K-12  Math,,Rep_07,1.97,Closed,Won,,$423.65,2026-01-31 19:29:05.287792
LD-300021,07-Jul-2025 17:46,Paid Search,K-12 Math,East Region,Rep_09,3.27,Demo Completed,Lost,Bad Timing,491.48,2025-07-31 00:34:05.025358
LD-300022,04/09/2025 19:52,Referral,K-12 Math,West Region,Rep_08,1.76,Closed,Won,,443.38,2025-05-14 21:34:45.733557
LD-300023,2025-01-30 18:27:00,Webinar,Study Abroad Prep,International,Rep_10,7.24,Contacted,Open,,,
LD-300024,18-Apr-2025 09:52,Webinar,Language Learning,South Region,Rep_12,2.76,Contacted,Open,,,
LD-300025,08/25/2025 14:06,Social Media,Language Learning,South Region,Rep_07,6.56,Lead,Open,,,
LD-300026,07/18/2025 12:47,Webinar,Study Abroad Prep,North Region,Rep_01,1.39,Demo Scheduled,Open,,,
LD-300027,28-Feb-2025 08:10,Social,Competitive Exam Prep,East Region,Rep_04,1.33,Lead,Open,,,
LD-300028,13-Feb-2026 10:50,Social Media,K-12 Math,South Region,Rep_12,1.08,Demo Scheduled,Open,,,
LD-300029,05/16/2025 19:39,Paid Search,K-12  Math,North Region,Rep_01,3.12,Contacted,Open,,,
LD-300030,27-Nov-2025 13:56,Referral,K-12 Math,,Rep_03,4.02,Negotiation,Lost,Price Objection,$447.90,2026-01-24 08:30:40.903513
LD-300031,2026-02-06 14:26:00,Cold Outreach,K-12 Math,South Region,Rep_07,22.8,Contacted,Open,,,
LD-300032,04/12/2026 19:06,Webinar,Coding for Kids,East Region,Rep_14,8.48,Proposal Sent,Lost,Price Objection,549.71,2026-05-23 18:53:38.125827
LD-300033,04/03/2025 20:22,Webinar,Competitive Exam Prep,East Region,Rep_09,7.92,Negotiation,Lost,Price Objection,813.36,2025-05-31 22:08:19.446724
LD-300034,2025-12-24 20:45:00,Paid Search,Language Learning,West Region,Rep_08,6.48,Contacted,Open,,,
LD-300035,20-Jan-2025 20:37,Social Media,Coding for Kids,West Region,Rep_03,1.46,Demo Completed,Lost,No Response / Ghosted,727.15,2025-02-21 23:44:22.327292
LD-300036,2025-03-25 13:49:00,Webinar,Coding for Kids,West Region,Rep_08,1.36,Negotiation,Lost,No Response / Ghosted,703.8,2025-05-04 10:39:20.298738
LD-300037,2026-05-04 07:42:00,Cold Outreach,Coding for Kids,West Region,Rep_08,1.37,Lead,Open,,,
LD-300038,05/16/2025 15:22,Paid Search,Competitive Exam Prep,South Region,Rep_07,1.25,Contacted,Open,,,
LD-300039,26-Feb-2026 20:16,Paid Search,K-12 Math,East Region,Rep_14,18.15,Lead,Open,,,
LD-300040,03/13/2025 08:13,Paid  Search,Competitive Exam Prep,North Region,Rep_11,5.64,Contacted,Open,,,
LD-300041,03/18/2026 17:40,Paid Search,Coding for Kids,North Region,Rep_06,8.36,Lead,Open,,,
LD-300042,14-Mar-2026 17:30,Webinar,Competitive Exam Prep,North Region,Rep_01,1.37,Closed,Won,,904.9,2026-04-30 00:05:39.115725
LD-300043,08/05/2025 07:38,Webinar,Coding for Kids,,Rep_06,2.98,Contacted,Open,,,
LD-300044,02/23/2026 19:16,Referral,Language Learning,East Region,Rep_09,0.92,Negotiation,Lost,Price Objection,$311.45,2026-03-24 04:39:50.403026
LD-300045,05-Jun-2026 13:50,Organic search,K-12 Math,East Region,Rep_04,5.34,Contacted,Open,,,
LD-300046,09/14/2025 18:40,Cold Outreach,Coding for Kids,North Region,Rep_01,3.62,Lead,Open,,,
LD-300047,15-Jul-2025 17:56,Partner Channel,Study Abroad Prep,North Region,Rep_01,7.02,Contacted,Open,,,
LD-300048,2026-05-27 20:22:00,Referral,CODING FOR KIDS,West Region,Rep_08,3.41,Closed,Won,,572.7,2026-06-29 01:06:46.159443
LD-300049,28-May-2025 11:58,Partner Channel,K-12 Math,East Region,Rep_09,1.27,Demo Completed,Lost,No Response / Ghosted,459.38,2025-06-21 00:50:06.965092
LD-300050,18-Feb-2026 20:45,Referral,K-12 Math,East Region,Rep_04,0.27,Closed,Won,,464.24,2026-04-01 16:27:38.559368
LD-300051,27-Jan-2026 17:56,Webinar,Competitive Exam Prep,West Region,Rep_08,1.12,Contacted,Open,,,
LD-300052,11/02/2025 16:13,Paid Search,Competitive Exam Prep,East Region,Rep_04,8.27,Negotiation,Lost,Price Objection,1000.06,2025-12-11 05:57:50.501004
LD-300053,10/14/2025 08:23,Cold Outreach,Competitive Exam Prep,East Region,Rep_04,2.19,Lead,Open,,,
LD-300054,2025-09-02 19:57:00,Organic Search,Coding for Kids,South Region,Rep_12,2.6,Contacted,Open,,,
LD-300055,08/22/2025 13:58,Partner Channel,Competitive Exam Prep,North Region,Rep_06,2.89,Contacted,Open,,,
LD-300056,2025-05-08 20:34:00,Referral,Competitive Exam Prep,West Region,Rep_08,2.61,Closed,Won,,960.65,2025-06-16 17:50:27.592409
LD-300057,13-Aug-2025 10:46,Social Media,coding for kids,West Region,Rep_08,15.1,Demo Completed,Lost,Price Objection,574.74,2025-09-16 07:25:05.485357
LD-300058,26-Sep-2025 13:29,organic search,K-12 Math,South Region,Rep_12,2.14,Demo Scheduled,Open,,,
LD-300059,02/20/2026 17:48,Webinar,Competitive Exam Prep,East Region,Rep_04,3.49,Contacted,Open,,,
LD-300060,26-Nov-2025 16:14,Organic Search,k-12 math,South Region,Rep_07,1.72,Proposal Sent,Lost,Price Objection,552.96,2025-12-22 02:45:06.304175
LD-300061,2026-04-17 12:12:00,COLD OUTREACH,Competitive Exam Prep,West Region,Rep_13,2.8,Contacted,Open,,,
LD-300062,03/10/2026 20:40,Referral,Competitive Exam Prep,North Region,Rep_01,12.16,Contacted,Open,,,
LD-300063,06/19/2026 08:42,Paid Search,Study Abroad Prep,North Region,Rep_01,5.18,Contacted,Open,,,
LD-300064,05/19/2026 13:50,Webinar,Coding for Kids,International,Rep_10,2.27,Contacted,Open,,,
LD-300065,01/19/2026 19:04,Paid Search,Competitive Exam Prep,International,Rep_15,1.32,Contacted,Open,,,
LD-300066,2026-02-12 12:13:00,Social Media,Competitive Exam Prep,South Region,Rep_12,4.01,Contacted,Open,,,
LD-300067,01/24/2025 14:28,Webinar,K-12 Math,North Region,Rep_11,2.48,Closed,Won,,485.63,2025-02-24 23:37:36.990452
LD-300068,15-May-2026 15:56,Paid Search,Coding for Kids,West Region,Rep_03,2.03,Contacted,Open,,,
LD-300069,2025-06-19 09:43:00,Organic Search,Study Abroad Prep,South Region,Rep_02,0.44,Lead,Open,,,
LD-300070,2025-09-18 20:47:00,SOCIAL MEDIA,Coding for Kids,West Region,Rep_03,6.31,Negotiation,Lost,Price Objection,$529.34,2025-10-28 04:15:35.442355
LD-300071,11/21/2025 10:23,Cold Outreach,Coding for Kids,North Region,Rep_11,8.56,Demo Scheduled,Open,,,
LD-300072,22-Apr-2025 08:15,Cold Outreach,Competitive Exam Prep,South Region,Rep_02,19.31,Lead,Open,,,
LD-300073,11-Oct-2025 16:06,Organic Search,K-12 Math,West Region,Rep_08,5.22,Closed,Won,,414.78,2025-11-13 01:28:41.921589
LD-300074,02-May-2025 18:19,Cold Outreach,Competitive Exam Prep,,Rep_12,3.25,Demo Completed,Lost,Went With Competitor,1164.37,2025-06-04 05:01:54.067642
LD-300075,08/28/2025 14:07,Organic Search,Study Abroad Prep,West Region,Rep_03,5.77,Contacted,Open,,,
LD-300076,05/18/2026 20:21,Organic Search,K-12  Math,South Region,Rep_12,8.49,Contacted,Open,,,
LD-300077,03/06/2025 09:24,Organic Search,CODING FOR KIDS,North Region,Rep_11,6.65,Lead,Open,,,
LD-300078,08/06/2025 14:15,Social Media,Coding for Kids,North Region,Rep_01,2.92,Contacted,Open,,,
LD-300079,04/26/2026 14:59,Organic Search,Study Abroad Prep,International,Rep_05,9.22,Proposal Sent,Lost,Price Objection,"$1,493.43",2026-06-19 09:03:14.537196
LD-300080,09/26/2025 12:56,Paid Search,Coding For Kids,North Region,Rep_06,5.8,Lead,Open,,,
LD-300081,2025-08-27 20:08:00,Webinar,K-12 Math,International,Rep_15,1.32,Contacted,Open,,,
LD-300082,24-Jul-2025 14:36,Social Media,Competitive Exam Prep,North Region,Rep_01,2.76,Lead,Open,,,
LD-300083,2026-05-08 19:43:00,Organic Search,K-12 Math,North Region,Rep_01,1.34,Proposal Sent,Lost,Price Objection,467.4,2026-06-12 00:03:20.076902
LD-300084,12/04/2025 19:27,Social Media,Language Learning,,Rep_08,0.52,Closed,Won,,303.78,2026-01-05 05:54:32.836208
LD-300085,03/18/2026 18:31,Social,K-12 Math,West Region,Rep_13,2.82,Contacted,Open,,,
LD-300086,20-Mar-2026 14:44,Social Media,Language Learning,West Region,Rep_03,2.96,Lead,Open,,,
LD-300087,09-Oct-2025 17:46,Paid Search,Language Learning,North Region,Rep_06,2.58,Lead,Open,,,
LD-300088,2026-06-26 14:23:00,Social Media,Competitive Exam Prep,South Region,Rep_12,2.02,Contacted,Open,,,
LD-300089,04-Dec-2025 20:54,SEO,Study Abroad Prep,,Rep_13,1.59,Contacted,Open,,,
LD-300090,23-Feb-2026 09:31,Paid Search,Coding for Kids,East Region,Rep_09,8.89,Demo Scheduled,Open,,,
LD-300091,08/07/2025 08:26,Referral,Competitive Exam Prep,East Region,Rep_14,4.16,Negotiation,Lost,Price Objection,1181.29,2025-09-16 10:00:49.420102
LD-300092,01/17/2025 13:02,Cold Outreach,Coding for Kids,East Region,Rep_14,2.7,Lead,Open,,,
LD-300093,2025-09-05 07:05:00,Organic Search,K12 Math,South Region,Rep_12,0.99,Closed,Won,,$496.76,2025-10-16 12:05:33.132715
LD-300094,08/14/2025 19:49,Organic Search,Competitive Exam Prep,South Region,Rep_07,1.57,Proposal Sent,Lost,Bad Timing,914.85,2025-10-07 02:50:04.365043
LD-300095,04-Feb-2025 08:16,Paid Search,Language Learning,West Region,Rep_13,3.37,Demo Scheduled,Open,,,
LD-300096,06/05/2025 11:09,Cold Outreach,Competitive Exam Prep,North Region,Rep_01,0.79,Contacted,Open,,,
LD-300097,2025-11-26 19:33:00,Organic Search,Competitive Exam Prep,South Region,Rep_12,1.27,Contacted,Open,,,
LD-300098,03-Apr-2025 12:49,Social Media,Competitive Exam Prep,International,Rep_05,0.61,Contacted,Open,,,
LD-300099,2025-01-19 11:49:00,Partner Channel,K-12  Math,North Region,Rep_11,2.67,Closed,Won,,434.29,2025-03-14 19:33:26.178526
LD-300100,2026-01-06 12:47:00,Social Media,Coding for Kids,International,Rep_15,2.16,Lead,Open,,,
LD-300101,03/06/2026 19:14,Organic Search,Study Abroad Prep,North Region,Rep_06,3.05,Lead,Open,,,
LD-300102,10-Jan-2025 15:21,Webinar,K-12 Math,North Region,Rep_11,13.92,Contacted,Open,,,
LD-300103,03/27/2026 15:41,COLD OUTREACH,K-12 Math,West Region,Rep_03,9.57,Lead,Open,,,
LD-300104,23-Feb-2026 09:31,Social Media,Coding for Kids,International,Rep_10,9.45,Contacted,Open,,,
LD-300105,02/16/2026 20:25,Webinar,K-12 Math,South Region,Rep_02,2.12,Contacted,Open,,,
LD-300106,12/29/2025 12:38,Social Media,Competitive Exam Prep,South Region,Rep_12,1.59,Demo Completed,Lost,Went With Competitor,1150.37,2026-01-31 10:46:27.534180
LD-300107,2026-04-24 12:11:00,Social Media,Coding For Kids,International,Rep_10,3.72,Lead,Open,,,
LD-300108,2026-03-16 16:15:00,Referral,Language Learning,South Region,Rep_12,10.12,Closed,Won,,$367.36,2026-04-30 10:57:30.587351
LD-300109,2025-03-31 15:13:00,PPC,Language Learning,South Region,Rep_07,12.52,Contacted,Open,,,
LD-300110,31-Jan-2026 15:13,Organic Search,Language Learning,South Region,Rep_12,1.81,Negotiation,Lost,Went With Competitor,291.39,2026-03-14 06:13:13.093744
LD-300111,02/03/2025 13:50,Paid Search,K-12 Math,West Region,Rep_03,3.88,Contacted,Open,,,
LD-300112,12/26/2025 08:15,Organic Search,Competitive Exam Prep,South Region,Rep_12,5.55,Contacted,Open,,,
LD-300113,2025-07-04 20:29:00,Webinar,K-12 Math,West Region,Rep_08,3.88,Demo Completed,Lost,Bad Timing,596.97,2025-08-14 05:35:53.477437
LD-300114,03/06/2026 17:56,Paid Search,Coding for Kids,International,Rep_10,7.21,Contacted,Open,,,
LD-300115,2025-08-15 13:56:00,Referral,Coding for Kids,South Region,Rep_12,1.2,Closed,Won,,731.11,2025-09-22 16:20:26.051770
LD-300116,03/28/2026 17:10,Cold Outreach,Competitive Exam Prep,West Region,Rep_13,3.41,Demo Completed,Lost,No Response / Ghosted,1181.44,2026-04-28 17:46:14.907042
LD-300117,08/06/2025 10:08,Organic Search,Competitive Exam Prep,International,Rep_10,0.69,Contacted,Open,,,
LD-300118,2026-01-30 18:35:00,Social Media,K-12 Math,South Region,Rep_07,2.21,Lead,Open,,,
LD-300119,31-Jul-2025 11:23,Partner Channel,K-12 Math,International,Rep_05,1.59,Negotiation,Lost,Price Objection,$438.60,2025-09-17 06:39:05.328985
LD-300120,2026-01-02 07:59:00,Organic Search,K-12 Math,West Region,Rep_13,0.83,Proposal Sent,Lost,No Response / Ghosted,503.0,2026-02-08 09:23:26.333811
LD-300121,2025-08-15 10:12:00,Paid Search,Study Abroad Prep,East Region,Rep_04,1.28,Lead,Open,,,
LD-300122,09-May-2025 11:54,Paid Search,Competitive Exam Prep,,Rep_09,9.23,Contacted,Open,,,
LD-300123,17-Oct-2025 16:18,Organic Search,K-12 Math,South Region,Rep_12,4.69,Contacted,Open,,,
LD-300124,18-Apr-2026 07:09,Partner Channel,coding for kids,,Rep_02,3.77,Proposal Sent,Lost,Price Objection,724.34,2026-05-21 00:42:56.478330
LD-300125,2025-10-23 16:30:00,Paid Search,Coding for Kids,West Region,Rep_03,13.52,Contacted,Open,,,
LD-300126,2025-04-08 17:38:00,Organic Search,K-12 Math,North Region,Rep_06,9.44,Demo Scheduled,Open,,,
LD-300127,07/19/2025 07:11,Social Media,Competitive Exam Prep,South Region,Rep_02,4.44,Contacted,Open,,,
LD-300128,12/19/2025 11:51,Cold Outreach,Competitive Exam Prep,West Region,Rep_03,0.65,Lead,Open,,,
LD-300129,12/07/2025 19:48,Social Media,K-12 Math,South Region,Rep_07,1.0,Lead,Open,,,
LD-300130,02/06/2026 18:15,Paid Search,Competitive Exam Prep,International,Rep_05,1.35,Lead,Open,,,
LD-300131,2025-04-28 17:02:00,Paid Search,Competitive Exam Prep,North Region,Rep_11,1.07,Proposal Sent,Lost,Bad Timing,892.09,2025-05-29 03:59:37.554165
LD-300132,25-Feb-2025 19:43,Social Media,K-12 Math,North Region,Rep_11,2.9,Contacted,Open,,,
LD-300133,03/07/2025 11:27,Paid Search,Coding for Kids,South Region,Rep_07,6.26,Contacted,Open,,,
LD-300134,05/01/2025 16:22,Cold Outreach,Language Learning,West Region,Rep_13,5.86,Contacted,Open,,,
LD-300135,2025-11-05 10:35:00,Paid Search,K-12  Math,West Region,Rep_03,0.67,Contacted,Open,,,
LD-300136,03/10/2025 18:34,Organic Search,k-12 math,South Region,Rep_02,1.54,Contacted,Open,,,
LD-300137,2026-06-29 14:58:00,Paid Search,Coding for Kids,West Region,Rep_13,1.17,Contacted,Open,,,
LD-300138,2026-02-25 10:21:00,Social Media,Competitive Exam Prep,South Region,Rep_07,3.37,Contacted,Open,,,
LD-300139,10-Nov-2025 07:24,Organic Search,K-12 Math,International,Rep_10,1.49,Demo Scheduled,Open,,,
LD-300140,04/08/2026 09:09,Paid Search,K-12 Math,West Region,Rep_08,1.61,Proposal Sent,Lost,Price Objection,463.67,2026-05-11 21:49:35.040118
LD-300141,07-Apr-2026 20:55,Organic Search,Competitive Exam Prep,West Region,Rep_03,2.51,Contacted,Open,,,
LD-300142,20-Mar-2026 09:28,Organic Search,Language Learning,East Region,Rep_14,3.09,Contacted,Open,,,
LD-300143,12/09/2025 13:14,Social Media,Competitive Exam Prep,South Region,Rep_12,0.91,Closed,Won,,998.27,2026-01-07 16:32:10.563562
LD-300144,03/09/2026 16:41,Cold Outreach,Competitive Exam Prep,,Rep_12,4.36,Demo Scheduled,Open,,,
LD-300145,06/02/2026 15:07,Partner Channel,Competitive Exam Prep,West Region,Rep_03,9.44,Demo Completed,Lost,Price Objection,979.19,2026-06-29 09:56:55.168991
LD-300146,06/09/2025 07:15,Organic Search,Competitive Exam Prep,North Region,Rep_11,3.12,Contacted,Open,,,
LD-300147,07/02/2025 16:09,Cold Outreach,Language Learning,South Region,Rep_07,1.3,Lead,Open,,,
LD-300148,03/14/2025 15:06,Cold Outreach,Study Abroad Prep,South Region,Rep_07,8.72,Lead,Open,,,
LD-300149,30-Jan-2025 16:53,Social Media,Competitive Exam Prep,International,Rep_05,8.85,Contacted,Open,,,
LD-300150,30-Jun-2025 20:11,Social Media,Study Abroad Prep,North Region,Rep_01,1.69,Lead,Open,,,
LD-300151,12/07/2025 08:53,Organic Search,Coding for Kids,West Region,Rep_13,1.48,Demo Completed,Lost,Went With Competitor,648.59,2026-01-11 07:04:40.118489
LD-300152,2025-01-21 10:18:00,Partner Channel,Competitive Exam Prep,West Region,Rep_08,1.14,Demo Completed,Lost,No Response / Ghosted,913.27,2025-03-11 05:50:06.615876
LD-300153,04/09/2026 14:07,Organic Search,Competitive Exam Prep,West Region,Rep_03,5.66,Demo Completed,Lost,Went With Competitor,1124.65,2026-05-16 13:41:15.429469
LD-300154,2026-01-30 12:12:00,Webinar,Competitive Exam Prep,East Region,Rep_14,3.6,Proposal Sent,Lost,Price Objection,1009.47,2026-03-24 08:28:33.181285
LD-300155,03/07/2025 08:51,Referral,Language Learning,West Region,Rep_13,2.33,Contacted,Open,,,
LD-300156,2025-03-01 10:26:00,Paid Search,Competitive Exam Prep,South Region,Rep_12,3.08,Proposal Sent,Lost,Went With Competitor,968.12,2025-04-09 13:59:19.728308
LD-300157,06/29/2026 14:28,Paid Search,Competitive Exam Prep,West Region,Rep_13,1.88,Lead,Open,,,
LD-300158,04/09/2025 13:40,Webinar,Language Learning,West Region,Rep_03,2.46,Contacted,Open,,,
LD-300159,15-Nov-2025 19:42,Paid Search,Coding for Kids,West Region,Rep_08,3.67,Contacted,Open,,,
LD-300160,04/21/2026 07:09,Social Media,Language Learning,South Region,Rep_12,0.36,Demo Completed,Lost,Price Objection,$364.32,2026-05-10 12:00:02.146823
LD-300161,2025-03-21 16:35:00,Cold Outreach,K-12 Math,East Region,Rep_14,3.64,Lead,Open,,,
LD-300162,31-Oct-2025 17:15,Cold Outreach,K-12 Math,North Region,Rep_11,2.59,Contacted,Open,,,
LD-300163,01/10/2025 09:07,Webinar,K-12 Math,South Region,Rep_12,3.83,Closed,Won,,541.66,2025-02-12 23:49:00.342015
LD-300164,03/15/2026 16:06,Referral,Study Abroad Prep,South Region,Rep_12,2.06,Contacted,Open,,,
LD-300165,2026-05-03 15:45:00,Paid Search,Language Learning,North Region,Rep_06,1.29,Contacted,Open,,,
LD-300166,2025-12-26 07:37:00,Referral,Language Learning,South Region,Rep_02,7.1,Closed,Won,,301.61,2026-02-02 09:33:15.998939
LD-300167,11/23/2025 09:21,Webinar,k-12 math,International,Rep_15,3.13,Closed,Won,,458.4,2026-01-04 05:41:41.938970
LD-300168,02/27/2025 17:27,Organic Search,Study Abroad Prep,South Region,Rep_02,3.24,Demo Completed,Lost,Bad Timing,1321.0,2025-03-31 12:53:27.572940
LD-300169,03/08/2025 09:58,Organic Search,Language Learning,West Region,Rep_03,3.82,Contacted,Open,,,
LD-300170,2025-03-28 11:41:00,Organic Search,Competitive Exam Prep,North Region,Rep_11,3.76,Contacted,Open,,,
LD-300171,2025-05-04 14:46:00,Referral,K-12 Math,West Region,Rep_08,0.79,Closed,Won,,415.79,2025-06-14 04:49:31.884130
LD-300172,2025-06-27 19:12:00,Webinar,Language Learning,West Region,Rep_13,4.6,Closed,Won,,$382.75,2025-08-11 02:27:25.542150
LD-300173,2025-05-02 11:06:00,Partner Channel,Coding for Kids,South Region,Rep_07,1.65,Contacted,Open,,,
LD-300174,2025-06-13 18:14:00,Social Media,Language Learning,South Region,Rep_07,14.17,Demo Completed,Lost,No Response / Ghosted,$349.42,2025-07-12 09:00:24.522141
LD-300175,05-Apr-2026 08:56,Social Media,Coding for Kids,South Region,Rep_07,2.2,Proposal Sent,Lost,Went With Competitor,757.04,2026-05-04 14:37:45.454412
LD-300176,20-Jun-2025 17:30,Paid Search,Language Learning,South Region,Rep_12,1.46,Lead,Open,,,
LD-300177,24-Jul-2025 16:31,Social,Language Learning,North Region,Rep_11,1.4,Demo Completed,Lost,Went With Competitor,$391.35,2025-08-26 04:26:19.838031
LD-300178,2025-06-04 13:10:00,Organic Search,K-12 Math,,Rep_08,2.13,Contacted,Open,,,
LD-300179,31-Mar-2026 11:13,Cold Outreach,K-12 Math,East Region,Rep_14,6.19,Lead,Open,,,
LD-300180,24-Apr-2026 18:36,paid search,Language Learning,International,Rep_10,5.49,Lead,Open,,,
LD-300181,06/16/2026 10:15,Organic Search,Coding for Kids,South Region,Rep_02,14.7,Contacted,Open,,,
LD-300182,07/10/2025 07:53,Referral,k-12 math,South Region,Rep_07,4.66,Lead,Open,,,
LD-300183,16-Sep-2025 18:57,Webinar,Competitive Exam Prep,North Region,Rep_01,1.09,Closed,Won,,901.66,2025-10-28 01:05:53.679192
LD-300184,08/12/2025 11:11,Paid Search,Study Abroad Prep,North Region,Rep_01,10.61,Contacted,Open,,,
LD-300185,07-Feb-2025 10:09,Referral,Language Learning,,Rep_12,4.45,Proposal Sent,Lost,Price Objection,$304.02,2025-03-14 17:53:46.518614
LD-300186,28-Apr-2026 09:22,Organic Search,Competitive Exam Prep,North Region,Rep_11,5.37,Contacted,Open,,,
LD-300187,05/20/2026 16:56,Partner Channel,K-12 Math,West Region,Rep_13,1.75,Contacted,Open,,,
LD-300188,2026-03-27 15:56:00,Social Media,K-12 Math,East Region,Rep_04,1.09,Lead,Open,,,
LD-300189,23-Mar-2026 08:03,Organic Search,Language Learning,West Region,Rep_08,1.82,Closed,Won,,375.52,2026-05-19 06:14:29.251920
LD-300190,07/04/2025 07:15,Webinar,K-12 Math,South Region,Rep_02,5.25,Closed,Won,,528.3,2025-08-18 20:19:34.155664
LD-300191,2026-06-18 12:21:00,Webinar,coding for kids,,Rep_01,5.9,Contacted,Open,,,
LD-300192,28-Aug-2025 14:27,Referral,K-12 Math,West Region,Rep_03,6.23,Negotiation,Lost,Price Objection,$482.65,2025-10-23 22:07:50.507283
LD-300193,05-Feb-2026 10:50,cold outreach,K-12 Math,North Region,Rep_01,3.27,Contacted,Open,,,
LD-300194,2026-03-10 17:09:00,Organic Search,K-12 Math,International,Rep_10,1.88,Proposal Sent,Lost,No Response / Ghosted,551.59,2026-04-18 11:14:30.564780
LD-300195,23-Aug-2025 09:50,Partner Channel,Competitive Exam Prep,East Region,Rep_09,2.19,Lead,Open,,,
LD-300196,04/15/2025 11:57,Paid Search,Competitive Exam Prep,South Region,Rep_07,4.31,Contacted,Open,,,
LD-300197,29-Jun-2026 18:11,Paid  Search,Coding for Kids,International,Rep_05,39.88,Contacted,Open,,,
LD-300198,09/05/2025 19:44,Paid Search,Language Learning,East Region,Rep_14,5.53,Demo Scheduled,Open,,,
LD-300199,2025-11-11 12:37:00,Paid Search,Competitive Exam Prep,West Region,Rep_13,1.01,Proposal Sent,Lost,Price Objection,1021.5,2025-12-17 00:07:14.208179
LD-300200,21-Apr-2026 14:19,Webinar,K-12 Math,East Region,Rep_14,1.26,Contacted,Open,,,
LD-300201,01-Aug-2025 16:36,Webinar,K-12 Math,East Region,Rep_14,2.63,Negotiation,Lost,Price Objection,$541.28,2025-10-03 17:43:04.642955
LD-300202,02/19/2026 07:42,Social Media,K-12 Math,North Region,Rep_11,4.04,Demo Completed,Lost,No Response / Ghosted,420.26,2026-03-22 04:59:31.173606
LD-300203,2025-06-16 19:50:00,Referral,Study Abroad Prep,West Region,Rep_13,5.62,Negotiation,Lost,Bad Timing,1533.79,2025-07-29 06:13:51.025540
LD-300204,2025-04-21 10:47:00,cold outreach,Study Abroad Prep,North Region,Rep_06,3.57,Lead,Open,,,
LD-300205,22-Mar-2025 19:39,Referral,Study Abroad Prep,South Region,Rep_07,1.56,Contacted,Open,,,
LD-300206,02/20/2025 10:44,Webinar,Competitive Exam Prep,International,Rep_15,2.84,Proposal Sent,Lost,No Response / Ghosted,$970.70,2025-03-25 11:59:03.825280
LD-300207,21-Oct-2025 16:43,Referral,Coding for Kids,West Region,Rep_03,3.53,Contacted,Open,,,
LD-300208,03/07/2025 09:53,Social Media,CODING FOR KIDS,East Region,Rep_04,0.5,Lead,Open,,,
LD-300209,11/28/2025 19:19,Organic search,Study Abroad Prep,North Region,Rep_06,5.13,Lead,Open,,,
LD-300210,07/30/2025 09:11,organic search,Language Learning,West Region,Rep_08,2.83,Contacted,Open,,,
LD-300211,2025-08-21 17:46:00,Partner Channel,Coding for Kids,North Region,Rep_11,23.84,Closed,Won,,649.01,2025-10-15 21:13:00.992015
LD-300212,14-May-2026 08:05,Referral,Competitive Exam Prep,South Region,Rep_02,1.91,Negotiation,Lost,Price Objection,1168.35,2026-06-26 01:28:55.645013
LD-300213,17-Jun-2026 13:43,Organic Search,K12 Math,East Region,Rep_14,2.47,Closed,Won,,437.33,2026-08-02 06:41:38.275780
LD-300214,2026-03-25 15:38:00,Social Media,Coding for Kids,West Region,Rep_13,2.26,Negotiation,Lost,Bad Timing,$535.15,2026-05-11 08:12:38.861407
LD-300215,04/04/2025 10:34,Webinar,Competitive Exam Prep,West Region,Rep_13,14.63,Contacted,Open,,,
LD-300216,2026-04-16 11:27:00,organic search,Study Abroad Prep,South Region,Rep_02,1.64,Contacted,Open,,,
LD-300217,06-Feb-2026 09:36,Organic Search,Study Abroad Prep,South Region,Rep_07,3.32,Contacted,Open,,,
LD-300218,2025-10-01 10:45:00,Social Media,Coding for Kids,East Region,Rep_04,4.79,Lead,Open,,,
LD-300219,11-Jun-2025 11:46,Organic search,Competitive Exam Prep,North Region,Rep_06,22.08,Demo Completed,Lost,Bad Timing,"$1,081.15",2025-07-12 11:48:17.622681
LD-300220,2025-09-06 16:23:00,Organic Search,K-12 Math,East Region,Rep_09,4.97,Contacted,Open,,,
LD-300221,2025-02-12 18:19:00,Social Media,K-12 Math,East Region,Rep_09,4.94,Contacted,Open,,,
LD-300222,05-Apr-2026 20:47,Social Media,Coding for Kids,East Region,Rep_09,0.73,Proposal Sent,Lost,Went With Competitor,631.51,2026-05-27 17:12:45.036739
LD-300223,2025-01-24 11:54:00,Social Media,K-12 Math,East Region,Rep_04,0.91,Closed,Won,,$517.02,2025-03-09 03:37:21.728065
LD-300224,04/13/2025 10:09,Referral,Competitive Exam Prep,South Region,Rep_02,1.15,Contacted,Open,,,
LD-300225,02-Jul-2025 15:54,Social Media,Coding for Kids,South Region,Rep_07,1.12,Contacted,Open,,,
LD-300226,2026-01-10 12:32:00,SOCIAL MEDIA,K-12 Math,East Region,Rep_14,4.59,Contacted,Open,,,
LD-300227,04/22/2026 07:42,Paid Search,Coding for Kids,East Region,Rep_04,5.3,Contacted,Open,,,
LD-300228,2025-06-22 13:33:00,Partner Channel,Language Learning,North Region,Rep_11,1.67,Closed,Won,,$385.96,2025-07-28 07:12:06.238978
LD-300229,2025-09-12 15:33:00,Cold Outreach,Competitive Exam Prep,West Region,Rep_13,4.66,Contacted,Open,,,
LD-300230,29-Jul-2025 08:10,Organic Search,K-12 Math,West Region,Rep_08,1.27,Lead,Open,,,
LD-300231,18-Jul-2025 10:42,Social Media,Competitive Exam Prep,South Region,Rep_02,2.5,Contacted,Open,,,
LD-300232,18-Feb-2026 15:32,Partner Channel,Study Abroad Prep,International,Rep_15,4.65,Contacted,Open,,,
LD-300233,2026-05-01 11:16:00,Organic Search,Competitive Exam Prep,North Region,Rep_06,7.16,Demo Scheduled,Open,,,
LD-300234,2025-08-13 14:55:00,Organic Search,Coding for Kids,North Region,Rep_01,0.29,Proposal Sent,Lost,Price Objection,575.25,2025-09-10 06:59:51.841941
LD-300235,21-May-2025 16:36,Organic Search,Language Learning,West Region,Rep_13,1.53,Contacted,Open,,,
LD-300236,03/14/2025 08:35,Social Media,Study Abroad Prep,East Region,Rep_09,1.78,Contacted,Open,,,
LD-300237,2026-04-09 20:05:00,Paid Search,Competitive Exam Prep,East Region,Rep_14,6.47,Lead,Open,,,
LD-300238,2025-03-12 16:03:00,Referral,Competitive Exam Prep,North Region,Rep_06,2.44,Demo Completed,Lost,No Response / Ghosted,1063.99,2025-04-18 13:09:11.826767
LD-300239,18-Jun-2025 15:10,Referral,Competitive Exam Prep,South Region,Rep_07,5.52,Contacted,Open,,,
LD-300240,11/11/2025 14:48,Webinar,K-12 Math,International,Rep_05,1.82,Contacted,Open,,,
LD-300241,28-Apr-2025 07:57,Social Media,Competitive Exam Prep,South Region,Rep_02,1.5,Contacted,Open,,,
LD-300242,02/24/2026 08:21,Social Media,Coding for Kids,West Region,Rep_13,30.85,Contacted,Open,,,
LD-300243,20-Feb-2026 09:55,Cold Outreach,Coding for Kids,North Region,Rep_06,6.79,Lead,Open,,,
LD-300244,07-Apr-2025 18:15,Cold Outreach,Study Abroad Prep,North Region,Rep_01,0.9,Demo Completed,Lost,Went With Competitor,"$1,702.53",2025-05-09 14:08:57.507606
LD-300245,15-Dec-2025 07:11,Paid Search,Coding for Kids,South Region,Rep_02,1.04,Contacted,Open,,,
LD-300246,24-Dec-2025 13:38,organic search,Coding for Kids,,Rep_03,11.49,Lead,Open,,,
LD-300247,05-Dec-2025 09:18,Referral,Study Abroad Prep,International,Rep_15,8.76,Contacted,Open,,,
LD-300248,06/19/2026 20:49,Referral,K-12 Math,,Rep_08,5.14,Contacted,Open,,,
LD-300249,07/24/2025 15:23,Organic Search,Competitive Exam Prep,East Region,Rep_14,20.5,Lead,Open,,,
LD-300250,21-Nov-2025 12:09,Social Media,Competitive Exam Prep,South Region,Rep_07,7.72,Contacted,Open,,,
LD-300251,25-Mar-2026 08:42,Social Media,Language Learning,North Region,Rep_06,4.48,Lead,Open,,,
LD-300252,17-Jan-2025 11:56,Referral,K-12 Math,South Region,Rep_12,2.33,Contacted,Open,,,
LD-300253,10-Feb-2025 16:30,Cold Outreach,Competitive Exam Prep,,Rep_06,2.58,Lead,Open,,,
LD-300254,06/19/2026 20:42,Paid Search,Study Abroad Prep,South Region,Rep_07,5.11,Proposal Sent,Lost,Price Objection,1542.88,2026-08-06 00:54:19.679176
LD-300255,2025-11-17 11:43:00,Cold Outreach,K-12 Math,South Region,Rep_02,2.23,Lead,Open,,,
LD-300256,2025-07-19 14:38:00,Paid Search,Language Learning,North Region,Rep_06,3.35,Lead,Open,,,
LD-300257,2025-07-04 18:48:00,Referral,Study Abroad Prep,South Region,Rep_07,3.45,Negotiation,Lost,Went With Competitor,1361.82,2025-08-23 17:26:35.430647
LD-300258,2025-06-23 07:01:00,Paid Search,K-12 Math,East Region,Rep_09,19.55,Contacted,Open,,,
LD-300259,16-Oct-2025 07:28,Referral,K-12 Math,International,Rep_10,5.14,Closed,Won,,486.16,2025-11-22 23:23:08.220651
LD-300260,08/31/2025 07:04,Social Media,K-12 Math,East Region,Rep_04,21.02,Lead,Open,,,
LD-300261,01-Jun-2026 15:42,Social Media,Coding for Kids,South Region,Rep_07,2.6,Lead,Open,,,
LD-300262,03/21/2025 09:58,Webinar,Competitive Exam Prep,South Region,Rep_07,2.38,Contacted,Open,,,
LD-300263,05/18/2026 10:36,Cold Outreach,Competitive Exam Prep,International,Rep_05,5.84,Lead,Open,,,
LD-300264,11/10/2025 10:00,Webinar,Language Learning,North Region,Rep_01,10.12,Negotiation,Lost,Went With Competitor,379.64,2025-12-01 07:47:28.673324
LD-300265,2025-02-24 20:17:00,Referral,Competitive Exam Prep,South Region,Rep_12,1.07,Negotiation,Lost,No Response / Ghosted,"$1,113.37",2025-04-26 06:04:37.079084
LD-300266,08/07/2025 13:18,Organic Search,Coding for Kids,North Region,Rep_11,6.59,Contacted,Open,,,
LD-300267,09/19/2025 18:40,Social Media,Coding for Kids,East Region,Rep_04,7.07,Contacted,Open,,,
LD-300268,2026-03-23 07:52:00,Paid Search,K-12 Math,North Region,Rep_01,1.95,Lead,Open,,,
LD-300269,24-Oct-2025 13:41,Webinar,CODING FOR KIDS,West Region,Rep_08,2.72,Closed,Won,,530.0,2025-12-05 20:12:05.119409
LD-300270,08-Jun-2026 15:32,Social Media,Competitive Exam Prep,North Region,Rep_06,34.67,Demo Scheduled,Open,,,
LD-300271,02/20/2026 12:17,Social Media,Language Learning,East Region,Rep_14,5.71,Lead,Open,,,
LD-300272,18-Sep-2025 07:58,Social Media,Competitive Exam Prep,,Rep_02,9.01,Contacted,Open,,,
LD-300273,05/02/2025 11:47,Referral,K-12 Math,South Region,Rep_02,1.14,Contacted,Open,,,
LD-300274,06/06/2025 12:22,PPC,Language Learning,West Region,Rep_03,1.65,Lead,Open,,,
LD-300275,12/05/2025 15:12,Social Media,Study Abroad Prep,South Region,Rep_02,1.0,Lead,Open,,,
LD-300276,27-Mar-2026 12:29,Paid Search,K-12 Math,,Rep_14,4.94,Contacted,Open,,,
LD-300277,2025-11-06 08:54:00,Webinar,Competitive Exam Prep,North Region,Rep_06,12.78,Demo Completed,Lost,Price Objection,1166.84,2025-12-20 23:10:05.965017
LD-300278,2025-06-16 14:11:00,Paid Search,K12 Math,East Region,Rep_09,4.25,Contacted,Open,,,
LD-300279,2025-03-16 15:35:00,Webinar,Study Abroad Prep,West Region,Rep_08,2.5,Negotiation,Lost,No Response / Ghosted,1575.85,2025-04-16 18:28:54.618675
LD-300280,06/25/2026 09:08,Referral,Study Abroad Prep,East Region,Rep_04,4.53,Contacted,Open,,,
LD-300281,03/16/2026 12:52,Paid Search,Study Abroad Prep,East Region,Rep_14,2.22,Lead,Open,,,
LD-300282,04-Feb-2026 20:50,Social Media,Competitive Exam Prep,West Region,Rep_13,5.34,Demo Scheduled,Open,,,
LD-300283,2026-01-26 19:59:00,social media,Competitive Exam Prep,North Region,Rep_06,3.25,Contacted,Open,,,
LD-300284,2026-06-26 09:02:00,Paid Search,Coding for Kids,West Region,Rep_13,3.69,Lead,Open,,,
LD-300285,09/02/2025 20:37,SEO,coding for kids,West Region,Rep_13,3.17,Contacted,Open,,,
LD-300286,05/16/2025 10:53,Referral,Coding for Kids,East Region,Rep_04,1.45,Contacted,Open,,,
LD-300287,01/20/2025 20:14,Paid Search,K-12 Math,International,Rep_15,4.5,Contacted,Open,,,
LD-300288,10/21/2025 16:22,Social Media,Language Learning,South Region,Rep_07,3.26,Lead,Open,,,
LD-300289,03-Oct-2025 18:02,Organic Search,K-12 Math,International,Rep_15,9.39,Demo Completed,Lost,Budget Not Approved,$540.13,2025-10-26 20:06:47.448871
LD-300290,2025-01-10 12:08:00,Paid Search,Competitive Exam Prep,East Region,Rep_04,3.87,Contacted,Open,,,
LD-300291,28-Mar-2025 14:02,Cold Outreach,Coding for Kids,West Region,Rep_08,11.68,Contacted,Open,,,
LD-300292,2025-01-17 18:42:00,Organic Search,Coding for Kids,East Region,Rep_04,3.27,Demo Completed,Lost,Price Objection,680.42,2025-02-12 01:22:53.134460
LD-300293,11/21/2025 12:33,Cold Outreach,K-12 Math,South Region,Rep_02,5.56,Lead,Open,,,
LD-300294,03-Oct-2025 19:42,Webinar,Language Learning,North Region,Rep_06,7.86,Closed,Won,,$301.64,2025-11-23 15:18:26.308405
LD-300295,2025-07-20 19:56:00,Webinar,K-12 Math,South Region,Rep_02,1.9,Contacted,Open,,,
LD-300296,11-Nov-2025 15:53,Organic search,Study Abroad Prep,North Region,Rep_01,1.46,Demo Completed,Lost,Price Objection,1465.01,2025-12-05 12:45:23.604048
LD-300297,2025-03-04 10:30:00,Organic Search,Competitive Exam Prep,South Region,Rep_12,2.67,Demo Completed,Lost,Budget Not Approved,$871.83,2025-03-25 19:05:07.027937
LD-300298,10/17/2025 18:40,Organic Search,Coding for Kids,International,Rep_05,3.3,Contacted,Open,,,
LD-300299,06/04/2025 16:50,Referral,Coding for Kids,West Region,Rep_13,2.98,Contacted,Open,,,
LD-300300,04/02/2025 20:04,Organic Search,K-12 Math,South Region,Rep_07,2.66,Contacted,Open,,,
LD-300301,15-Aug-2025 18:37,Paid Search,Coding for Kids,West Region,Rep_03,2.32,Lead,Open,,,
LD-300302,2026-04-26 12:18:00,Cold Outreach,Language Learning,North Region,Rep_01,1.2,Contacted,Open,,,
LD-300303,2025-11-19 15:50:00,Partner Channel,K-12 Math,West Region,Rep_03,5.79,Demo Scheduled,Open,,,
LD-300304,01/23/2025 14:37,Organic Search,Language Learning,East Region,Rep_04,2.57,Contacted,Open,,,
LD-300305,03/25/2026 15:33,Cold Outreach,Language Learning,South Region,Rep_12,1.67,Lead,Open,,,
LD-300306,21-Jul-2025 18:37,Organic Search,K-12 Math,West Region,Rep_13,11.07,Demo Completed,Lost,Went With Competitor,$433.06,2025-08-22 10:16:36.342478
LD-300307,02/27/2026 11:14,Social Media,Competitive Exam Prep,West Region,Rep_03,3.54,Contacted,Open,,,
LD-300308,31-Dec-2025 09:52,Social Media,Coding for Kids,South Region,Rep_07,1.08,Demo Completed,Lost,Bad Timing,702.94,2026-01-25 14:54:58.559495
LD-300309,2025-02-07 18:45:00,Partner Channel,K-12  Math,East Region,Rep_09,2.38,Contacted,Open,,,
LD-300310,25-Jul-2025 20:21,Social Media,Language Learning,North Region,Rep_11,1.64,Lead,Open,,,
LD-300311,06-Jun-2025 10:17,Paid Search,Competitive Exam Prep,South Region,Rep_02,1.66,Demo Scheduled,Open,,,
LD-300312,01/07/2026 11:41,Paid Search,Coding for Kids,West Region,Rep_13,4.02,Negotiation,Lost,Price Objection,$633.84,2026-02-21 22:26:41.407173
LD-300313,2026-05-21 19:21:00,Organic Search,K-12 Math,International,Rep_05,5.65,Lead,Open,,,
LD-300314,30-Sep-2025 16:02,Paid Search,Competitive Exam Prep,South Region,Rep_02,3.06,Contacted,Open,,,
LD-300315,09/08/2025 12:36,Paid Search,Coding for Kids,South Region,Rep_12,0.7,Contacted,Open,,,
LD-300316,02/12/2026 15:57,Webinar,Study Abroad Prep,North Region,Rep_06,1.55,Proposal Sent,Lost,Price Objection,"$1,531.36",2026-03-19 00:47:34.531939
LD-300317,18-Apr-2025 12:01,Referral,Study Abroad Prep,International,Rep_05,1.44,Contacted,Open,,,
LD-300318,01-Aug-2025 09:44,Referral,Coding for Kids,International,Rep_15,6.66,Lead,Open,,,
LD-300319,06/23/2025 07:46,Organic Search,Coding for Kids,South Region,Rep_02,11.64,Closed,Won,,616.59,2025-08-04 22:19:41.743414
LD-300320,21-Mar-2025 09:27,Cold Outreach,Coding for Kids,North Region,Rep_06,1.59,Contacted,Open,,,
LD-300321,02/19/2025 09:43,Referral,Competitive Exam Prep,West Region,Rep_03,1.25,Negotiation,Lost,Bad Timing,1054.05,2025-04-02 19:23:28.386357
LD-300322,2026-06-12 18:57:00,Referral,coding for kids,South Region,Rep_02,3.6,Closed,Won,,663.66,2026-07-05 14:08:19.173247
LD-300323,11/03/2025 08:29,Paid Search,Coding for Kids,South Region,Rep_07,7.12,Demo Completed,Lost,Bad Timing,703.11,2025-11-28 08:54:47.656578
LD-300324,04/30/2025 18:03,Organic Search,Competitive Exam Prep,North Region,Rep_06,9.68,Demo Completed,Lost,Price Objection,932.87,2025-06-08 10:12:36.099416
LD-300325,2025-03-03 10:00:00,Organic Search,Coding for Kids,,Rep_01,0.72,Negotiation,Lost,Bad Timing,747.3,2025-04-22 05:53:15.522432
LD-300326,24-Mar-2026 07:15,Webinar,Study Abroad Prep,North Region,Rep_01,1.9,Closed,Won,,"$1,192.08",2026-04-23 04:18:19.150338
LD-300327,2026-04-13 13:45:00,Paid Search,K-12 Math,South Region,Rep_02,1.21,Lead,Open,,,
LD-300328,04/27/2026 09:03,Referral,K-12 Math,North Region,Rep_11,3.5,Negotiation,Lost,Price Objection,$475.55,2026-06-05 09:58:39.187536
LD-300329,06/26/2026 08:55,Partner Channel,K-12 Math,West Region,Rep_08,3.56,Contacted,Open,,,
LD-300330,03-Feb-2026 16:28,Paid Search,K-12 Math,East Region,Rep_04,9.84,Demo Completed,Lost,Price Objection,$518.64,2026-03-12 11:14:20.701813
LD-300331,2025-05-09 19:04:00,Organic Search,Competitive Exam Prep,South Region,Rep_07,4.14,Contacted,Open,,,
LD-300332,10/31/2025 19:44,Social Media,Coding for Kids,North Region,Rep_11,4.78,Proposal Sent,Lost,Went With Competitor,698.77,2025-12-05 10:21:27.622673
LD-300333,01/24/2025 13:24,Organic Search,K-12 Math,West Region,Rep_13,3.56,Negotiation,Lost,Bad Timing,595.57,2025-03-14 02:32:48.337645
LD-300334,04/13/2026 11:53,SOCIAL MEDIA,K-12 Math,North Region,Rep_11,6.83,Contacted,Open,,,
LD-300335,30-May-2025 07:01,SOCIAL MEDIA,K-12 Math,South Region,Rep_12,5.55,Contacted,Open,,,
LD-300336,10/07/2025 14:02,Organic Search,K-12 Math,North Region,Rep_06,9.86,Contacted,Open,,,
LD-300337,01/23/2026 13:20,Organic Search,K-12 Math,South Region,Rep_12,1.43,Demo Completed,Lost,Budget Not Approved,596.75,2026-02-28 19:09:37.055941
LD-300338,06/05/2026 10:42,Social Media,Language Learning,South Region,Rep_02,4.74,Contacted,Open,,,
LD-300339,07-Oct-2025 09:50,Organic Search,Competitive Exam Prep,West Region,Rep_03,2.74,Contacted,Open,,,
LD-300340,18-Mar-2025 08:57,Organic search,K-12 Math,South Region,Rep_07,1.75,Contacted,Open,,,
LD-300341,2025-08-11 17:03:00,Social Media,K-12 Math,South Region,Rep_07,1.39,Lead,Open,,,
LD-300342,07-Oct-2025 07:35,Webinar,Competitive Exam Prep,South Region,Rep_02,4.49,Closed,Won,,825.01,2025-11-14 04:34:54.352487
LD-300343,2025-06-06 14:24:00,Social Media,Competitive Exam Prep,South Region,Rep_12,4.24,Contacted,Open,,,
LD-300344,08/04/2025 16:55,Referral,K-12 Math,North Region,Rep_11,1.02,Closed,Won,,442.69,2025-09-02 04:22:40.677147
LD-300345,05/06/2026 18:20,Paid Search,K-12 Math,,Rep_07,1.39,Contacted,Open,,,
LD-300346,2025-03-19 11:57:00,Referral,Language Learning,East Region,Rep_14,1.74,Closed,Won,,$316.33,2025-04-14 03:26:12.542703
LD-300347,10/31/2025 16:21,Organic Search,Competitive Exam Prep,East Region,Rep_04,1.16,Demo Scheduled,Open,,,
LD-300348,14-Apr-2025 11:36,Paid Search,Language Learning,North Region,Rep_11,1.1,Proposal Sent,Lost,No Response / Ghosted,$348.95,2025-05-19 17:46:02.940319
LD-300349,04/04/2025 11:37,Partner Channel,K-12 Math,International,Rep_10,4.67,Closed,Won,,408.34,2025-05-21 19:55:35.901088
LD-300350,2025-11-07 17:24:00,Cold Outreach,Language Learning,,Rep_06,4.94,Lead,Open,,,
LD-300351,01/23/2026 07:14,Paid Search,K-12 Math,South Region,Rep_07,3.93,Contacted,Open,,,
LD-300352,07-Feb-2025 09:13,Social Media,Competitive Exam Prep,South Region,Rep_12,2.71,Demo Scheduled,Open,,,
LD-300353,18-Apr-2026 13:15,social media,K-12 Math,West Region,Rep_08,2.68,Closed,Won,,$580.04,2026-05-31 01:33:43.093353
LD-300354,2026-06-10 10:14:00,Paid Search,Competitive Exam Prep,North Region,Rep_11,3.12,Closed,Won,,877.44,2026-07-23 02:45:32.417294
LD-300355,2026-03-20 09:26:00,Referral,Language Learning,,Rep_08,0.6,Closed,Won,,$320.16,2026-05-04 16:27:32.944905
LD-300356,03/07/2026 08:35,Paid Search,Language Learning,South Region,Rep_07,1.19,Proposal Sent,Lost,Price Objection,$407.24,2026-04-14 16:36:07.976770
LD-300357,2026-04-06 18:02:00,Paid Search,Coding for Kids,North Region,Rep_11,1.02,Demo Completed,Lost,Price Objection,$749.48,2026-05-07 04:05:27.990861
LD-300358,2026-03-26 20:24:00,Organic Search,K-12 Math,South Region,Rep_12,1.35,Contacted,Open,,,
LD-300359,07/06/2025 17:05,Webinar,Competitive Exam Prep,North Region,Rep_01,3.24,Negotiation,Lost,No Response / Ghosted,918.69,2025-09-05 02:03:20.986160
LD-300360,05/28/2026 10:26,Paid Search,K-12  Math,East Region,Rep_04,2.0,Contacted,Open,,,
LD-300361,03-Jan-2025 20:53,Webinar,Competitive Exam Prep,East Region,Rep_09,4.05,Contacted,Open,,,
LD-300362,05/27/2025 14:36,Referral,K-12  Math,North Region,Rep_06,8.5,Contacted,Open,,,
LD-300363,2025-12-08 20:16:00,Social Media,K-12 Math,South Region,Rep_02,3.57,Demo Completed,Lost,Price Objection,590.77,2026-01-12 16:43:20.195819
LD-300364,05-May-2025 08:23,Social Media,Competitive Exam Prep,South Region,Rep_07,4.1,Contacted,Open,,,
LD-300365,25-Apr-2025 19:10,Partner Channel,Coding for Kids,West Region,Rep_08,8.43,Closed,Won,,$607.62,2025-06-06 08:22:24.818092
LD-300366,12/19/2025 09:25,Cold Outreach,Competitive Exam Prep,,Rep_04,3.98,Demo Scheduled,Open,,,
LD-300367,25-Dec-2025 11:59,Referral,Coding for Kids,North Region,Rep_01,1.88,Closed,Won,,579.5,2026-02-11 10:07:48.624524
LD-300368,2025-05-20 07:45:00,Social Media,K-12 Math,,Rep_05,2.93,Contacted,Open,,,
LD-300369,01/03/2025 19:43,Paid Search,K12 Math,South Region,Rep_12,0.87,Proposal Sent,Lost,Price Objection,549.41,2025-02-06 15:42:25.328166
LD-300370,12-Nov-2025 11:37,Paid Search,Competitive Exam Prep,West Region,Rep_13,0.57,Contacted,Open,,,
LD-300371,14-Jul-2025 12:47,Paid Search,Language Learning,West Region,Rep_13,1.43,Contacted,Open,,,
LD-300372,06/08/2026 13:55,Partner Channel,Competitive Exam Prep,International,Rep_10,4.78,Contacted,Open,,,
LD-300373,2025-08-27 12:56:00,social media,Coding for Kids,South Region,Rep_12,1.32,Contacted,Open,,,
LD-300374,2025-12-31 18:05:00,paid search,K12 Math,East Region,Rep_14,1.28,Lead,Open,,,
LD-300375,12-Jun-2026 17:32,Cold Outreach,Coding for Kids,West Region,Rep_08,2.48,Contacted,Open,,,
LD-300376,05/07/2025 12:19,Paid Search,Coding for Kids,West Region,Rep_08,0.73,Contacted,Open,,,
LD-300377,2025-07-03 17:49:00,Organic Search,K-12 Math,West Region,Rep_13,6.11,Contacted,Open,,,
LD-300378,02/03/2025 10:39,Cold Outreach,Language Learning,South Region,Rep_07,0.35,Contacted,Open,,,
LD-300379,06/30/2025 20:09,Paid Search,Coding for Kids,International,Rep_15,6.77,Lead,Open,,,
LD-300380,05/29/2025 18:47,Organic Search,Study Abroad Prep,International,Rep_15,20.42,Contacted,Open,,,
LD-300381,2025-07-30 16:08:00,COLD OUTREACH,Competitive Exam Prep,North Region,Rep_11,3.68,Demo Completed,Lost,No Response / Ghosted,1141.93,2025-09-08 06:45:45.614712
LD-300382,2025-07-05 10:38:00,Referral,Language Learning,East Region,Rep_09,1.96,Contacted,Open,,,
LD-300383,2025-12-10 10:39:00,Organic Search,K-12  Math,South Region,Rep_02,4.47,Demo Completed,Lost,No Response / Ghosted,432.18,2025-12-30 15:05:14.839229
LD-300384,2025-08-28 10:43:00,Paid Search,Coding for Kids,West Region,Rep_13,2.34,Lead,Open,,,
LD-300385,2025-01-03 08:29:00,Social Media,Coding for Kids,South Region,Rep_02,4.44,Demo Scheduled,Open,,,
LD-300386,2025-04-04 12:13:00,Paid Search,K-12 Math,North Region,Rep_11,4.59,Contacted,Open,,,
LD-300387,05/29/2025 19:22,SOCIAL MEDIA,Coding for Kids,North Region,Rep_01,2.15,Proposal Sent,Lost,Price Objection,623.86,2025-07-17 21:45:42.096116
LD-300388,2025-04-06 15:55:00,Organic Search,Language Learning,South Region,Rep_07,2.46,Contacted,Open,,,
LD-300389,01/23/2026 15:46,Partner Channel,K-12 Math,South Region,Rep_02,0.7,Closed,Won,,447.78,2026-03-02 17:40:29.797412
LD-300390,12/31/2025 07:45,Organic Search,K-12 Math,East Region,Rep_14,2.07,Proposal Sent,Lost,Budget Not Approved,547.09,2026-02-08 00:47:41.968973
LD-300391,18-Jul-2025 08:14,Referral,Language Learning,East Region,Rep_04,2.65,Proposal Sent,Lost,No Response / Ghosted,320.53,2025-08-25 22:15:49.788012
LD-300392,2026-06-21 17:09:00,Paid Search,Study Abroad Prep,North Region,Rep_06,5.52,Lead,Open,,,
LD-300393,04/02/2026 09:48,Referral,Coding for Kids,South Region,Rep_12,10.57,Proposal Sent,Lost,Price Objection,595.49,2026-05-11 08:43:41.703880
LD-300394,2025-10-30 20:55:00,Cold Outreach,Language Learning,South Region,Rep_02,5.19,Contacted,Open,,,
LD-300395,2025-08-16 19:25:00,Social Media,Competitive Exam Prep,International,Rep_10,6.26,Lead,Open,,,
LD-300396,2025-12-23 20:15:00,Referral,Coding for Kids,International,Rep_15,5.23,Contacted,Open,,,
LD-300397,2025-10-31 13:33:00,Organic search,K-12 Math,West Region,Rep_08,5.5,Proposal Sent,Lost,Price Objection,500.08,2025-12-07 07:41:52.171783
LD-300398,14-Jan-2026 20:01,Partner Channel,Competitive Exam Prep,South Region,Rep_02,3.36,Contacted,Open,,,
LD-300399,03-Mar-2025 10:56,Webinar,Coding for Kids,West Region,Rep_03,0.71,Contacted,Open,,,
LD-300400,07/14/2025 09:58,Partner Channel,K-12 Math,East Region,Rep_14,2.51,Contacted,Open,,,
LD-300401,11/04/2025 10:28,Organic Search,K-12 Math,South Region,Rep_12,0.54,Closed,Won,,495.39,2025-12-04 06:06:46.232037
LD-300402,18-Dec-2025 11:38,Cold Outreach,CODING FOR KIDS,West Region,Rep_03,5.66,Proposal Sent,Lost,Budget Not Approved,568.94,2026-01-26 09:03:04.860720
LD-300403,2025-09-23 08:46:00,Cold-Outreach,K-12 Math,South Region,Rep_12,1.78,Lead,Open,,,
LD-300404,30-May-2025 08:47,Webinar,Study Abroad Prep,East Region,Rep_04,0.36,Contacted,Open,,,
LD-300405,2025-07-14 17:10:00,Social Media,Language Learning,West Region,Rep_03,2.32,Lead,Open,,,
LD-300406,2026-05-13 20:09:00,Social Media,Competitive Exam Prep,North Region,Rep_11,5.53,Contacted,Open,,,
LD-300407,2025-11-07 19:08:00,SEO,Coding for Kids,International,Rep_05,3.07,Contacted,Open,,,
LD-300408,2025-08-26 19:54:00,Paid Search,Competitive Exam Prep,West Region,Rep_13,1.42,Demo Completed,Lost,Went With Competitor,$908.17,2025-09-21 19:28:12.976403
LD-300409,07/16/2025 17:42,Organic Search,coding for kids,International,Rep_10,1.87,Lead,Open,,,
LD-300410,02/27/2025 08:55,Partner Channel,Study Abroad Prep,North Region,Rep_01,1.24,Contacted,Open,,,
LD-300411,21-May-2026 15:21,Social Media,Coding for Kids,West Region,Rep_03,5.19,Lead,Open,,,
LD-300412,18-Nov-2025 08:24,Organic Search,Coding for Kids,,Rep_02,1.73,Lead,Open,,,
LD-300413,31-Mar-2026 08:52,Paid  Search,Coding for Kids,International,Rep_10,6.3,Proposal Sent,Lost,Bad Timing,560.1,2026-05-16 14:33:47.062935
LD-300414,09/21/2025 17:35,Paid Search,K-12 Math,International,Rep_10,0.5,Lead,Open,,,
LD-300415,2026-01-10 13:57:00,Social Media,Study Abroad Prep,East Region,Rep_14,4.82,Contacted,Open,,,
LD-300416,20-Feb-2025 16:49,Cold Outreach,Language Learning,North Region,Rep_06,10.57,Lead,Open,,,
LD-300417,2025-04-01 17:34:00,Referral,K-12  Math,South Region,Rep_02,1.42,Closed,Won,,471.79,2025-05-17 19:18:18.895083
LD-300418,01-Jul-2025 11:07,paid search,Competitive Exam Prep,South Region,Rep_12,1.71,Lead,Open,,,
LD-300419,21-May-2026 15:37,Organic Search,Coding for Kids,North Region,Rep_11,1.08,Contacted,Open,,,
LD-300420,2025-11-20 14:41:00,Organic Search,Study Abroad Prep,South Region,Rep_07,12.25,Demo Completed,Lost,Price Objection,1255.41,2026-01-03 01:22:21.005351
LD-300421,16-Apr-2026 07:19,Paid Search,Language Learning,West Region,Rep_03,2.51,Lead,Open,,,
LD-300422,04/27/2025 20:44,Cold Outreach,Competitive Exam Prep,International,Rep_10,1.36,Demo Scheduled,Open,,,
LD-300423,02-Dec-2025 08:53,Paid Search,K-12 Math,West Region,Rep_08,4.69,Closed,Won,,449.01,2025-12-27 12:49:32.560448
LD-300424,12/12/2025 16:05,Organic Search,K-12 Math,South Region,Rep_02,3.8,Contacted,Open,,,
LD-300425,2026-01-09 13:52:00,Webinar,Coding for Kids,,Rep_14,3.14,Contacted,Open,,,
LD-300426,06/26/2025 17:58,Cold Outreach,K-12 Math,South Region,Rep_02,1.37,Lead,Open,,,
LD-300427,07-Jan-2025 07:08,Paid  Search,K-12 Math,South Region,Rep_12,3.52,Demo Completed,Lost,Budget Not Approved,446.18,2025-02-10 09:36:40.637538
LD-300428,11/21/2025 18:26,Referral,K-12 Math,North Region,Rep_06,4.39,Closed,Won,,567.2,2025-12-23 05:27:05.317205
LD-300429,05-Apr-2026 16:54,Referral,Coding for Kids,North Region,Rep_01,12.89,Contacted,Open,,,
LD-300430,2025-01-12 13:20:00,Referral,K-12 Math,South Region,Rep_12,1.95,Closed,Won,,433.18,2025-02-27 09:30:27.181938
LD-300431,11/18/2025 07:28,Organic Search,Coding for Kids,North Region,Rep_11,0.99,Contacted,Open,,,
LD-300432,02/11/2025 11:36,Organic Search,K-12  Math,East Region,Rep_04,4.33,Lead,Open,,,
LD-300433,17-Mar-2025 15:47,organic search,K-12 Math,International,Rep_10,1.36,Contacted,Open,,,
LD-300434,04/08/2025 10:02,Webinar,Study Abroad Prep,International,Rep_05,1.28,Negotiation,Lost,No Response / Ghosted,"$1,239.07",2025-05-30 05:05:47.160309
LD-300435,01/22/2026 12:11,Cold Outreach,Coding for Kids,West Region,Rep_13,6.46,Lead,Open,,,
LD-300436,24-Jun-2025 16:41,Cold Outreach,K-12 Math,,Rep_08,7.08,Lead,Open,,,
LD-300437,2026-05-16 08:01:00,Referral,K-12 Math,International,Rep_15,0.74,Closed,Won,,544.9,2026-06-28 19:03:03.873483
LD-300438,11-Apr-2025 11:33,Paid Search,Study Abroad Prep,West Region,Rep_03,14.87,Lead,Open,,,
LD-300439,27-Feb-2026 16:51,Paid Search,K-12 Math,South Region,Rep_02,1.08,Contacted,Open,,,
LD-300440,10-Jan-2026 13:09,Partner Channel,Language Learning,,Rep_13,1.41,Contacted,Open,,,
LD-300441,2026-06-05 11:25:00,Partner Channel,Study Abroad Prep,South Region,Rep_07,4.04,Contacted,Open,,,
LD-300442,2026-03-13 20:01:00,Webinar,Study Abroad Prep,East Region,Rep_09,9.59,Contacted,Open,,,
LD-300443,2026-02-23 18:48:00,Cold Outreach,k-12 math,North Region,Rep_06,5.46,Lead,Open,,,
LD-300444,14-Jan-2025 12:49,Partner Channel,K-12 Math,East Region,Rep_14,3.58,Lead,Open,,,
LD-300445,10/24/2025 12:14,Social Media,Competitive Exam Prep,South Region,Rep_12,1.84,Contacted,Open,,,
LD-300446,07/24/2025 17:25,Partner Channel,Coding for Kids,South Region,Rep_12,1.13,Negotiation,Lost,Bad Timing,$670.26,2025-08-15 08:06:24.097274
LD-300447,07-Feb-2025 16:22,Paid Search,K-12 Math,West Region,Rep_03,7.77,Demo Completed,Lost,No Response / Ghosted,410.1,2025-03-11 03:37:44.918940
LD-300448,10/28/2025 13:39,Social Media,K-12 Math,North Region,Rep_01,2.09,Lead,Open,,,
LD-300449,01/24/2025 08:07,Paid Search,Study Abroad Prep,International,Rep_15,11.83,Contacted,Open,,,
LD-300450,2026-01-16 11:02:00,Referral,Coding for Kids,International,Rep_05,2.06,Contacted,Open,,,
LD-300451,04/03/2026 08:32,Paid Search,Language Learning,North Region,Rep_01,0.68,Closed,Won,,395.94,2026-05-12 05:10:17.858482
LD-300452,01/12/2026 19:26,SOCIAL MEDIA,Language Learning,North Region,Rep_11,0.62,Contacted,Open,,,
LD-300453,2025-06-13 12:41:00,Partner Channel,K-12 Math,West Region,Rep_13,2.85,Contacted,Open,,,
LD-300454,08/15/2025 07:42,Cold Outreach,Competitive Exam Prep,International,Rep_10,0.77,Demo Scheduled,Open,,,
LD-300455,2025-05-05 20:23:00,Organic Search,Competitive Exam Prep,South Region,Rep_07,13.31,Negotiation,Lost,Bad Timing,1029.88,2025-06-27 18:41:03.127494
LD-300456,11-Jan-2026 19:57,paid search,Competitive Exam Prep,,Rep_11,0.6,Closed,Won,,$885.00,2026-02-10 11:18:30.657909
LD-300457,2025-10-17 07:40:00,PPC,Language Learning,West Region,Rep_03,12.26,Demo Scheduled,Open,,,
LD-300458,24-Apr-2025 18:44,Referral,Language Learning,East Region,Rep_09,8.16,Demo Completed,Lost,No Response / Ghosted,305.29,2025-05-19 10:24:31.283341
LD-300459,2025-11-14 10:51:00,Organic Search,Language Learning,South Region,Rep_02,0.87,Contacted,Open,,,
LD-300460,16-Jan-2026 08:45,Paid Search,Competitive Exam Prep,South Region,Rep_12,0.78,Negotiation,Lost,Bad Timing,"$1,064.60",2026-02-22 00:11:46.448858
LD-300461,17-Mar-2026 17:27,Paid Search,Coding for Kids,South Region,Rep_02,4.87,Demo Completed,Lost,No Response / Ghosted,$555.86,2026-04-20 00:35:07.389610
LD-300462,13-Nov-2025 09:54,Paid Search,Study Abroad Prep,West Region,Rep_03,2.18,Contacted,Open,,,
LD-300463,02/13/2026 07:11,Paid  Search,K-12 Math,International,Rep_10,1.36,Contacted,Open,,,
LD-300464,02/17/2025 16:17,Cold-Outreach,K-12 Math,North Region,Rep_11,1.78,Contacted,Open,,,
LD-300465,2026-02-18 12:48:00,Social Media,Competitive Exam Prep,North Region,Rep_06,17.87,Proposal Sent,Lost,Price Objection,1155.87,2026-03-29 22:36:54.578043
LD-300466,11/18/2025 20:29,Partner Channel,K-12 Math,West Region,Rep_03,2.73,Closed,Won,,$493.37,2025-12-29 16:51:17.469547
LD-300467,2025-06-10 09:42:00,Paid Search,Coding for Kids,International,Rep_10,0.7,Contacted,Open,,,
LD-300468,06-Mar-2025 13:55,Partner Channel,CODING FOR KIDS,South Region,Rep_12,3.65,Contacted,Open,,,
LD-300469,2025-08-21 13:39:00,Referral,Coding for Kids,East Region,Rep_14,1.18,Demo Completed,Lost,No Response / Ghosted,$638.60,2025-09-28 14:01:30.659213
LD-300470,05/01/2026 12:03,Webinar,Study Abroad Prep,South Region,Rep_07,1.13,Contacted,Open,,,
LD-300471,04-Oct-2025 16:47,Referral,Competitive Exam Prep,North Region,Rep_11,2.89,Negotiation,Lost,Price Objection,1156.8,2025-11-05 19:19:37.712231
LD-300472,2026-01-30 18:19:00,Social Media,Coding For Kids,International,Rep_15,2.27,Demo Completed,Lost,No Response / Ghosted,566.89,2026-02-19 09:00:05.785065
LD-300473,27-Feb-2025 19:18,Partner Channel,K-12 Math,West Region,Rep_13,2.75,Contacted,Open,,,
LD-300474,06-Mar-2026 14:04,Webinar,K-12 Math,East Region,Rep_04,6.5,Demo Completed,Lost,Price Objection,508.84,2026-04-02 03:53:08.419189
LD-300475,29-May-2026 10:42,Webinar,K-12 Math,South Region,Rep_12,8.22,Contacted,Open,,,
LD-300476,10/13/2025 08:20,Cold Outreach,Coding for Kids,East Region,Rep_04,3.21,Contacted,Open,,,
LD-300477,08/29/2025 09:00,Organic Search,Language Learning,West Region,Rep_08,3.09,Closed,Won,,$397.04,2025-09-28 20:30:48.064083
LD-300478,14-Apr-2026 16:55,Paid  Search,Language Learning,West Region,Rep_13,1.62,Contacted,Open,,,
LD-300479,06/21/2025 13:23,Referral,K-12 Math,North Region,Rep_11,0.54,Closed,Won,,593.13,2025-07-30 20:40:52.720895
LD-300480,05/22/2026 14:34,Webinar,K-12 Math,North Region,Rep_11,1.45,Contacted,Open,,,
LD-300481,05/15/2026 16:41,Cold Outreach,Competitive Exam Prep,South Region,Rep_02,12.54,Lead,Open,,,
LD-300482,2026-04-17 20:32:00,Webinar,Competitive Exam Prep,South Region,Rep_02,5.92,Contacted,Open,,,
LD-300483,06-Mar-2026 16:01,Webinar,Competitive Exam Prep,South Region,Rep_02,4.81,Contacted,Open,,,
LD-300484,16-Feb-2025 07:52,Referral,Study Abroad Prep,South Region,Rep_07,16.41,Closed,Won,,"$1,363.78",2025-03-23 13:46:35.448191
LD-300485,2026-04-19 14:05:00,Webinar,K-12 Math,West Region,Rep_08,0.63,Closed,Won,,586.53,2026-05-22 10:35:33.193605
LD-300486,07/22/2025 20:25,Social Media,Coding for Kids,North Region,Rep_01,1.85,Demo Scheduled,Open,,,
LD-300487,16-Jan-2026 07:25,Social,Competitive Exam Prep,South Region,Rep_12,7.6,Lead,Open,,,
LD-300488,09/12/2025 16:20,Social Media,Study Abroad Prep,East Region,Rep_09,13.79,Contacted,Open,,,
LD-300489,11-Feb-2026 08:11,Social Media,Language Learning,West Region,Rep_03,1.61,Lead,Open,,,
LD-300490,12/05/2025 07:21,Paid Search,Competitive Exam Prep,,Rep_02,1.01,Contacted,Open,,,
LD-300491,08-Aug-2025 15:51,Social Media,Study Abroad Prep,West Region,Rep_03,0.64,Contacted,Open,,,
LD-300492,03/01/2025 08:46,Organic Search,K-12 Math,North Region,Rep_06,4.47,Contacted,Open,,,
LD-300493,05/15/2026 17:25,Paid Search,Language Learning,North Region,Rep_06,0.57,Contacted,Open,,,
LD-300494,2025-02-21 14:03:00,Paid Search,Coding for Kids,East Region,Rep_09,2.43,Lead,Open,,,
LD-300495,01/22/2026 14:33,Referral,K-12 Math,North Region,Rep_06,1.95,Contacted,Open,,,
LD-300496,10-Oct-2025 09:44,Referral,Competitive Exam Prep,South Region,Rep_07,10.79,Contacted,Open,,,
LD-300497,08-Apr-2025 11:24,Referral,Study Abroad Prep,North Region,Rep_01,0.66,Contacted,Open,,,
LD-300498,09-Feb-2026 12:16,Organic Search,Competitive Exam Prep,South Region,Rep_12,28.97,Demo Completed,Lost,Price Objection,1024.75,2026-03-13 17:24:52.476317
LD-300499,09/13/2025 17:04,Social Media,K-12 Math,South Region,Rep_12,4.45,Contacted,Open,,,
LD-300500,08-Jan-2026 14:38,Referral,Coding for Kids,East Region,Rep_14,5.02,Demo Completed,Lost,Budget Not Approved,714.89,2026-02-23 17:11:39.061088
LD-300501,05-Nov-2025 18:16,Referral,K-12 Math,North Region,Rep_11,3.35,Closed,Won,,432.34,2025-12-15 05:43:07.187638
LD-300502,03/29/2026 16:46,organic search,Language Learning,South Region,Rep_02,3.73,Contacted,Open,,,
LD-300503,02/23/2026 17:35,Social Media,Coding for Kids,South Region,Rep_07,2.45,Demo Completed,Lost,Went With Competitor,542.94,2026-04-09 12:13:41.343924
LD-300504,12-Feb-2026 14:03,Paid Search,Study Abroad Prep,North Region,Rep_06,0.81,Demo Scheduled,Open,,,
LD-300505,03/02/2026 18:14,paid search,Competitive Exam Prep,West Region,Rep_03,2.93,Lead,Open,,,
LD-300506,03/20/2026 18:04,Organic Search,K-12 Math,East Region,Rep_14,3.87,Demo Completed,Lost,Bad Timing,483.77,2026-04-15 17:44:49.741939
LD-300507,09-Mar-2025 12:43,Social Media,K-12 Math,South Region,Rep_07,5.77,Contacted,Open,,,
LD-300508,2025-10-16 13:51:00,Partner Channel,Study Abroad Prep,North Region,Rep_01,1.71,Closed,Won,,"$1,567.84",2025-11-18 12:21:16.050331
LD-300509,17-Apr-2026 17:13,Cold Outreach,Coding for Kids,North Region,Rep_01,10.12,Contacted,Open,,,
LD-300510,22-Feb-2025 17:30,Partner Channel,Study Abroad Prep,East Region,Rep_04,9.0,Lead,Open,,,
LD-300511,2026-05-22 15:35:00,Referral,K-12 Math,East Region,Rep_14,2.35,Demo Scheduled,Open,,,
LD-300512,2025-10-20 12:47:00,Webinar,K-12 Math,North Region,Rep_06,0.37,Contacted,Open,,,
LD-300513,12/26/2025 14:10,Social Media,Study Abroad Prep,West Region,Rep_03,1.12,Contacted,Open,,,
LD-300514,2025-08-23 07:28:00,Organic Search,Coding For Kids,West Region,Rep_08,2.36,Contacted,Open,,,
LD-300515,07/31/2025 11:16,Partner Channel,Language Learning,South Region,Rep_07,0.88,Closed,Won,,310.96,2025-09-09 09:14:58.953227
LD-300516,12/19/2025 09:04,Paid Search,Competitive Exam Prep,International,Rep_15,1.53,Contacted,Open,,,
LD-300517,02/12/2025 09:25,Paid Search,Coding for Kids,South Region,Rep_07,1.41,Contacted,Open,,,
LD-300518,2026-01-16 10:24:00,Paid Search,Competitive Exam Prep,South Region,Rep_07,6.42,Contacted,Open,,,
LD-300519,2025-12-11 11:18:00,Organic Search,Study Abroad Prep,North Region,Rep_01,1.91,Demo Completed,Lost,Price Objection,1623.03,2025-12-31 20:01:20.508679
LD-300520,2026-06-01 14:51:00,Social Media,K-12 Math,International,Rep_10,4.04,Lead,Open,,,
LD-300521,02-Feb-2026 15:04,Paid Search,K-12 Math,East Region,Rep_14,3.52,Lead,Open,,,
LD-300522,11-Nov-2025 15:57,Cold Outreach,Coding for Kids,North Region,Rep_11,1.06,Demo Scheduled,Open,,,
LD-300523,23-Dec-2025 07:11,Social Media,k-12 math,East Region,Rep_14,0.76,Demo Scheduled,Open,,,
LD-300524,12/02/2025 09:15,Organic Search,Language Learning,South Region,Rep_12,5.99,Contacted,Open,,,
LD-300525,2025-03-05 16:15:00,Cold Outreach,Language Learning,North Region,Rep_01,0.57,Contacted,Open,,,
LD-300526,04/07/2025 11:41,Organic Search,Coding For Kids,East Region,Rep_14,2.28,Contacted,Open,,,
LD-300527,20-Jun-2025 11:15,Partner Channel,K-12 Math,East Region,Rep_09,1.3,Negotiation,Lost,Went With Competitor,583.41,2025-08-04 16:51:32.881325
LD-300528,09/15/2025 10:04,social media,Coding for Kids,South Region,Rep_12,5.28,Contacted,Open,,,
LD-300529,25-Dec-2025 13:31,Cold Outreach,Coding for Kids,West Region,Rep_03,1.56,Demo Scheduled,Open,,,
LD-300530,01/07/2026 16:22,Paid Search,K-12 Math,South Region,Rep_12,1.86,Demo Completed,Lost,Price Objection,555.39,2026-02-17 21:18:04.832909
LD-300531,04-Mar-2026 14:58,Social Media,K-12 Math,North Region,Rep_11,5.07,Contacted,Open,,,
LD-300532,2025-01-31 07:32:00,Referral,Competitive Exam Prep,North Region,Rep_01,5.84,Negotiation,Lost,Went With Competitor,963.09,2025-03-20 00:43:22.185399
LD-300533,2025-02-18 14:45:00,SEO,Language Learning,International,Rep_05,5.34,Contacted,Open,,,
LD-300534,02/08/2025 20:51,Referral,K-12 Math,South Region,Rep_07,3.1,Contacted,Open,,,
LD-300535,01-Feb-2025 11:41,Social Media,Coding for Kids,South Region,Rep_07,5.57,Demo Completed,Lost,Went With Competitor,$655.38,2025-03-07 12:06:26.942769
LD-300536,2026-04-29 17:31:00,Referral,K-12 Math,North Region,Rep_06,1.95,Lead,Open,,,
LD-300537,2026-01-16 08:57:00,Referral,K-12 Math,West Region,Rep_13,5.53,Closed,Won,,493.05,2026-03-03 15:58:48.634542
LD-300538,24-Oct-2025 13:27,Social Media,K-12 Math,West Region,Rep_08,2.43,Contacted,Open,,,
LD-300539,13-May-2026 17:29,Cold-Outreach,K-12 Math,International,Rep_15,3.58,Lead,Open,,,
LD-300540,06/22/2026 10:52,Social Media,K-12 Math,West Region,Rep_08,0.44,Contacted,Open,,,
LD-300541,03/19/2025 08:26,Paid Search,Coding for Kids,West Region,Rep_08,2.73,Contacted,Open,,,
LD-300542,30-May-2025 20:33,Webinar,Competitive Exam Prep,International,Rep_15,4.43,Contacted,Open,,,
LD-300543,01-Oct-2025 16:01,Organic Search,Study Abroad Prep,International,Rep_15,3.11,Demo Completed,Lost,Price Objection,1502.97,2025-11-03 13:57:58.187043
LD-300544,2026-05-08 10:23:00,Organic Search,Competitive Exam Prep,West Region,Rep_13,11.25,Closed,Won,,916.39,2026-06-27 05:50:22.949311
LD-300545,13-May-2025 08:58,Referral,Coding for Kids,West Region,Rep_03,2.18,Negotiation,Lost,Went With Competitor,667.66,2025-07-07 23:51:54.041156
LD-300546,06/24/2025 11:27,Referral,Study Abroad Prep,West Region,Rep_08,3.15,Closed,Won,,"$1,716.36",2025-08-01 16:19:15.367679
LD-300547,10/22/2025 14:28,Paid Search,Study Abroad Prep,West Region,Rep_13,1.17,Contacted,Open,,,
LD-300548,27-May-2025 07:09,Organic Search,Coding for Kids,South Region,Rep_12,2.92,Contacted,Open,,,
LD-300549,04/17/2026 07:17,Webinar,Language Learning,North Region,Rep_11,2.48,Contacted,Open,,,
LD-300550,12/19/2025 12:17,COLD OUTREACH,Study Abroad Prep,South Region,Rep_02,0.95,Demo Scheduled,Open,,,
LD-300551,25-Oct-2025 12:58,Paid Search,Competitive Exam Prep,East Region,Rep_09,7.1,Contacted,Open,,,
LD-300552,01/31/2025 12:31,Social Media,Study Abroad Prep,West Region,Rep_13,1.78,Negotiation,Lost,Went With Competitor,1484.26,2025-03-11 13:20:23.682892
LD-300553,2025-03-24 13:02:00,Referral,Language Learning,South Region,Rep_12,2.51,Negotiation,Lost,Went With Competitor,395.38,2025-05-13 16:29:28.031484
LD-300554,06/18/2026 17:44,SEO,Language Learning,West Region,Rep_03,2.41,Demo Completed,Lost,Bad Timing,383.12,2026-08-01 00:14:51.620342
LD-300555,22-Jan-2025 10:34,Organic Search,K-12 Math,International,Rep_10,15.1,Contacted,Open,,,
LD-300556,01/30/2025 17:53,Paid Search,Language Learning,North Region,Rep_06,2.01,Contacted,Open,,,
LD-300557,01/22/2025 12:39,Cold-Outreach,Language Learning,East Region,Rep_14,3.23,Demo Scheduled,Open,,,
LD-300558,05/24/2026 08:01,Cold Outreach,Competitive Exam Prep,,Rep_03,4.28,Lead,Open,,,
LD-300559,02-May-2025 13:02,Referral,Language Learning,,Rep_08,4.82,Closed,Won,,394.76,2025-06-15 02:12:05.063021
LD-300560,15-May-2026 14:06,Organic Search,Language Learning,North Region,Rep_06,10.59,Contacted,Open,,,
LD-300561,12/26/2025 15:09,Cold Outreach,Language Learning,West Region,Rep_13,2.22,Contacted,Open,,,
LD-300562,07-Sep-2025 10:30,Partner Channel,Coding for Kids,South Region,Rep_07,0.9,Contacted,Open,,,
LD-300563,24-Jun-2025 16:45,Referral,Study Abroad Prep,West Region,Rep_13,1.17,Negotiation,Lost,No Response / Ghosted,1498.8,2025-08-13 13:59:05.990214
LD-300564,20-Jan-2025 16:54,Paid Search,K-12 Math,West Region,Rep_13,14.6,Lead,Open,,,
LD-300565,07/31/2025 12:14,Organic Search,K-12 Math,North Region,Rep_06,5.08,Lead,Open,,,
LD-300566,2025-06-01 08:55:00,Paid Search,K-12 Math,East Region,Rep_04,2.81,Contacted,Open,,,
LD-300567,01/08/2025 20:46,SEO,K-12 Math,West Region,Rep_08,1.46,Closed,Won,,533.08,2025-02-13 12:58:24.852338
LD-300568,26-Mar-2026 18:21,Partner Channel,Coding for Kids,South Region,Rep_02,2.86,Closed,Won,,565.02,2026-04-19 02:07:20.132946
LD-300569,19-Jun-2026 19:27,Referral,K-12 Math,North Region,Rep_11,3.37,Contacted,Open,,,
LD-300570,17-Jan-2025 19:14,Social Media,K-12 Math,West Region,Rep_03,1.98,Lead,Open,,,
LD-300571,25-Jul-2025 07:16,Paid Search,Competitive Exam Prep,South Region,Rep_02,1.55,Negotiation,Lost,Price Objection,1183.15,2025-08-26 00:23:28.562967
LD-300572,2025-03-28 09:46:00,SOCIAL MEDIA,Coding for Kids,South Region,Rep_02,1.13,Demo Scheduled,Open,,,
LD-300573,04/26/2025 14:07,Social Media,K12 Math,International,Rep_10,2.13,Lead,Open,,,
LD-300574,05/12/2026 14:49,Social Media,K-12 Math,East Region,Rep_14,1.23,Contacted,Open,,,
LD-300575,04-Jul-2025 20:24,Partner Channel,Language Learning,International,Rep_05,1.2,Contacted,Open,,,
LD-300576,2026-03-07 11:45:00,Referral,k-12 math,South Region,Rep_02,6.36,Closed,Won,,448.04,2026-04-16 14:38:29.730514
LD-300577,06/03/2026 07:06,Referral,Competitive Exam Prep,West Region,Rep_13,7.62,Contacted,Open,,,
LD-300578,02/11/2026 11:12,Organic Search,Competitive Exam Prep,West Region,Rep_03,1.17,Contacted,Open,,,
LD-300579,08-Jun-2026 16:22,Referral,Language Learning,International,Rep_10,8.18,Negotiation,Lost,No Response / Ghosted,364.46,2026-07-27 19:12:44.154411
LD-300580,2025-07-24 11:39:00,Paid Search,Competitive Exam Prep,West Region,Rep_13,1.17,Closed,Won,,1066.47,2025-09-03 16:46:39.280280
LD-300581,02/04/2026 08:05,Social,K-12 Math,East Region,Rep_04,1.12,Contacted,Open,,,
LD-300582,17-Apr-2026 10:37,Webinar,Study Abroad Prep,North Region,Rep_01,2.32,Contacted,Open,,,
LD-300583,2026-01-30 16:46:00,Social Media,Study Abroad Prep,North Region,Rep_11,2.1,Contacted,Open,,,
LD-300584,12-May-2025 16:11,Webinar,Coding for Kids,South Region,Rep_07,12.08,Contacted,Open,,,
LD-300585,19-Jun-2026 17:57,Social Media,Coding for Kids,International,Rep_05,4.0,Contacted,Open,,,
LD-300586,2025-01-03 10:16:00,Organic Search,coding for kids,International,Rep_10,1.02,Contacted,Open,,,
LD-300587,2026-01-19 15:34:00,Referral,K-12 Math,South Region,Rep_12,0.69,Closed,Won,,$438.87,2026-02-19 16:21:24.024216
LD-300588,08/21/2025 15:13,SOCIAL MEDIA,Competitive Exam Prep,West Region,Rep_03,1.65,Lead,Open,,,
LD-300589,2025-01-29 15:33:00,Webinar,K-12 Math,East Region,Rep_09,5.47,Negotiation,Lost,No Response / Ghosted,499.53,2025-03-11 18:41:38.089811
LD-300590,19-Aug-2025 18:28,Partner Channel,Competitive Exam Prep,South Region,Rep_12,10.84,Contacted,Open,,,
LD-300591,2025-12-19 13:12:00,SOCIAL MEDIA,K-12 Math,North Region,Rep_06,4.6,Contacted,Open,,,
LD-300592,08/31/2025 16:25,Organic Search,Competitive Exam Prep,East Region,Rep_09,1.34,Contacted,Open,,,
LD-300593,2025-06-02 07:44:00,Cold Outreach,K-12 Math,North Region,Rep_01,0.3,Lead,Open,,,
LD-300594,2026-03-13 15:07:00,Partner Channel,K-12 Math,North Region,Rep_01,2.85,Proposal Sent,Lost,Price Objection,$478.25,2026-04-09 16:06:39.244104
LD-300595,2026-03-19 10:32:00,Partner Channel,K-12 Math,East Region,Rep_04,2.49,Contacted,Open,,,
LD-300596,03-Dec-2025 14:22,Paid Search,Study Abroad Prep,West Region,Rep_03,3.63,Lead,Open,,,
LD-300597,26-Feb-2025 10:46,Cold Outreach,Competitive Exam Prep,South Region,Rep_02,8.02,Lead,Open,,,
LD-300598,2025-05-30 19:59:00,Referral,K-12 Math,South Region,Rep_12,1.51,Contacted,Open,,,
LD-300599,2025-03-14 10:02:00,Cold Outreach,Competitive Exam Prep,South Region,Rep_07,6.97,Contacted,Open,,,
LD-300600,03/09/2026 13:40,Partner Channel,Language Learning,West Region,Rep_08,8.4,Closed,Won,,$358.06,2026-04-14 21:26:30.181277
LD-300601,25-May-2025 20:10,COLD OUTREACH,K-12 Math,West Region,Rep_03,10.47,Contacted,Open,,,
LD-300602,03-Feb-2026 13:25,Social Media,K-12 Math,East Region,Rep_09,6.31,Lead,Open,,,
LD-300603,07/16/2025 20:59,Cold Outreach,Coding for Kids,South Region,Rep_12,5.51,Lead,Open,,,
LD-300604,05/09/2025 08:03,Social Media,K-12 Math,South Region,Rep_12,2.85,Contacted,Open,,,
LD-300605,27-Mar-2026 19:05,Referral,K-12 Math,West Region,Rep_13,3.12,Closed,Won,,$466.69,2026-05-01 19:03:54.391266
LD-300606,2026-04-03 11:24:00,Social,K-12 Math,International,Rep_05,3.71,Contacted,Open,,,
LD-300607,11-Apr-2025 17:51,Organic Search,Language Learning,East Region,Rep_04,3.4,Contacted,Open,,,
LD-300608,04/21/2025 08:23,Webinar,Coding for Kids,North Region,Rep_11,0.98,Lead,Open,,,
LD-300609,2026-04-23 20:40:00,Webinar,Competitive Exam Prep,East Region,Rep_14,2.05,Proposal Sent,Lost,Price Objection,978.18,2026-06-04 11:52:04.986461
LD-300610,03/31/2026 10:53,Referral,K-12 Math,West Region,Rep_03,1.31,Closed,Won,,513.79,2026-05-16 20:06:04.907754
LD-300611,03/06/2025 08:44,Paid Search,K-12 Math,North Region,Rep_11,0.72,Closed,Won,,$596.88,2025-04-12 11:54:02.800424
LD-300612,07/14/2025 17:12,Cold Outreach,Competitive Exam Prep,International,Rep_05,0.99,Contacted,Open,,,
LD-300613,2025-01-27 10:35:00,Referral,Competitive Exam Prep,East Region,Rep_09,0.84,Negotiation,Lost,Price Objection,841.83,2025-03-08 11:19:16.515482
LD-300614,02/27/2026 14:28,Organic Search,Coding for Kids,South Region,Rep_07,3.95,Proposal Sent,Lost,Budget Not Approved,$595.59,2026-04-12 08:49:25.405813
LD-300615,2026-03-11 11:56:00,social media,K-12 Math,East Region,Rep_14,2.91,Contacted,Open,,,
LD-300616,2025-10-17 07:40:00,Social Media,K-12 Math,,Rep_15,1.9,Proposal Sent,Lost,Bad Timing,561.44,2025-11-19 03:12:47.308301
LD-300617,2025-12-09 18:22:00,Paid Search,K-12 Math,East Region,Rep_14,2.72,Contacted,Open,,,
LD-300618,15-May-2026 10:34,Social Media,Coding for Kids,West Region,Rep_13,7.88,Contacted,Open,,,
LD-300619,06/27/2026 15:57,Webinar,Competitive Exam Prep,South Region,Rep_12,1.26,Contacted,Open,,,
LD-300620,06-Jun-2025 08:09,Paid Search,Study Abroad Prep,West Region,Rep_13,0.81,Contacted,Open,,,
LD-300621,08/07/2025 12:45,Organic Search,k-12 math,West Region,Rep_03,3.23,Contacted,Open,,,
LD-300622,13-Aug-2025 10:16,Referral,Competitive Exam Prep,International,Rep_05,1.99,Contacted,Open,,,
LD-300623,2025-09-15 09:13:00,Social Media,K-12 Math,South Region,Rep_07,3.93,Lead,Open,,,
LD-300624,10-Dec-2025 09:34,Paid Search,Coding for Kids,North Region,Rep_01,2.17,Contacted,Open,,,
LD-300625,21-Jun-2025 20:19,Social Media,K-12 Math,South Region,Rep_07,6.87,Contacted,Open,,,
LD-300626,15-May-2026 12:10,Social Media,K-12 Math,,Rep_07,1.58,Contacted,Open,,,
LD-300627,2025-01-24 14:14:00,Webinar,Study Abroad Prep,West Region,Rep_08,0.92,Contacted,Open,,,
LD-300628,02-Jan-2026 07:11,Cold Outreach,Coding for Kids,North Region,Rep_11,1.5,Proposal Sent,Lost,Bad Timing,629.81,2026-02-04 15:12:45.447880
LD-300629,2025-10-10 10:33:00,Organic Search,K-12 Math,South Region,Rep_12,7.66,Closed,Won,,430.24,2025-11-18 00:22:05.065748
LD-300630,2026-05-04 15:35:00,Webinar,Study Abroad Prep,West Region,Rep_13,1.73,Negotiation,Lost,Bad Timing,1481.49,2026-06-29 11:47:33.254683
LD-300631,06-Mar-2025 08:15,Referral,Coding for Kids,South Region,Rep_07,2.02,Closed,Won,,701.93,2025-04-13 01:37:40.396887
LD-300632,22-May-2025 16:59,Webinar,Language Learning,North Region,Rep_11,14.14,Closed,Won,,347.48,2025-07-02 13:16:27.291159
LD-300633,2025-11-18 09:59:00,Referral,Study Abroad Prep,East Region,Rep_09,7.72,Lead,Open,,,
LD-300634,16-May-2025 16:52,Organic Search,Coding for Kids,South Region,Rep_02,1.32,Contacted,Open,,,
LD-300635,2026-03-06 07:00:00,Organic Search,Competitive Exam Prep,South Region,Rep_07,2.01,Contacted,Open,,,
LD-300636,13-May-2026 15:03,Organic Search,Language Learning,North Region,Rep_06,3.92,Demo Completed,Lost,Price Objection,313.21,2026-06-14 23:48:22.832665
LD-300637,17-Mar-2026 16:39,Organic Search,Competitive Exam Prep,International,Rep_05,5.86,Demo Scheduled,Open,,,
LD-300638,26-Jun-2026 07:08,Partner Channel,K-12 Math,East Region,Rep_14,4.66,Negotiation,Lost,No Response / Ghosted,579.67,2026-08-07 12:52:26.170309
LD-300639,03/27/2025 14:03,Organic search,Language Learning,West Region,Rep_03,2.07,Contacted,Open,,,
LD-300640,10-Feb-2025 11:23,Paid Search,K-12 Math,North Region,Rep_11,5.35,Proposal Sent,Lost,Bad Timing,562.66,2025-03-12 13:28:27.674292
LD-300641,2026-02-17 19:49:00,PPC,K-12 Math,North Region,Rep_06,3.29,Contacted,Open,,,
LD-300642,2026-03-19 11:23:00,SEO,Study Abroad Prep,South Region,Rep_07,1.11,Contacted,Open,,,
LD-300643,11/28/2025 12:31,Social Media,Language Learning,South Region,Rep_02,1.02,Demo Completed,Lost,Price Objection,330.68,2026-01-01 21:41:39.890870
LD-300644,25-Apr-2025 20:38,Organic Search,K-12 Math,North Region,Rep_11,1.74,Negotiation,Lost,Price Objection,449.19,2025-06-16 00:26:31.157656
LD-300645,22-Mar-2026 09:07,Partner Channel,Competitive Exam Prep,East Region,Rep_09,3.62,Lead,Open,,,
LD-300646,29-Jul-2025 12:22,Organic Search,Competitive Exam Prep,South Region,Rep_07,0.85,Closed,Won,,1069.7,2025-09-07 18:49:18.085448
LD-300647,04-May-2025 20:06,Organic Search,Study Abroad Prep,,Rep_14,5.01,Lead,Open,,,
LD-300648,04/27/2025 20:39,Cold Outreach,Language Learning,East Region,Rep_14,1.88,Contacted,Open,,,
LD-300649,01/21/2025 07:26,Partner Channel,Study Abroad Prep,North Region,Rep_06,7.26,Demo Completed,Lost,Price Objection,"$1,721.73",2025-02-19 05:56:17.315317
LD-300650,2026-03-12 13:07:00,Partner Channel,Competitive Exam Prep,East Region,Rep_09,21.43,Contacted,Open,,,
LD-300651,02/21/2026 07:44,Webinar,Language Learning,West Region,Rep_13,7.31,Contacted,Open,,,
LD-300652,2025-04-10 13:33:00,Paid Search,Competitive Exam Prep,South Region,Rep_02,2.73,Contacted,Open,,,
LD-300653,2026-05-16 12:00:00,Organic Search,Coding for Kids,West Region,Rep_08,4.32,Closed,Won,,581.33,2026-06-29 04:25:04.098707
LD-300654,02-May-2026 08:06,Organic Search,Language Learning,East Region,Rep_14,6.31,Lead,Open,,,
LD-300655,06/06/2025 12:38,organic search,Coding for Kids,West Region,Rep_08,3.16,Closed,Won,,589.26,2025-07-09 23:53:18.393234
LD-300656,2026-03-17 12:13:00,Social Media,Language Learning,North Region,Rep_11,4.3,Demo Completed,Lost,Budget Not Approved,307.98,2026-04-14 05:32:11.181340
LD-300657,06/13/2025 16:07,Referral,Coding for Kids,International,Rep_10,2.83,Demo Completed,Lost,Price Objection,678.66,2025-07-22 15:34:49.789455
LD-300658,2025-03-17 17:44:00,Cold Outreach,Language Learning,West Region,Rep_13,10.99,Contacted,Open,,,
LD-300659,05/19/2026 13:53,Paid Search,Competitive Exam Prep,South Region,Rep_07,4.76,Closed,Won,,1019.93,2026-06-22 10:40:10.239941
LD-300660,31-Dec-2025 07:06,Organic Search,Study Abroad Prep,West Region,Rep_13,2.25,Contacted,Open,,,
LD-300661,10-Jan-2025 12:34,Organic Search,Language Learning,,Rep_05,4.68,Contacted,Open,,,
LD-300662,10-Feb-2025 13:37,Paid Search,Language Learning,South Region,Rep_07,2.73,Demo Completed,Lost,Price Objection,$334.92,2025-03-15 00:00:12.032926
LD-300663,01/25/2026 15:43,Cold Outreach,K-12 Math,West Region,Rep_08,1.93,Lead,Open,,,
LD-300664,07/07/2025 14:57,Organic Search,Competitive Exam Prep,South Region,Rep_07,17.53,Closed,Won,,881.6,2025-09-04 17:06:47.907700
LD-300665,16-Oct-2025 19:09,Cold Outreach,Coding for Kids,West Region,Rep_03,2.78,Negotiation,Lost,Bad Timing,553.16,2025-11-22 00:16:22.380838
LD-300666,03/21/2025 16:01,Partner Channel,Coding for Kids,West Region,Rep_13,6.14,Contacted,Open,,,
LD-300667,31-Jan-2025 17:36,Organic Search,Coding for Kids,South Region,Rep_07,8.17,Contacted,Open,,,
LD-300668,19-Mar-2025 11:11,Paid Search,Competitive Exam Prep,North Region,Rep_01,6.79,Lead,Open,,,
LD-300669,28-Jun-2026 12:31,Paid Search,Study Abroad Prep,South Region,Rep_07,0.91,Demo Completed,Lost,No Response / Ghosted,1719.14,2026-07-23 12:09:34.253773
LD-300670,2025-03-13 14:14:00,Webinar,Study Abroad Prep,North Region,Rep_01,2.86,Closed,Won,,1280.65,2025-04-29 15:45:44.994600
LD-300671,08/08/2025 09:22,Social Media,K-12 Math,South Region,Rep_12,9.65,Contacted,Open,,,
LD-300672,06/02/2025 15:09,Partner Channel,Language Learning,South Region,Rep_12,3.25,Negotiation,Lost,Bad Timing,305.04,2025-08-13 05:01:20.380816
LD-300673,2025-11-02 19:39:00,Referral,Competitive Exam Prep,West Region,Rep_08,0.6,Closed,Won,,1102.39,2025-12-21 17:33:32.725674
LD-300674,01/27/2025 18:42,Paid Search,Coding for Kids,South Region,Rep_12,2.24,Contacted,Open,,,
LD-300675,2025-12-05 13:30:00,Referral,Coding for Kids,South Region,Rep_07,2.18,Closed,Won,,540.75,2026-01-25 08:03:09.064326
LD-300676,06-Feb-2026 20:55,Social,Coding for Kids,North Region,Rep_11,3.2,Lead,Open,,,
LD-300677,2025-01-17 07:01:00,Paid Search,Study Abroad Prep,,Rep_14,2.83,Lead,Open,,,
LD-300678,03/03/2026 07:14,Social Media,Study Abroad Prep,North Region,Rep_06,1.57,Contacted,Open,,,
LD-300679,01/23/2026 18:38,Social Media,Study Abroad Prep,North Region,Rep_11,7.36,Contacted,Open,,,
LD-300680,10-Jun-2025 19:26,Referral,Competitive Exam Prep,North Region,Rep_01,3.77,Closed,Won,,$857.04,2025-07-22 18:49:13.206024
LD-300681,19-Mar-2026 20:42,Organic Search,Competitive Exam Prep,International,Rep_10,5.84,Contacted,Open,,,
LD-300682,15-Jun-2026 12:58,Paid Search,Competitive Exam Prep,East Region,Rep_04,1.99,Lead,Open,,,
LD-300683,2025-04-04 20:12:00,Paid Search,Competitive Exam Prep,West Region,Rep_13,4.39,Lead,Open,,,
LD-300684,05-Mar-2025 18:22,Webinar,Competitive Exam Prep,East Region,Rep_04,3.83,Demo Completed,Lost,Budget Not Approved,849.01,2025-04-06 20:34:09.699157
LD-300685,2025-10-13 20:05:00,Organic search,Coding for Kids,West Region,Rep_13,2.54,Closed,Won,,578.13,2025-11-06 04:43:45.688905
LD-300686,10-Mar-2026 18:11,Webinar,Coding for Kids,North Region,Rep_01,2.93,Contacted,Open,,,
LD-300687,2025-12-20 07:52:00,Organic Search,Language Learning,South Region,Rep_02,1.91,Contacted,Open,,,
LD-300688,01/23/2026 19:40,Cold-Outreach,K-12 Math,,Rep_11,2.24,Contacted,Open,,,
LD-300689,2025-12-08 17:36:00,Partner Channel,Coding for Kids,East Region,Rep_14,0.34,Contacted,Open,,,
LD-300690,2026-05-15 12:32:00,Paid Search,Language Learning,South Region,Rep_02,6.73,Lead,Open,,,
LD-300691,2026-02-05 17:49:00,PPC,K-12 Math,South Region,Rep_12,2.37,Lead,Open,,,
LD-300692,23-Feb-2026 09:52,Paid Search,Coding for Kids,South Region,Rep_07,10.7,Proposal Sent,Lost,Price Objection,741.62,2026-03-31 09:21:06.630755
LD-300693,2026-01-30 09:36:00,Social Media,Study Abroad Prep,South Region,Rep_12,3.05,Demo Scheduled,Open,,,
LD-300694,12/16/2025 20:16,Referral,K-12 Math,International,Rep_10,11.66,Contacted,Open,,,
LD-300695,05/06/2026 11:23,Partner Channel,K-12 Math,South Region,Rep_02,1.28,Contacted,Open,,,
LD-300696,09/22/2025 15:59,Organic Search,Competitive Exam Prep,,Rep_06,3.92,Closed,Won,,1070.84,2025-11-11 06:35:02.045508
LD-300697,08/20/2025 10:04,Organic Search,Competitive Exam Prep,West Region,Rep_03,1.14,Lead,Open,,,
LD-300698,01/22/2026 07:56,Organic Search,Study Abroad Prep,North Region,Rep_11,1.3,Demo Completed,Lost,Price Objection,1208.23,2026-02-22 08:35:29.131152
LD-300699,2026-04-17 08:04:00,Social Media,Study Abroad Prep,International,Rep_10,5.63,Lead,Open,,,
LD-300700,02/06/2026 18:07,Social Media,Coding for Kids,South Region,Rep_12,1.52,Lead,Open,,,
LD-300701,2026-06-05 11:50:00,Cold Outreach,K-12 Math,South Region,Rep_07,2.95,Contacted,Open,,,
LD-300702,2025-01-31 08:55:00,Social Media,Competitive Exam Prep,South Region,Rep_07,8.62,Lead,Open,,,
LD-300703,03/19/2026 17:18,Cold Outreach,Study Abroad Prep,North Region,Rep_11,1.6,Contacted,Open,,,
LD-300704,02/16/2025 09:45,Organic Search,Coding for Kids,International,Rep_15,3.62,Contacted,Open,,,
LD-300705,24-Mar-2025 15:29,Partner Channel,K-12 Math,North Region,Rep_11,3.13,Contacted,Open,,,
LD-300706,17-Jan-2025 11:43,Partner Channel,K-12 Math,South Region,Rep_07,30.84,Contacted,Open,,,
LD-300707,2025-10-05 09:34:00,Paid Search,K-12 Math,West Region,Rep_03,1.53,Closed,Won,,479.46,2025-11-12 02:36:14.550855
LD-300708,07/27/2025 20:38,Paid Search,Competitive Exam Prep,International,Rep_05,3.91,Lead,Open,,,
LD-300709,16-May-2025 14:05,Referral,Coding for Kids,North Region,Rep_01,0.71,Contacted,Open,,,
LD-300710,18-Jul-2025 09:17,Organic Search,Competitive Exam Prep,South Region,Rep_12,4.95,Negotiation,Lost,Price Objection,1149.79,2025-08-21 02:18:24.442136
LD-300711,22-May-2026 09:28,Referral,Competitive Exam Prep,International,Rep_10,7.25,Contacted,Open,,,
LD-300712,24-Jul-2025 10:33,SOCIAL MEDIA,Study Abroad Prep,North Region,Rep_11,7.21,Lead,Open,,,
LD-300713,2026-03-01 16:41:00,Webinar,K-12 Math,International,Rep_05,0.96,Contacted,Open,,,
LD-300714,01/20/2026 12:25,Social Media,Study Abroad Prep,North Region,Rep_01,2.33,Closed,Won,,1549.27,2026-03-03 05:01:11.896500
LD-300715,01/20/2026 08:06,Social Media,Language Learning,East Region,Rep_04,9.11,Lead,Open,,,
LD-300716,2025-12-29 07:45:00,Referral,Study Abroad Prep,North Region,Rep_11,0.87,Contacted,Open,,,
LD-300717,06/06/2025 16:20,Webinar,Coding for Kids,,Rep_11,2.57,Negotiation,Lost,Price Objection,619.44,2025-07-14 15:09:54.005552
LD-300718,04-Jun-2025 12:22,Webinar,Competitive Exam Prep,South Region,Rep_02,1.2,Lead,Open,,,
LD-300719,01/05/2026 11:21,Paid Search,Language Learning,South Region,Rep_12,4.58,Closed,Won,,413.78,2026-02-12 01:32:17.038115
LD-300720,2025-09-04 11:59:00,Organic search,Competitive Exam Prep,West Region,Rep_03,12.66,Closed,Won,,1019.73,2025-10-16 16:46:51.745421
LD-300721,2025-08-15 07:17:00,Paid Search,K-12  Math,West Region,Rep_08,4.99,Contacted,Open,,,
LD-300722,11/20/2025 12:49,Organic search,Language Learning,South Region,Rep_12,0.45,Closed,Won,,$385.49,2025-12-19 13:51:14.229990
LD-300723,2026-05-31 17:49:00,Paid Search,Coding for Kids,West Region,Rep_13,4.51,Contacted,Open,,,
LD-300724,08-Jan-2026 15:53,Paid Search,Language Learning,North Region,Rep_06,17.94,Contacted,Open,,,
LD-300725,2025-07-05 16:18:00,Referral,Language Learning,International,Rep_15,1.25,Closed,Won,,336.09,2025-08-12 10:15:48.524078
LD-300726,01/29/2025 20:58,Partner Channel,Language Learning,East Region,Rep_04,9.57,Lead,Open,,,
LD-300727,10/19/2025 10:34,Referral,Coding for Kids,North Region,Rep_11,2.04,Contacted,Open,,,
LD-300728,12-Nov-2025 18:22,SOCIAL MEDIA,Coding For Kids,,Rep_10,4.28,Lead,Open,,,
LD-300729,2025-11-21 18:45:00,Partner Channel,Language Learning,International,Rep_05,1.77,Contacted,Open,,,
LD-300730,2026-05-05 17:26:00,Social Media,Competitive Exam Prep,International,Rep_10,5.25,Negotiation,Lost,Price Objection,896.81,2026-06-01 21:27:41.636544
LD-300731,2026-05-26 17:16:00,Webinar,K-12 Math,East Region,Rep_14,7.6,Proposal Sent,Lost,Bad Timing,414.22,2026-07-03 08:28:39.750134
LD-300732,2026-01-06 16:00:00,Social Media,K-12 Math,South Region,Rep_12,2.14,Contacted,Open,,,
LD-300733,09/24/2025 19:53,COLD OUTREACH,K-12 Math,West Region,Rep_03,8.08,Lead,Open,,,
LD-300734,12-Sep-2025 11:09,Partner Channel,Competitive Exam Prep,International,Rep_05,2.34,Contacted,Open,,,
LD-300735,11-Nov-2025 13:06,Organic Search,K-12 Math,North Region,Rep_01,2.32,Closed,Won,,$418.20,2025-12-24 21:39:54.441794
LD-300736,16-Apr-2025 17:27,Social Media,Language Learning,South Region,Rep_02,11.19,Demo Completed,Lost,Bad Timing,384.48,2025-05-19 14:31:23.411525
LD-300737,2026-05-19 09:21:00,social media,Study Abroad Prep,West Region,Rep_13,7.32,Lead,Open,,,
LD-300738,01/17/2025 15:16,Referral,Competitive Exam Prep,West Region,Rep_03,7.38,Negotiation,Lost,No Response / Ghosted,"$1,132.38",2025-02-27 03:45:07.662105
LD-300739,18-Jul-2025 17:27,Organic search,K-12 Math,East Region,Rep_09,1.94,Lead,Open,,,
LD-300740,2025-02-04 12:49:00,Cold Outreach,Coding for Kids,International,Rep_05,5.69,Lead,Open,,,
LD-300741,26-Aug-2025 14:03,Paid Search,Coding for Kids,East Region,Rep_04,7.91,Lead,Open,,,
LD-300742,24-Sep-2025 14:42,Social,Study Abroad Prep,South Region,Rep_07,1.54,Contacted,Open,,,
LD-300743,09/05/2025 20:00,Webinar,Language Learning,,Rep_14,4.26,Lead,Open,,,
LD-300744,04/25/2025 19:10,Partner Channel,Coding for Kids,North Region,Rep_01,1.9,Negotiation,Lost,Budget Not Approved,710.4,2025-06-02 12:34:51.287473
LD-300745,07-Mar-2026 17:53,Social Media,Coding for Kids,West Region,Rep_03,5.49,Contacted,Open,,,
LD-300746,2025-09-09 13:29:00,Partner Channel,Coding for Kids,East Region,Rep_04,3.91,Proposal Sent,Lost,No Response / Ghosted,$760.50,2025-10-05 15:30:50.103539
LD-300747,05/02/2025 08:44,Webinar,Study Abroad Prep,International,Rep_15,2.33,Negotiation,Lost,Budget Not Approved,"$1,608.04",2025-06-18 07:52:55.179841
LD-300748,05/20/2026 12:20,Organic Search,K-12 Math,North Region,Rep_11,2.28,Closed,Won,,425.19,2026-07-08 23:28:15.119782
LD-300749,2025-04-15 20:32:00,Organic Search,K-12 Math,South Region,Rep_12,1.77,Contacted,Open,,,
LD-300750,2026-01-02 12:17:00,SEO,Coding for Kids,North Region,Rep_06,20.04,Contacted,Open,,,
LD-300751,01/16/2026 19:29,Paid Search,Study Abroad Prep,East Region,Rep_04,2.86,Demo Completed,Lost,No Response / Ghosted,1413.95,2026-02-23 07:51:06.238536
LD-300752,25-Jul-2025 11:32,Paid Search,Language Learning,West Region,Rep_13,0.67,Contacted,Open,,,
LD-300753,01/31/2025 13:28,Paid Search,K-12 Math,North Region,Rep_01,7.82,Lead,Open,,,
LD-300754,09-May-2025 20:48,Organic Search,K-12 Math,East Region,Rep_09,0.89,Contacted,Open,,,
LD-300755,02/20/2026 16:46,Cold Outreach,Language Learning,International,Rep_05,3.78,Lead,Open,,,
LD-300756,09/26/2025 07:22,Social Media,Study Abroad Prep,,Rep_09,1.71,Contacted,Open,,,
LD-300757,2026-01-30 09:23:00,Cold Outreach,Competitive Exam Prep,South Region,Rep_12,5.18,Contacted,Open,,,
LD-300758,09/26/2025 14:46,Webinar,Competitive Exam Prep,International,Rep_15,0.28,Contacted,Open,,,
LD-300759,03/12/2025 14:02,organic search,Language Learning,East Region,Rep_09,1.52,Contacted,Open,,,
LD-300760,2026-01-30 08:51:00,Paid Search,Competitive Exam Prep,West Region,Rep_08,0.56,Contacted,Open,,,
LD-300761,03/28/2025 11:57,Partner Channel,Language Learning,North Region,Rep_01,0.65,Contacted,Open,,,
LD-300762,2026-05-01 10:40:00,Paid Search,K-12 Math,West Region,Rep_08,2.59,Contacted,Open,,,
LD-300763,2025-01-14 16:19:00,Social Media,coding for kids,West Region,Rep_03,2.63,Lead,Open,,,
LD-300764,05-Mar-2026 11:33,Social Media,K-12 Math,West Region,Rep_13,0.76,Contacted,Open,,,
LD-300765,31-Dec-2025 14:34,Paid Search,Coding for Kids,North Region,Rep_11,3.53,Proposal Sent,Lost,Budget Not Approved,$762.15,2026-01-26 01:25:45.021619
LD-300766,11/06/2025 14:24,Partner Channel,K-12 Math,South Region,Rep_12,3.29,Contacted,Open,,,
LD-300767,01/30/2025 20:12,Organic Search,Study Abroad Prep,North Region,Rep_06,4.57,Demo Scheduled,Open,,,
LD-300768,2025-06-14 10:22:00,Paid Search,Competitive Exam Prep,International,Rep_10,12.32,Contacted,Open,,,
LD-300769,01/31/2025 09:48,Partner Channel,Competitive Exam Prep,,Rep_12,6.91,Contacted,Open,,,
LD-300770,12/03/2025 15:05,Cold Outreach,K-12  Math,South Region,Rep_12,0.73,Lead,Open,,,
LD-300771,04/04/2025 14:28,Social Media,K12 Math,North Region,Rep_06,1.44,Contacted,Open,,,
LD-300772,01/01/2025 17:52,Social Media,Study Abroad Prep,North Region,Rep_11,6.29,Demo Completed,Lost,No Response / Ghosted,1528.76,2025-02-01 08:34:23.554125
LD-300773,14-Apr-2026 14:55,Paid Search,K-12 Math,,Rep_12,3.44,Lead,Open,,,
LD-300774,2025-09-09 16:53:00,Social Media,Competitive Exam Prep,International,Rep_15,4.58,Negotiation,Lost,Bad Timing,"$1,013.04",2025-10-30 16:59:37.302246
LD-300775,2025-12-09 20:33:00,Social Media,K-12 Math,South Region,Rep_07,1.41,Lead,Open,,,
LD-300776,2025-11-07 11:15:00,Organic Search,Coding for Kids,West Region,Rep_13,3.91,Contacted,Open,,,
LD-300777,2025-08-04 07:49:00,Cold Outreach,Coding for Kids,International,Rep_05,10.38,Demo Scheduled,Open,,,
LD-300778,08/12/2025 18:12,Social Media,Language Learning,West Region,Rep_03,5.28,Lead,Open,,,
LD-300779,2025-04-03 12:02:00,Social Media,Competitive Exam Prep,South Region,Rep_02,1.1,Contacted,Open,,,
LD-300780,09/16/2025 16:49,Organic Search,Coding for Kids,,Rep_02,1.49,Closed,Won,,639.64,2025-10-19 11:01:35.430150
LD-300781,2025-04-10 20:30:00,Organic Search,Coding for Kids,North Region,Rep_06,12.54,Demo Completed,Lost,Bad Timing,623.49,2025-05-22 09:02:42.377196
LD-300782,2026-05-18 17:12:00,Paid Search,K-12 Math,,Rep_02,5.08,Lead,Open,,,
LD-300783,2025-03-14 13:57:00,Paid  Search,K-12 Math,North Region,Rep_01,2.1,Contacted,Open,,,
LD-300784,22-Aug-2025 20:56,Webinar,Coding for Kids,International,Rep_15,3.34,Negotiation,Lost,Price Objection,627.74,2025-10-01 21:33:53.478241
LD-300785,01/08/2026 16:25,Webinar,K-12 Math,South Region,Rep_07,0.38,Closed,Won,,560.49,2026-02-24 00:39:35.739226
LD-300786,04/02/2025 20:05,Webinar,K-12 Math,North Region,Rep_11,3.19,Closed,Won,,550.6,2025-05-07 00:11:22.225216
LD-300787,03/30/2025 17:46,Cold Outreach,Competitive Exam Prep,South Region,Rep_02,1.55,Contacted,Open,,,
LD-300788,2025-07-09 19:37:00,SOCIAL MEDIA,K-12 Math,South Region,Rep_12,3.7,Contacted,Open,,,
LD-300789,09-Jan-2026 11:43,Organic Search,Language Learning,South Region,Rep_07,34.69,Contacted,Open,,,
LD-300790,09-Jan-2026 10:10,Organic Search,K-12 Math,South Region,Rep_07,4.86,Contacted,Open,,,
LD-300791,10/31/2025 08:57,Webinar,Competitive Exam Prep,West Region,Rep_13,1.1,Negotiation,Lost,Went With Competitor,$977.54,2025-12-24 04:42:39.523725
LD-300792,2026-04-30 19:33:00,Cold Outreach,K-12 Math,East Region,Rep_04,11.75,Lead,Open,,,
LD-300793,27-Jun-2025 08:54,Paid  Search,k-12 math,,Rep_14,7.03,Lead,Open,,,
LD-300794,10/23/2025 18:33,Organic search,coding for kids,East Region,Rep_04,1.79,Lead,Open,,,
LD-300795,2025-10-19 07:43:00,Paid Search,Competitive Exam Prep,,Rep_12,4.75,Proposal Sent,Lost,Price Objection,811.21,2025-11-16 11:03:20.456836
LD-300796,2025-11-14 16:05:00,Webinar,Language Learning,South Region,Rep_12,9.3,Closed,Won,,343.31,2025-12-25 03:00:31.495788
LD-300797,2025-07-06 20:35:00,Referral,K-12 Math,South Region,Rep_12,5.9,Contacted,Open,,,
LD-300798,2025-08-29 14:49:00,Webinar,Study Abroad Prep,South Region,Rep_02,2.15,Contacted,Open,,,
LD-300799,03/31/2025 15:44,Organic Search,Coding for Kids,West Region,Rep_13,4.18,Demo Completed,Lost,No Response / Ghosted,$604.44,2025-04-26 20:13:38.264659
LD-300800,2026-06-19 13:15:00,Partner Channel,K-12 Math,East Region,Rep_04,12.05,Demo Scheduled,Open,,,
LD-300801,01-Aug-2025 12:10,Organic Search,Competitive Exam Prep,West Region,Rep_03,1.8,Demo Scheduled,Open,,,
LD-300802,2025-11-17 19:21:00,Social Media,Competitive Exam Prep,North Region,Rep_11,1.04,Contacted,Open,,,
LD-300803,04/02/2025 09:32,Social Media,K-12  Math,North Region,Rep_01,0.73,Contacted,Open,,,
LD-300804,2025-09-11 10:13:00,Organic Search,Competitive Exam Prep,South Region,Rep_07,9.75,Negotiation,Lost,Bad Timing,$979.17,2025-10-20 18:13:17.890135
LD-300805,05/23/2025 20:06,social media,Competitive Exam Prep,North Region,Rep_11,1.21,Demo Scheduled,Open,,,
LD-300806,11-Mar-2025 15:52,Referral,Competitive Exam Prep,East Region,Rep_09,1.5,Contacted,Open,,,
LD-300807,03/11/2026 16:03,Webinar,Coding for Kids,South Region,Rep_12,3.21,Closed,Won,,686.53,2026-04-25 18:46:18.428140
LD-300808,2025-01-30 12:20:00,Cold Outreach,Language Learning,East Region,Rep_04,3.47,Contacted,Open,,,
LD-300809,13-May-2025 16:23,SEO,Language Learning,,Rep_04,12.48,Lead,Open,,,
LD-300810,19-Mar-2025 09:11,Paid Search,Coding for Kids,North Region,Rep_06,3.74,Negotiation,Lost,Bad Timing,$629.31,2025-04-28 17:48:20.604434
LD-300811,25-Feb-2025 14:05,Cold Outreach,Coding for Kids,South Region,Rep_12,0.79,Lead,Open,,,
LD-300812,2026-02-10 14:15:00,Webinar,Competitive Exam Prep,East Region,Rep_09,1.2,Contacted,Open,,,
LD-300813,2025-08-05 20:59:00,Partner Channel,K-12 Math,East Region,Rep_04,1.2,Contacted,Open,,,
LD-300814,2025-01-20 14:48:00,Organic Search,Study Abroad Prep,South Region,Rep_07,1.45,Closed,Won,,"$1,585.21",2025-03-17 10:04:23.055623
LD-300815,01-Aug-2025 07:06,Paid Search,Coding for Kids,,Rep_15,2.79,Closed,Won,,647.99,2025-09-09 05:55:00.653368
LD-300816,19-Jul-2025 17:29,Referral,Competitive Exam Prep,South Region,Rep_07,11.95,Closed,Won,,"$1,006.54",2025-09-05 21:20:50.447084
LD-300817,13-May-2026 11:39,Organic Search,K-12 Math,South Region,Rep_02,2.24,Contacted,Open,,,
LD-300818,11/14/2025 19:11,Organic Search,Language Learning,West Region,Rep_13,0.46,Contacted,Open,,,
LD-300819,03/26/2025 20:57,Organic Search,Coding for Kids,North Region,Rep_06,6.51,Proposal Sent,Lost,Budget Not Approved,$708.08,2025-04-28 12:24:58.592591
LD-300820,2025-08-11 14:37:00,Cold Outreach,K-12 Math,East Region,Rep_14,8.93,Lead,Open,,,
LD-300821,13-Aug-2025 12:35,Organic Search,Language Learning,West Region,Rep_08,3.56,Negotiation,Lost,Budget Not Approved,$368.78,2025-09-14 22:17:19.527142
LD-300822,15-Apr-2025 17:59,Referral,Competitive Exam Prep,North Region,Rep_11,2.22,Negotiation,Lost,Went With Competitor,1105.31,2025-05-23 10:42:45.845956
LD-300823,05/01/2026 12:43,Social Media,Study Abroad Prep,North Region,Rep_11,4.16,Contacted,Open,,,
LD-300824,01/12/2026 17:48,Partner Channel,Language Learning,South Region,Rep_07,1.02,Negotiation,Lost,Budget Not Approved,$298.23,2026-02-26 00:55:09.785271
LD-300825,25-Mar-2026 12:35,Organic Search,Coding for Kids,South Region,Rep_02,1.02,Contacted,Open,,,
LD-300826,2025-09-24 18:14:00,Referral,Competitive Exam Prep,South Region,Rep_07,1.28,Contacted,Open,,,
LD-300827,2025-08-07 14:06:00,Webinar,Competitive Exam Prep,International,Rep_05,2.77,Contacted,Open,,,
LD-300828,09-Apr-2025 09:40,Referral,Study Abroad Prep,South Region,Rep_12,0.55,Contacted,Open,,,
LD-300829,08/22/2025 11:05,Webinar,K-12 Math,West Region,Rep_03,5.23,Closed,Won,,565.11,2025-09-30 05:59:21.338342
LD-300830,02/15/2025 08:37,Cold Outreach,Coding for Kids,West Region,Rep_08,2.07,Contacted,Open,,,
LD-300831,09-Oct-2025 15:09,Social Media,Language Learning,,Rep_15,2.63,Negotiation,Lost,No Response / Ghosted,323.04,2025-11-18 06:42:19.241400
LD-300832,27-Mar-2025 15:27,Webinar,Competitive Exam Prep,North Region,Rep_06,0.48,Closed,Won,,$870.00,2025-05-14 04:19:00.487812
LD-300833,11-Jul-2025 16:25,Organic Search,Study Abroad Prep,North Region,Rep_11,3.41,Demo Completed,Lost,No Response / Ghosted,1648.45,2025-08-19 00:48:34.731710
LD-300834,24-Jan-2025 17:15,Webinar,Competitive Exam Prep,South Region,Rep_02,0.64,Contacted,Open,,,
LD-300835,2025-08-04 18:30:00,Social Media,Competitive Exam Prep,North Region,Rep_01,1.75,Closed,Won,,1124.73,2025-09-27 06:20:51.984710
LD-300836,21-May-2026 18:20,Referral,K-12 Math,South Region,Rep_07,2.98,Closed,Won,,515.63,2026-07-02 12:15:50.105790
LD-300837,24-Apr-2026 11:15,Organic Search,Coding for Kids,North Region,Rep_11,0.35,Negotiation,Lost,Went With Competitor,$714.55,2026-06-02 11:12:02.286047
LD-300838,08/19/2025 07:43,Webinar,Study Abroad Prep,North Region,Rep_06,0.66,Negotiation,Lost,Bad Timing,1291.9,2025-10-01 07:20:01.181564
LD-300839,2025-06-30 07:00:00,Paid  Search,Competitive Exam Prep,North Region,Rep_01,9.57,Negotiation,Lost,No Response / Ghosted,891.49,2025-08-11 01:33:15.359450
LD-300840,14-Mar-2025 16:52,Paid Search,Language Learning,West Region,Rep_08,23.69,Contacted,Open,,,
LD-300841,03/31/2026 15:22,Cold Outreach,K-12 Math,South Region,Rep_12,0.39,Lead,Open,,,
LD-300842,01/20/2025 19:11,Partner Channel,Competitive Exam Prep,East Region,Rep_04,1.87,Contacted,Open,,,
LD-300843,07/19/2025 08:05,Referral,K-12 Math,West Region,Rep_03,7.14,Demo Scheduled,Open,,,
LD-300844,08-Jul-2025 17:33,Organic Search,Competitive Exam Prep,East Region,Rep_14,6.03,Demo Scheduled,Open,,,
LD-300845,2025-11-03 17:52:00,Webinar,Study Abroad Prep,South Region,Rep_12,1.65,Lead,Open,,,
LD-300846,15-Mar-2026 19:51,Referral,Competitive Exam Prep,West Region,Rep_08,0.79,Closed,Won,,"$1,061.27",2026-04-26 12:52:32.357190
LD-300847,03-Apr-2026 13:40,Cold Outreach,Competitive Exam Prep,South Region,Rep_12,1.17,Lead,Open,,,
LD-300848,03/14/2025 12:06,Social Media,Language Learning,West Region,Rep_03,3.45,Lead,Open,,,
LD-300849,07/29/2025 15:30,Organic Search,K-12 Math,East Region,Rep_14,21.82,Demo Scheduled,Open,,,
LD-300850,03/17/2025 09:36,cold outreach,K-12 Math,North Region,Rep_01,5.01,Lead,Open,,,
LD-300851,02/22/2026 07:07,Paid Search,Language Learning,North Region,Rep_01,0.69,Contacted,Open,,,
LD-300852,02/27/2026 15:23,Referral,Study Abroad Prep,,Rep_07,8.26,Negotiation,Lost,No Response / Ghosted,1210.71,2026-04-19 13:40:35.626170
LD-300853,10/03/2025 18:11,Webinar,Study Abroad Prep,West Region,Rep_03,9.72,Demo Completed,Lost,Bad Timing,1536.8,2025-10-26 08:14:16.174719
LD-300854,13-Feb-2025 17:40,Referral,Competitive Exam Prep,North Region,Rep_06,23.86,Closed,Won,,853.06,2025-03-12 19:38:59.138237
LD-300855,02-Feb-2026 18:00,Partner Channel,Language Learning,South Region,Rep_12,3.69,Contacted,Open,,,
LD-300856,09/10/2025 11:18,Partner Channel,Study Abroad Prep,West Region,Rep_13,0.61,Lead,Open,,,
LD-300857,2025-08-08 12:37:00,Paid Search,Competitive Exam Prep,West Region,Rep_13,1.73,Demo Completed,Lost,No Response / Ghosted,1148.44,2025-09-02 10:29:18.451715
LD-300858,01/31/2026 09:07,Paid Search,Competitive Exam Prep,South Region,Rep_07,4.5,Proposal Sent,Lost,Went With Competitor,982.31,2026-03-12 17:29:18.630204
LD-300859,2025-03-28 08:20:00,Organic Search,K-12 Math,South Region,Rep_02,2.42,Lead,Open,,,
LD-300860,2026-06-25 12:24:00,Referral,Coding for Kids,International,Rep_05,1.25,Contacted,Open,,,
LD-300861,02/04/2025 15:03,Partner Channel,K-12 Math,South Region,Rep_12,5.66,Contacted,Open,,,
LD-300862,06/04/2025 08:09,Partner Channel,Coding for Kids,North Region,Rep_06,1.04,Contacted,Open,,,
LD-300863,01/07/2025 10:56,Webinar,Language Learning,East Region,Rep_09,6.24,Contacted,Open,,,
LD-300864,01/07/2026 18:09,Cold Outreach,K-12 Math,West Region,Rep_08,1.13,Lead,Open,,,
LD-300865,19-Jun-2026 12:52,Referral,Coding For Kids,,Rep_12,2.77,Negotiation,Lost,Bad Timing,691.5,2026-08-06 18:18:49.350325
LD-300866,22-Jan-2025 16:56,Referral,Language Learning,East Region,Rep_09,1.25,Contacted,Open,,,
LD-300867,05-Dec-2025 13:40,paid search,K-12 Math,South Region,Rep_12,0.5,Contacted,Open,,,
LD-300868,19-Feb-2026 14:21,Social Media,Competitive Exam Prep,North Region,Rep_11,1.11,Lead,Open,,,
LD-300869,05/10/2026 16:10,Referral,Competitive Exam Prep,East Region,Rep_09,26.56,Closed,Won,,1177.17,2026-07-12 08:59:24.680858
LD-300870,2025-11-26 14:28:00,Referral,Study Abroad Prep,North Region,Rep_06,0.94,Contacted,Open,,,
LD-300871,2026-03-10 08:35:00,Referral,Language Learning,North Region,Rep_01,1.14,Negotiation,Lost,Bad Timing,$350.40,2026-04-22 16:59:41.481393
LD-300872,2025-12-12 15:50:00,Partner Channel,K-12 Math,International,Rep_05,1.62,Contacted,Open,,,
LD-300873,01/17/2025 09:06,Organic Search,Coding for Kids,North Region,Rep_11,2.06,Demo Completed,Lost,Went With Competitor,$683.16,2025-02-05 03:55:20.056158
LD-300874,03-Mar-2026 18:54,Social Media,K-12 Math,West Region,Rep_13,0.49,Contacted,Open,,,
LD-300875,2025-10-13 20:51:00,Paid Search,k-12 math,North Region,Rep_06,9.29,Contacted,Open,,,
LD-300876,10-Jan-2026 18:34,Social Media,K-12 Math,North Region,Rep_06,4.37,Contacted,Open,,,
LD-300877,2025-01-02 18:57:00,Cold Outreach,Language Learning,East Region,Rep_04,3.03,Contacted,Open,,,
LD-300878,05/29/2026 09:44,Partner Channel,Competitive Exam Prep,West Region,Rep_03,7.51,Negotiation,Lost,Bad Timing,1105.34,2026-07-02 03:12:00.805175
LD-300879,05-May-2026 15:57,Organic Search,Coding for Kids,West Region,Rep_03,2.5,Contacted,Open,,,
LD-300880,12/19/2025 08:45,Cold Outreach,Competitive Exam Prep,,Rep_15,6.17,Lead,Open,,,
LD-300881,11/20/2025 16:02,Partner Channel,Language Learning,North Region,Rep_11,4.27,Contacted,Open,,,
LD-300882,16-May-2025 13:37,Organic Search,Competitive Exam Prep,International,Rep_15,7.86,Proposal Sent,Lost,Budget Not Approved,$870.62,2025-06-11 18:47:03.892181
LD-300883,18-Sep-2025 11:07,Referral,Competitive Exam Prep,International,Rep_05,1.38,Contacted,Open,,,
LD-300884,2026-03-20 11:27:00,Paid Search,K-12  Math,North Region,Rep_11,2.63,Contacted,Open,,,
LD-300885,2025-06-27 15:26:00,Organic Search,Coding For Kids,North Region,Rep_06,14.43,Contacted,Open,,,
LD-300886,2025-02-14 11:02:00,Partner Channel,K-12 Math,South Region,Rep_02,2.95,Contacted,Open,,,
LD-300887,04/19/2026 20:50,Organic Search,Competitive Exam Prep,East Region,Rep_09,11.36,Lead,Open,,,
LD-300888,2025-09-15 12:41:00,Partner Channel,Study Abroad Prep,North Region,Rep_06,11.81,Contacted,Open,,,
LD-300889,2025-04-14 09:27:00,Referral,Coding For Kids,West Region,Rep_13,3.47,Contacted,Open,,,
LD-300890,2025-04-17 11:08:00,Cold Outreach,Competitive Exam Prep,International,Rep_05,1.63,Lead,Open,,,
LD-300891,08/08/2025 18:05,Partner Channel,Language Learning,East Region,Rep_09,4.21,Closed,Won,,416.06,2025-09-06 02:25:59.692431
LD-300892,2025-07-09 12:21:00,Organic Search,Competitive Exam Prep,West Region,Rep_13,5.31,Contacted,Open,,,
LD-300893,2025-02-21 20:16:00,Webinar,Coding for Kids,South Region,Rep_02,2.3,Contacted,Open,,,
LD-300894,2025-08-29 11:23:00,Paid Search,Competitive Exam Prep,South Region,Rep_12,1.64,Contacted,Open,,,
LD-300895,15-Apr-2026 13:28,Paid Search,Language Learning,South Region,Rep_12,20.91,Closed,Won,,365.86,2026-05-30 17:10:39.178730
LD-300896,15-Feb-2025 10:27,Referral,K-12 Math,East Region,Rep_04,5.54,Closed,Won,,517.83,2025-03-30 12:16:43.581249
LD-300897,2026-05-25 20:37:00,Social Media,Competitive Exam Prep,South Region,Rep_02,1.16,Lead,Open,,,
LD-300898,2026-02-25 16:08:00,Paid  Search,Coding for Kids,East Region,Rep_04,5.55,Demo Completed,Lost,Price Objection,703.87,2026-03-20 19:24:09.221059
LD-300899,2025-09-12 17:59:00,SEO,K-12  Math,International,Rep_15,0.29,Proposal Sent,Lost,Went With Competitor,$450.15,2025-10-29 20:33:53.633491
LD-300900,03-Feb-2025 10:24,Paid Search,Language Learning,South Region,Rep_07,4.09,Contacted,Open,,,
LD-300901,2025-10-11 09:07:00,Referral,Language Learning,,Rep_07,10.98,Contacted,Open,,,
LD-300902,2025-12-20 07:04:00,Partner Channel,K-12 Math,International,Rep_10,2.25,Contacted,Open,,,
LD-300903,2026-02-19 16:39:00,Paid Search,K12 Math,South Region,Rep_12,2.71,Contacted,Open,,,
LD-300904,2025-03-02 07:18:00,Webinar,Language Learning,North Region,Rep_01,3.26,Contacted,Open,,,
LD-300905,2026-02-27 10:10:00,Paid Search,Coding for Kids,South Region,Rep_12,3.12,Proposal Sent,Lost,Bad Timing,$607.84,2026-03-30 02:19:12.560971
LD-300906,2025-10-03 09:59:00,Referral,Study Abroad Prep,West Region,Rep_03,7.21,Closed,Won,,1341.78,2025-11-03 15:26:26.394575
LD-300907,01/20/2026 14:54,Referral,Coding for Kids,,Rep_11,2.03,Negotiation,Lost,Price Objection,$650.95,2026-03-03 10:48:56.791815
LD-300908,03/12/2025 18:33,Paid Search,Study Abroad Prep,West Region,Rep_08,1.81,Proposal Sent,Lost,Went With Competitor,1477.63,2025-04-13 01:13:50.449719
LD-300909,2025-08-12 20:37:00,Organic Search,Language Learning,South Region,Rep_02,8.69,Closed,Won,,289.78,2025-09-23 00:14:24.674416
LD-300910,13-Mar-2025 13:38,Partner Channel,Competitive Exam Prep,West Region,Rep_08,3.99,Contacted,Open,,,
LD-300911,06/19/2026 08:39,Cold Outreach,Study Abroad Prep,West Region,Rep_08,1.44,Lead,Open,,,
LD-300912,05/27/2026 14:18,Cold Outreach,K-12  Math,West Region,Rep_08,3.09,Lead,Open,,,
LD-300913,24-Feb-2025 09:50,Paid Search,Competitive Exam Prep,East Region,Rep_14,3.85,Contacted,Open,,,
LD-300914,12/05/2025 14:25,Paid Search,Coding for Kids,West Region,Rep_03,14.25,Closed,Won,,$762.20,2026-01-10 07:24:02.622319
LD-300915,2025-08-29 13:29:00,Paid Search,Language Learning,North Region,Rep_11,1.21,Lead,Open,,,
LD-300916,22-Oct-2025 16:37,Webinar,Language Learning,West Region,Rep_03,4.13,Closed,Won,,300.38,2025-11-30 17:30:28.282315
LD-300917,2025-07-17 13:28:00,Paid Search,K-12 Math,North Region,Rep_06,2.97,Lead,Open,,,
LD-300918,15-Feb-2025 11:51,Paid Search,K-12 Math,West Region,Rep_08,8.0,Contacted,Open,,,
LD-300919,2026-01-11 07:08:00,COLD OUTREACH,Coding for Kids,West Region,Rep_13,2.82,Contacted,Open,,,
LD-300920,12/03/2025 13:20,Paid Search,Study Abroad Prep,West Region,Rep_08,1.0,Closed,Won,,1497.71,2026-01-11 10:26:40.559389
LD-300921,01/14/2026 14:08,Cold Outreach,Competitive Exam Prep,North Region,Rep_06,13.01,Lead,Open,,,
LD-300922,11/17/2025 17:43,Organic Search,Competitive Exam Prep,North Region,Rep_06,12.32,Lead,Open,,,
LD-300923,03-Feb-2026 20:28,Paid Search,Competitive Exam Prep,East Region,Rep_14,0.88,Contacted,Open,,,
LD-300924,2026-01-14 09:00:00,Paid Search,Coding for Kids,West Region,Rep_03,16.56,Contacted,Open,,,
LD-300925,06-Feb-2025 18:38,Referral,Study Abroad Prep,North Region,Rep_06,5.31,Contacted,Open,,,
LD-300926,2025-05-28 11:57:00,Referral,K-12 Math,North Region,Rep_11,5.07,Negotiation,Lost,No Response / Ghosted,470.31,2025-06-30 01:42:04.895234
LD-300927,14-Apr-2025 17:38,PPC,Language Learning,East Region,Rep_09,1.61,Contacted,Open,,,
LD-300928,01/25/2026 11:43,Referral,K-12 Math,North Region,Rep_01,6.68,Closed,Won,,$472.04,2026-03-06 20:51:49.627983
LD-300929,03-Feb-2026 17:55,Organic Search,Language Learning,South Region,Rep_07,5.06,Proposal Sent,Lost,No Response / Ghosted,359.75,2026-03-03 00:18:06.088631
LD-300930,04-Feb-2025 19:10,Organic Search,K-12 Math,,Rep_04,5.47,Contacted,Open,,,
LD-300931,08/01/2025 09:04,Social Media,K-12 Math,International,Rep_10,3.23,Demo Completed,Lost,Price Objection,$475.42,2025-09-01 05:25:16.485328
LD-300932,03/25/2026 14:30,Webinar,Coding for Kids,North Region,Rep_11,2.97,Contacted,Open,,,
LD-300933,11-Apr-2025 18:31,Paid Search,Coding for Kids,South Region,Rep_07,4.51,Contacted,Open,,,
LD-300934,05/30/2025 19:33,Webinar,K-12 Math,West Region,Rep_08,7.79,Lead,Open,,,
LD-300935,2025-08-02 20:59:00,Organic Search,Coding for Kids,International,Rep_05,3.47,Contacted,Open,,,
LD-300936,03-Jul-2025 12:45,Referral,Language Learning,East Region,Rep_14,2.7,Contacted,Open,,,
LD-300937,2026-03-30 18:53:00,SOCIAL MEDIA,K-12 Math,North Region,Rep_06,3.76,Contacted,Open,,,
LD-300938,07/16/2025 12:18,Cold Outreach,K-12 Math,West Region,Rep_03,0.29,Lead,Open,,,
LD-300939,2026-01-10 09:22:00,Paid Search,Coding for Kids,South Region,Rep_07,1.89,Contacted,Open,,,
LD-300940,27-Oct-2025 16:45,Organic Search,Competitive Exam Prep,North Region,Rep_06,2.29,Contacted,Open,,,
LD-300941,08-May-2026 07:37,Paid Search,Study Abroad Prep,East Region,Rep_04,6.29,Proposal Sent,Lost,Price Objection,"$1,681.41",2026-06-22 05:50:42.665312
LD-300942,01-Jan-2025 08:15,Webinar,Coding for Kids,,Rep_13,6.19,Contacted,Open,,,
LD-300943,2026-03-18 10:28:00,Paid Search,K-12 Math,East Region,Rep_09,1.85,Closed,Won,,503.65,2026-04-18 11:07:12.922398
LD-300944,2025-08-23 07:21:00,Organic Search,Language Learning,West Region,Rep_13,19.37,Contacted,Open,,,
LD-300945,04/07/2026 18:44,Cold-Outreach,K-12 Math,,Rep_14,3.81,Demo Scheduled,Open,,,
LD-300946,05/29/2026 14:55,Paid Search,K-12 Math,West Region,Rep_13,6.45,Demo Scheduled,Open,,,
LD-300947,06-Jan-2025 20:59,Cold Outreach,K-12 Math,West Region,Rep_08,2.14,Contacted,Open,,,
LD-300948,07/18/2025 08:56,Paid Search,K-12 Math,North Region,Rep_01,2.13,Contacted,Open,,,
LD-300949,02/07/2025 11:21,Social Media,K12 Math,,Rep_08,7.97,Contacted,Open,,,
LD-300950,09/28/2025 13:23,SOCIAL MEDIA,Competitive Exam Prep,West Region,Rep_08,0.65,Contacted,Open,,,
LD-300951,08/10/2025 09:43,Organic Search,K-12 Math,South Region,Rep_07,22.03,Contacted,Open,,,
LD-300952,2026-02-20 18:37:00,Social Media,Language Learning,South Region,Rep_02,6.35,Contacted,Open,,,
LD-300953,01/26/2026 17:39,Webinar,Coding for Kids,,Rep_12,2.27,Closed,Won,,615.28,2026-03-09 03:47:32.405409
LD-300954,29-Oct-2025 10:09,Organic Search,Language Learning,,Rep_03,6.24,Negotiation,Lost,Went With Competitor,$404.03,2025-12-03 22:51:31.228901
LD-300955,2025-05-16 12:13:00,Webinar,K-12 Math,East Region,Rep_09,0.69,Contacted,Open,,,
LD-300956,03/24/2026 18:11,SEO,K-12 Math,South Region,Rep_12,8.03,Contacted,Open,,,
LD-300957,2026-03-10 11:11:00,Referral,K-12 Math,,Rep_01,0.56,Closed,Won,,428.99,2026-04-16 03:11:51.114495
LD-300958,06/19/2026 16:53,Social Media,K-12 Math,East Region,Rep_04,14.23,Lead,Open,,,
LD-300959,2026-05-12 16:05:00,Organic Search,k-12 math,South Region,Rep_07,2.45,Contacted,Open,,,
LD-300960,2025-06-11 08:31:00,Webinar,K-12 Math,South Region,Rep_02,4.04,Contacted,Open,,,
LD-300961,05-Jun-2026 15:55,Paid Search,Coding for Kids,West Region,Rep_03,1.27,Demo Scheduled,Open,,,
LD-300962,21-Mar-2025 08:44,Webinar,Coding for Kids,East Region,Rep_04,11.42,Demo Completed,Lost,No Response / Ghosted,767.04,2025-04-22 09:50:06.628762
LD-300963,2025-06-09 20:31:00,Partner Channel,Coding for Kids,South Region,Rep_02,2.08,Negotiation,Lost,Price Objection,$676.81,2025-08-01 13:08:32.428609
LD-300964,2025-04-04 08:52:00,Paid Search,Language Learning,South Region,Rep_02,0.53,Negotiation,Lost,Bad Timing,396.72,2025-05-17 11:07:34.275796
LD-300965,2026-05-13 17:46:00,Webinar,Competitive Exam Prep,North Region,Rep_11,4.15,Contacted,Open,,,
LD-300966,04-Aug-2025 13:45,Organic Search,K-12 Math,North Region,Rep_11,1.51,Closed,Won,,454.28,2025-09-07 09:16:26.376572
LD-300967,2026-03-02 17:51:00,Webinar,K-12 Math,East Region,Rep_09,3.47,Contacted,Open,,,
LD-300968,2026-06-26 17:48:00,Referral,Competitive Exam Prep,East Region,Rep_09,5.39,Contacted,Open,,,
LD-300969,10/02/2025 08:26,Paid Search,Study Abroad Prep,West Region,Rep_03,5.68,Lead,Open,,,
LD-300970,2025-04-24 15:42:00,Social Media,Language Learning,East Region,Rep_04,4.72,Lead,Open,,,
LD-300971,2025-09-16 14:56:00,Social Media,Study Abroad Prep,East Region,Rep_04,6.74,Lead,Open,,,
LD-300972,2026-05-19 08:11:00,Organic Search,Coding for Kids,South Region,Rep_12,2.22,Demo Completed,Lost,Price Objection,615.17,2026-06-27 13:07:25.232329
LD-300973,23-May-2025 08:55,Referral,Study Abroad Prep,West Region,Rep_13,4.97,Closed,Won,,1465.24,2025-07-07 05:02:45.265790
LD-300974,07-May-2026 14:55,Partner Channel,K-12 Math,West Region,Rep_03,4.94,Contacted,Open,,,
LD-300975,23-May-2025 17:19,Paid Search,K-12 Math,North Region,Rep_01,0.6,Lead,Open,,,
LD-300976,22-Jul-2025 10:23,Paid Search,Study Abroad Prep,North Region,Rep_11,4.1,Contacted,Open,,,
LD-300977,02/04/2026 16:45,Partner Channel,Coding for Kids,East Region,Rep_04,3.82,Lead,Open,,,
LD-300978,28-Nov-2025 15:13,organic search,Competitive Exam Prep,North Region,Rep_11,0.56,Closed,Won,,1002.53,2026-01-01 23:01:17.092029
LD-300979,23-Feb-2025 18:59,Paid Search,Competitive Exam Prep,North Region,Rep_11,26.74,Contacted,Open,,,
LD-300980,2025-03-03 17:38:00,Paid Search,Coding for Kids,South Region,Rep_07,11.1,Proposal Sent,Lost,No Response / Ghosted,755.18,2025-03-26 13:47:31.952534
LD-300981,08/08/2025 10:26,SOCIAL MEDIA,K12 Math,International,Rep_05,0.61,Contacted,Open,,,
LD-300982,10/31/2025 20:39,Organic Search,Study Abroad Prep,West Region,Rep_13,0.35,Negotiation,Lost,Price Objection,1675.89,2025-12-08 19:37:46.699113
LD-300983,07/17/2025 07:57,Referral,Competitive Exam Prep,South Region,Rep_12,2.09,Closed,Won,,1156.71,2025-08-30 00:03:16.766311
LD-300984,01/03/2025 09:00,Referral,K-12 Math,International,Rep_10,6.7,Closed,Won,,$441.68,2025-02-08 03:03:25.505883
LD-300985,03/28/2025 16:47,Referral,coding for kids,West Region,Rep_03,2.56,Contacted,Open,,,
LD-300986,06/15/2025 14:39,Organic Search,K-12 Math,South Region,Rep_12,5.01,Contacted,Open,,,
LD-300987,02/17/2026 17:15,Organic Search,K-12  Math,South Region,Rep_07,6.69,Contacted,Open,,,
LD-300988,2025-07-02 15:40:00,paid search,Language Learning,West Region,Rep_08,3.28,Contacted,Open,,,
LD-300989,03/26/2025 07:48,Referral,Language Learning,International,Rep_05,0.56,Contacted,Open,,,
LD-300990,2026-01-27 15:03:00,Webinar,Study Abroad Prep,North Region,Rep_01,15.52,Proposal Sent,Lost,Price Objection,1672.0,2026-03-18 03:15:48.545065
LD-300991,2026-01-21 14:53:00,Organic Search,Language Learning,West Region,Rep_08,6.77,Negotiation,Lost,Budget Not Approved,395.72,2026-03-10 21:05:40.214257
LD-300992,04/08/2025 08:30,Partner Channel,Competitive Exam Prep,North Region,Rep_01,0.93,Closed,Won,,975.52,2025-05-28 19:20:37.535767
LD-300993,10-Oct-2025 13:26,Cold Outreach,Coding for Kids,North Region,Rep_11,10.19,Lead,Open,,,
LD-300994,12/12/2025 12:00,Paid  Search,Study Abroad Prep,South Region,Rep_12,22.86,Negotiation,Lost,Price Objection,1690.64,2026-02-16 20:12:08.248185
LD-300995,04/06/2026 18:31,Paid Search,K-12 Math,East Region,Rep_09,6.15,Contacted,Open,,,
LD-300996,2025-08-27 10:09:00,Organic Search,Study Abroad Prep,,Rep_01,0.55,Proposal Sent,Lost,No Response / Ghosted,1681.09,2025-10-01 18:22:41.595084
LD-300997,07-May-2026 14:50,Cold Outreach,K-12 Math,,Rep_12,2.53,Lead,Open,,,
LD-300998,06/13/2025 20:02,Referral,Competitive Exam Prep,North Region,Rep_01,1.17,Closed,Won,,842.86,2025-07-21 19:26:57.163592
LD-300999,01/31/2025 19:16,Webinar,Language Learning,East Region,Rep_09,6.74,Demo Completed,Lost,Went With Competitor,305.66,2025-03-01 08:24:57.775651
LD-301000,01/20/2025 13:28,Cold Outreach,K-12 Math,East Region,Rep_14,0.94,Demo Scheduled,Open,,,
LD-301001,09/08/2025 08:53,Organic Search,Coding for Kids,South Region,Rep_12,6.58,Negotiation,Lost,Bad Timing,600.02,2025-10-04 12:06:38.536408
LD-301002,09-Oct-2025 10:06,organic search,Coding for Kids,South Region,Rep_07,2.55,Proposal Sent,Lost,Price Objection,612.73,2025-11-18 15:34:56.270406
LD-301003,2025-07-18 11:12:00,Webinar,K-12 Math,East Region,Rep_04,0.39,Contacted,Open,,,
LD-301004,2025-01-12 18:02:00,Social Media,Competitive Exam Prep,West Region,Rep_13,0.73,Contacted,Open,,,
LD-301005,06/08/2025 11:44,Cold Outreach,Competitive Exam Prep,West Region,Rep_03,2.64,Lead,Open,,,
LD-301006,11/21/2025 11:26,Organic Search,K-12 Math,West Region,Rep_08,4.12,Lead,Open,,,
LD-301007,26-Jun-2025 16:28,Referral,K-12 Math,,Rep_07,2.97,Closed,Won,,$412.30,2025-07-24 17:28:19.861446
LD-301008,14-Jan-2026 18:16,Partner Channel,Competitive Exam Prep,South Region,Rep_07,10.78,Negotiation,Lost,Price Objection,"$1,168.54",2026-03-02 19:55:03.988938
LD-301009,2025-10-26 15:42:00,Webinar,Language Learning,West Region,Rep_13,2.74,Contacted,Open,,,
LD-301010,2025-03-19 07:45:00,Social Media,coding for kids,South Region,Rep_02,2.81,Contacted,Open,,,
LD-301011,2026-06-04 15:48:00,Referral,Competitive Exam Prep,South Region,Rep_02,1.99,Contacted,Open,,,
LD-301012,2025-11-28 07:23:00,Paid Search,Competitive Exam Prep,North Region,Rep_11,5.88,Demo Scheduled,Open,,,
LD-301013,2025-07-15 16:01:00,Paid Search,Language Learning,West Region,Rep_13,5.31,Demo Completed,Lost,Went With Competitor,401.03,2025-08-08 23:11:20.048381
LD-301014,07/24/2025 08:47,Paid Search,Coding for Kids,International,Rep_10,3.52,Closed,Won,,$702.64,2025-08-22 21:19:53.348499
LD-301015,05/21/2025 07:58,Organic Search,Language Learning,South Region,Rep_12,4.4,Closed,Won,,387.65,2025-06-27 11:31:04.277409
LD-301016,25-May-2026 07:57,paid search,Language Learning,South Region,Rep_07,1.05,Lead,Open,,,
LD-301017,2026-02-26 09:51:00,Paid Search,Coding for Kids,,Rep_06,3.33,Contacted,Open,,,
LD-301018,22-Jul-2025 13:47,Organic Search,Coding for Kids,West Region,Rep_08,1.94,Demo Completed,Lost,Bad Timing,642.57,2025-08-20 07:25:12.897806
LD-301019,21-Jan-2026 09:03,Paid  Search,Competitive Exam Prep,,Rep_11,3.12,Negotiation,Lost,Price Objection,1181.63,2026-02-27 07:32:18.870438
LD-301020,16-Sep-2025 11:20,Webinar,K-12 Math,West Region,Rep_03,1.99,Contacted,Open,,,
LD-301021,2025-07-08 10:23:00,Organic Search,Language Learning,West Region,Rep_13,0.21,Contacted,Open,,,
LD-301022,06/28/2025 10:21,Organic Search,Competitive Exam Prep,West Region,Rep_13,2.49,Contacted,Open,,,
LD-301023,07/31/2025 15:28,Partner Channel,K-12 Math,International,Rep_15,3.95,Contacted,Open,,,
LD-301024,19-Jan-2026 12:40,Partner Channel,K12 Math,East Region,Rep_04,1.51,Proposal Sent,Lost,Bad Timing,448.43,2026-02-24 10:06:55.730643
LD-301025,05/23/2026 15:32,Partner Channel,Competitive Exam Prep,West Region,Rep_13,2.48,Demo Completed,Lost,Went With Competitor,1048.06,2026-06-11 09:37:44.140610
LD-301026,2025-10-31 20:10:00,COLD OUTREACH,coding for kids,West Region,Rep_08,1.3,Lead,Open,,,
LD-301027,11-Apr-2025 16:57,Webinar,Study Abroad Prep,North Region,Rep_06,3.98,Contacted,Open,,,
LD-301028,02/28/2026 12:37,Social Media,Competitive Exam Prep,West Region,Rep_13,0.54,Negotiation,Lost,Bad Timing,1006.32,2026-04-03 17:06:22.040254
LD-301029,03/18/2026 12:41,Paid Search,K-12 Math,East Region,Rep_14,3.51,Lead,Open,,,
LD-301030,2025-01-21 07:37:00,Partner Channel,Study Abroad Prep,North Region,Rep_01,9.85,Closed,Won,,1202.09,2025-02-25 21:04:55.301980
LD-301031,2025-12-10 08:59:00,Organic Search,Competitive Exam Prep,South Region,Rep_07,2.29,Contacted,Open,,,
LD-301032,31-Jul-2025 16:44,Referral,CODING FOR KIDS,West Region,Rep_03,3.01,Negotiation,Lost,Bad Timing,527.19,2025-09-19 05:56:07.827000
LD-301033,02/27/2025 09:28,Paid Search,Coding For Kids,West Region,Rep_13,5.57,Demo Completed,Lost,Bad Timing,$740.93,2025-04-05 11:26:04.299817
LD-301034,07-Jan-2025 07:43,Cold Outreach,K-12  Math,International,Rep_05,1.61,Lead,Open,,,
LD-301035,2025-01-24 15:13:00,Cold Outreach,Coding for Kids,North Region,Rep_06,10.49,Contacted,Open,,,
LD-301036,12/30/2025 19:20,Paid Search,Language Learning,West Region,Rep_13,7.81,Proposal Sent,Lost,No Response / Ghosted,328.19,2026-02-11 07:55:10.738574
LD-301037,21-Jul-2025 12:43,Partner Channel,K-12 Math,East Region,Rep_09,2.25,Demo Completed,Lost,Budget Not Approved,412.09,2025-08-17 07:37:27.729692
LD-301038,09/11/2025 08:33,PPC,Competitive Exam Prep,East Region,Rep_14,6.88,Demo Completed,Lost,Price Objection,1041.56,2025-10-04 20:33:04.972266
LD-301039,2025-11-28 20:47:00,Referral,CODING FOR KIDS,West Region,Rep_13,5.25,Closed,Won,,533.75,2026-01-06 21:56:51.370079
LD-301040,29-May-2026 16:31,Referral,K-12 Math,West Region,Rep_13,0.86,Closed,Won,,$473.03,2026-07-14 18:25:41.738254
LD-301041,10-Sep-2025 18:05,Partner Channel,Competitive Exam Prep,International,Rep_05,20.45,Contacted,Open,,,
LD-301042,01/09/2026 10:54,Referral,Language Learning,South Region,Rep_12,6.21,Closed,Won,,302.68,2026-02-11 22:46:55.041437
LD-301043,16-Apr-2026 11:33,Referral,Coding for Kids,East Region,Rep_14,16.69,Negotiation,Lost,Price Objection,648.85,2026-05-27 12:29:58.731701
LD-301044,12-Mar-2026 15:09,Organic Search,Study Abroad Prep,South Region,Rep_12,0.74,Contacted,Open,,,
LD-301045,09/12/2025 13:48,Organic search,Coding for Kids,East Region,Rep_04,4.88,Lead,Open,,,
LD-301046,2025-09-22 10:21:00,Referral,Language Learning,South Region,Rep_12,5.12,Contacted,Open,,,
LD-301047,07/16/2025 17:37,Paid Search,Competitive Exam Prep,West Region,Rep_13,26.21,Lead,Open,,,
LD-301048,03/04/2026 10:12,Cold Outreach,Language Learning,West Region,Rep_13,1.97,Lead,Open,,,
LD-301049,19-Jun-2026 12:08,organic search,Study Abroad Prep,International,Rep_15,3.03,Proposal Sent,Lost,Price Objection,1482.05,2026-07-23 01:01:10.859175
LD-301050,20-Mar-2026 08:49,Cold Outreach,Competitive Exam Prep,East Region,Rep_04,4.51,Demo Scheduled,Open,,,
LD-301051,06/11/2026 18:10,Organic Search,Competitive Exam Prep,South Region,Rep_07,14.42,Contacted,Open,,,
LD-301052,10/27/2025 12:20,Paid Search,Competitive Exam Prep,West Region,Rep_03,1.35,Lead,Open,,,
LD-301053,05/18/2026 12:23,Webinar,Competitive Exam Prep,South Region,Rep_07,1.66,Demo Completed,Lost,No Response / Ghosted,875.07,2026-06-18 20:38:34.927263
LD-301054,2026-02-12 12:47:00,Paid Search,Coding for Kids,West Region,Rep_03,5.32,Contacted,Open,,,
LD-301055,16-Apr-2025 10:03,Partner Channel,Competitive Exam Prep,East Region,Rep_04,2.67,Lead,Open,,,
LD-301056,2025-11-28 18:30:00,Referral,Competitive Exam Prep,South Region,Rep_02,0.58,Contacted,Open,,,
LD-301057,03/06/2026 18:47,Paid Search,Study Abroad Prep,South Region,Rep_12,5.29,Contacted,Open,,,
LD-301058,06/02/2026 20:16,Organic Search,Study Abroad Prep,South Region,Rep_02,1.77,Proposal Sent,Lost,No Response / Ghosted,"$1,455.87",2026-07-05 08:40:50.756183
LD-301059,2026-01-22 18:15:00,Cold Outreach,K-12 Math,South Region,Rep_12,4.3,Contacted,Open,,,
LD-301060,16-May-2025 18:20,Organic Search,K-12 Math,,Rep_12,1.48,Negotiation,Lost,Price Objection,$568.93,2025-07-07 13:30:14.089284
LD-301061,2025-07-07 13:29:00,Referral,Language Learning,South Region,Rep_02,6.3,Closed,Won,,372.0,2025-08-23 00:57:39.408576
LD-301062,2026-03-25 14:24:00,Paid Search,K-12 Math,,Rep_12,5.86,Negotiation,Lost,Price Objection,516.74,2026-05-07 18:11:42.280763
LD-301063,2026-02-28 12:41:00,Webinar,Language Learning,East Region,Rep_09,1.67,Proposal Sent,Lost,No Response / Ghosted,$389.10,2026-04-03 16:58:34.569575
LD-301064,24-Oct-2025 09:31,Webinar,Language Learning,North Region,Rep_01,6.33,Closed,Won,,296.39,2025-12-12 14:36:08.936189
LD-301065,05/13/2026 11:44,Paid Search,K-12 Math,North Region,Rep_11,7.0,Contacted,Open,,,
LD-301066,2025-09-05 18:40:00,Cold Outreach,Competitive Exam Prep,South Region,Rep_02,1.96,Contacted,Open,,,
LD-301067,01/24/2025 09:05,Social Media,Language Learning,South Region,Rep_07,8.4,Contacted,Open,,,
LD-301068,03/13/2025 11:36,Paid Search,Language Learning,,Rep_02,19.25,Proposal Sent,Lost,Price Objection,$326.57,2025-04-12 16:56:17.100675
LD-301069,12-Feb-2025 14:35,organic search,Coding for Kids,North Region,Rep_11,0.31,Negotiation,Lost,Price Objection,$709.38,2025-03-24 11:51:31.771548
LD-301070,26-Jun-2025 13:56,Partner Channel,K-12 Math,East Region,Rep_09,1.48,Lead,Open,,,
LD-301071,11/02/2025 10:06,Cold Outreach,Coding for Kids,North Region,Rep_11,2.17,Lead,Open,,,
LD-301072,21-Oct-2025 08:14,Social Media,Competitive Exam Prep,South Region,Rep_07,1.15,Demo Scheduled,Open,,,
LD-301073,12/09/2025 10:28,Paid Search,K-12 Math,South Region,Rep_02,3.0,Contacted,Open,,,
LD-301074,01/18/2025 17:18,Paid Search,K-12 Math,,Rep_11,0.76,Demo Completed,Lost,Went With Competitor,529.49,2025-02-26 03:50:11.076872
LD-301075,27-Jun-2025 16:03,Organic Search,Competitive Exam Prep,North Region,Rep_01,9.77,Contacted,Open,,,
LD-301076,02-Feb-2025 13:04,Social Media,Competitive Exam Prep,,Rep_08,6.02,Contacted,Open,,,
LD-301077,18-Sep-2025 20:21,Cold Outreach,K12 Math,North Region,Rep_06,0.84,Lead,Open,,,
LD-301078,2026-02-23 13:56:00,Paid Search,Competitive Exam Prep,South Region,Rep_07,5.07,Proposal Sent,Lost,Price Objection,$972.22,2026-04-02 02:32:42.308051
LD-301079,17-Nov-2025 12:34,Social Media,Competitive Exam Prep,North Region,Rep_11,1.56,Contacted,Open,,,
LD-301080,24-Feb-2025 15:50,Webinar,Coding For Kids,North Region,Rep_11,2.41,Closed,Won,,548.83,2025-04-08 12:32:20.863873
LD-301081,2025-03-11 09:43:00,Organic Search,K-12 Math,South Region,Rep_12,5.2,Negotiation,Lost,Budget Not Approved,582.5,2025-04-23 00:23:48.960911
LD-301082,2025-06-16 10:03:00,Social Media,Language Learning,West Region,Rep_08,1.53,Contacted,Open,,,
LD-301083,03/12/2026 15:37,Webinar,Competitive Exam Prep,International,Rep_10,7.19,Contacted,Open,,,
LD-301084,2026-06-29 07:41:00,Referral,Competitive Exam Prep,South Region,Rep_12,0.6,Closed,Won,,939.44,2026-08-08 08:24:09.308131
LD-301085,2026-02-11 19:48:00,Social Media,Language Learning,West Region,Rep_08,4.77,Contacted,Open,,,
LD-301086,2025-12-03 12:47:00,paid search,Language Learning,South Region,Rep_02,1.21,Demo Completed,Lost,Price Objection,420.49,2025-12-28 18:53:37.429624
LD-301087,23-Jul-2025 14:27,Organic Search,Competitive Exam Prep,South Region,Rep_02,2.52,Contacted,Open,,,
LD-301088,01/28/2026 10:48,Paid Search,Competitive Exam Prep,East Region,Rep_14,3.44,Contacted,Open,,,
LD-301089,08-Nov-2025 14:20,Referral,K-12 Math,East Region,Rep_09,2.29,Closed,Won,,$511.29,2025-12-08 07:57:58.933599
LD-301090,01/24/2025 10:48,Referral,Competitive Exam Prep,West Region,Rep_03,1.27,Negotiation,Lost,Budget Not Approved,"$1,050.60",2025-02-24 19:29:02.509483
LD-301091,05-Feb-2025 20:56,Social,Coding for Kids,North Region,Rep_06,2.18,Demo Scheduled,Open,,,
LD-301092,2026-06-29 17:13:00,Referral,Study Abroad Prep,South Region,Rep_07,1.05,Demo Scheduled,Open,,,
LD-301093,05/30/2025 16:43,Organic search,Competitive Exam Prep,East Region,Rep_14,5.61,Lead,Open,,,
LD-301094,06/24/2025 19:16,Webinar,K-12 Math,North Region,Rep_11,1.08,Contacted,Open,,,
LD-301095,25-Nov-2025 20:34,Webinar,Language Learning,West Region,Rep_03,2.25,Demo Scheduled,Open,,,
LD-301096,2025-09-30 10:54:00,Organic Search,Competitive Exam Prep,East Region,Rep_04,5.44,Closed,Won,,917.74,2025-10-27 22:18:27.780718
LD-301097,16-Mar-2026 09:07,Paid Search,Competitive Exam Prep,South Region,Rep_02,1.11,Contacted,Open,,,
LD-301098,2025-03-18 19:20:00,Webinar,K-12 Math,South Region,Rep_07,6.19,Contacted,Open,,,
LD-301099,03/05/2025 16:18,Paid Search,K-12 Math,East Region,Rep_09,6.61,Demo Completed,Lost,No Response / Ghosted,583.33,2025-04-07 14:38:54.232717
LD-301100,30-Mar-2025 08:13,Partner Channel,Coding for Kids,South Region,Rep_02,1.32,Contacted,Open,,,
LD-301101,06/26/2026 10:39,Social Media,coding for kids,South Region,Rep_02,11.13,Lead,Open,,,
LD-301102,11-Oct-2025 10:26,Social Media,Language Learning,South Region,Rep_07,0.76,Contacted,Open,,,
LD-301103,2025-09-15 12:14:00,Webinar,Language Learning,West Region,Rep_08,2.19,Demo Scheduled,Open,,,
LD-301104,07-Aug-2025 12:02,Paid Search,K-12 Math,International,Rep_15,1.55,Contacted,Open,,,
LD-301105,11/27/2025 18:41,Social Media,Competitive Exam Prep,West Region,Rep_08,1.79,Contacted,Open,,,
LD-301106,25-Jun-2025 16:10,Webinar,k-12 math,South Region,Rep_07,1.09,Contacted,Open,,,
LD-301107,24-Feb-2026 14:52,Webinar,Study Abroad Prep,South Region,Rep_12,10.59,Contacted,Open,,,
LD-301108,03/21/2025 11:49,Organic Search,Coding for Kids,West Region,Rep_03,0.6,Contacted,Open,,,
LD-301109,24-Jan-2025 17:40,Webinar,K-12 Math,North Region,Rep_11,6.03,Closed,Won,,$564.25,2025-03-07 16:20:15.383339
LD-301110,11-Feb-2026 09:54,Paid Search,K-12 Math,South Region,Rep_02,2.22,Contacted,Open,,,
LD-301111,02/09/2025 11:10,Social Media,K-12 Math,International,Rep_05,2.04,Contacted,Open,,,
LD-301112,2025-03-28 16:11:00,Paid Search,Language Learning,West Region,Rep_13,15.73,Contacted,Open,,,
LD-301113,2025-07-18 09:08:00,Referral,K-12 Math,North Region,Rep_01,1.46,Contacted,Open,,,
LD-301114,11/14/2025 17:48,Referral,Competitive Exam Prep,East Region,Rep_09,5.5,Contacted,Open,,,
LD-301115,2025-09-02 13:58:00,Referral,Competitive Exam Prep,North Region,Rep_06,0.9,Closed,Won,,$834.14,2025-10-17 16:24:50.891004
LD-301116,12/24/2025 09:45,Social Media,Coding for Kids,International,Rep_05,1.36,Lead,Open,,,
LD-301117,2025-10-17 15:49:00,Partner Channel,Language Learning,West Region,Rep_03,11.14,Demo Completed,Lost,Budget Not Approved,372.1,2025-11-10 17:09:07.438854
LD-301118,28-Apr-2025 08:56,Social Media,Language Learning,South Region,Rep_12,2.69,Lead,Open,,,
LD-301119,07-Mar-2025 16:14,Organic Search,Competitive Exam Prep,East Region,Rep_09,21.27,Contacted,Open,,,
LD-301120,2025-11-25 12:18:00,Referral,Coding For Kids,North Region,Rep_06,13.98,Contacted,Open,,,
LD-301121,03/26/2025 19:23,Cold Outreach,Coding for Kids,West Region,Rep_03,2.12,Lead,Open,,,
LD-301122,08-Apr-2025 16:55,Partner Channel,Coding for Kids,South Region,Rep_07,1.93,Proposal Sent,Lost,No Response / Ghosted,688.36,2025-05-13 01:39:43.172124
LD-301123,03/27/2025 16:26,Paid Search,K-12 Math,North Region,Rep_01,6.57,Demo Completed,Lost,No Response / Ghosted,531.99,2025-04-23 12:24:39.293382
LD-301124,2025-10-25 17:03:00,Paid Search,K-12 Math,South Region,Rep_02,0.88,Contacted,Open,,,
LD-301125,07-Jul-2025 20:20,Social Media,Coding for Kids,North Region,Rep_06,3.14,Lead,Open,,,
LD-301126,11/06/2025 09:10,Referral,Study Abroad Prep,South Region,Rep_07,3.44,Negotiation,Lost,Price Objection,"$1,681.09",2025-12-20 08:31:14.373623
LD-301127,19-Jun-2026 09:51,Organic Search,Coding for Kids,South Region,Rep_02,10.71,Closed,Won,,556.77,2026-08-01 22:38:38.070281
LD-301128,2025-08-26 20:41:00,Referral,K-12 Math,South Region,Rep_12,1.12,Contacted,Open,,,
LD-301129,2025-06-25 09:14:00,Partner Channel,Language Learning,North Region,Rep_01,8.74,Contacted,Open,,,
LD-301130,03/13/2025 08:23,Social Media,Language Learning,South Region,Rep_07,5.69,Proposal Sent,Lost,Price Objection,$309.59,2025-04-14 12:21:30.373444
LD-301131,06-May-2026 12:21,cold outreach,Study Abroad Prep,West Region,Rep_13,2.13,Lead,Open,,,
LD-301132,18-Mar-2026 07:00,Cold Outreach,Language Learning,South Region,Rep_02,2.83,Lead,Open,,,
LD-301133,04/11/2025 10:02,Partner Channel,Language Learning,East Region,Rep_04,0.96,Lead,Open,,,
LD-301134,05/01/2026 12:40,Paid  Search,Competitive Exam Prep,West Region,Rep_03,2.28,Demo Completed,Lost,Price Objection,$918.77,2026-05-23 11:42:03.101183
LD-301135,15-Jan-2026 17:37,Referral,Study Abroad Prep,International,Rep_10,4.2,Proposal Sent,Lost,Bad Timing,1548.18,2026-02-04 08:31:45.585980
LD-301136,05/04/2026 15:22,Partner Channel,Competitive Exam Prep,North Region,Rep_11,1.35,Closed,Won,,"$1,069.97",2026-05-30 04:20:22.651557
LD-301137,17-Nov-2025 20:25,Organic Search,Language Learning,North Region,Rep_06,1.07,Demo Completed,Lost,Went With Competitor,$293.07,2025-12-12 13:04:51.211145
LD-301138,05-Sep-2025 10:58,Paid Search,Study Abroad Prep,North Region,Rep_11,1.78,Negotiation,Lost,No Response / Ghosted,1306.1,2025-10-04 02:37:55.825748
LD-301139,2025-12-22 15:50:00,Organic Search,Competitive Exam Prep,South Region,Rep_07,5.52,Contacted,Open,,,
LD-301140,09/07/2025 19:17,Organic Search,k-12 math,East Region,Rep_04,2.41,Demo Completed,Lost,Went With Competitor,$427.37,2025-10-16 08:15:04.243363
LD-301141,09/20/2025 09:26,Paid Search,K-12 Math,North Region,Rep_06,14.89,Demo Completed,Lost,Bad Timing,549.84,2025-10-19 11:49:59.154283
LD-301142,06/10/2026 14:20,Referral,Coding for Kids,South Region,Rep_02,2.32,Contacted,Open,,,
LD-301143,17-Jun-2026 08:53,Social Media,CODING FOR KIDS,East Region,Rep_14,5.68,Lead,Open,,,
LD-301144,11/10/2025 17:02,Paid Search,Coding for Kids,,Rep_08,2.15,Contacted,Open,,,
LD-301145,2025-11-12 20:22:00,Organic Search,Study Abroad Prep,East Region,Rep_14,0.66,Contacted,Open,,,
LD-301146,06/15/2026 08:49,social media,Study Abroad Prep,West Region,Rep_03,2.83,Lead,Open,,,
LD-301147,08/31/2025 15:54,Social Media,Competitive Exam Prep,East Region,Rep_14,6.33,Contacted,Open,,,
LD-301148,11-Apr-2026 19:27,PPC,Study Abroad Prep,East Region,Rep_09,3.92,Contacted,Open,,,
LD-301149,2025-03-11 16:26:00,Social Media,Competitive Exam Prep,East Region,Rep_09,7.82,Lead,Open,,,
LD-301150,2025-10-28 17:35:00,Partner Channel,Coding for Kids,South Region,Rep_07,3.58,Closed,Won,,660.95,2025-12-10 01:44:34.422471
LD-301151,2025-06-17 13:24:00,Partner Channel,K-12 Math,West Region,Rep_13,2.46,Demo Completed,Lost,Budget Not Approved,557.33,2025-07-30 08:24:00.320198
LD-301152,2025-06-19 13:38:00,Cold Outreach,Language Learning,West Region,Rep_03,2.38,Lead,Open,,,
LD-301153,2025-09-12 14:03:00,Paid Search,CODING FOR KIDS,South Region,Rep_02,10.51,Contacted,Open,,,
LD-301154,2025-02-20 16:34:00,Webinar,K-12 Math,North Region,Rep_11,1.9,Contacted,Open,,,
LD-301155,08/22/2025 15:10,social media,Coding for Kids,North Region,Rep_01,6.41,Contacted,Open,,,
LD-301156,05-Apr-2026 10:24,Cold Outreach,Study Abroad Prep,East Region,Rep_04,0.89,Lead,Open,,,
LD-301157,04/18/2025 08:45,Cold Outreach,K-12 Math,East Region,Rep_04,2.04,Lead,Open,,,
LD-301158,01/31/2025 18:41,Organic Search,K-12 Math,North Region,Rep_11,1.46,Contacted,Open,,,
LD-301159,02/07/2025 08:06,Webinar,Competitive Exam Prep,West Region,Rep_08,2.72,Contacted,Open,,,
LD-301160,2025-08-15 13:53:00,Cold Outreach,K-12 Math,North Region,Rep_01,6.25,Contacted,Open,,,
LD-301161,2025-10-22 07:11:00,Paid Search,Study Abroad Prep,West Region,Rep_13,0.81,Contacted,Open,,,
LD-301162,07/14/2025 16:39,Cold Outreach,Coding for Kids,International,Rep_15,1.53,Lead,Open,,,
LD-301163,27-Jun-2025 09:41,Organic Search,CODING FOR KIDS,International,Rep_05,3.06,Lead,Open,,,
LD-301164,13-May-2025 18:11,Paid Search,K-12 Math,International,Rep_10,5.48,Lead,Open,,,
LD-301165,02/25/2026 11:12,Social Media,Language Learning,West Region,Rep_13,2.68,Demo Completed,Lost,Bad Timing,$421.10,2026-03-18 19:10:37.849511
LD-301166,2025-03-05 19:41:00,Organic Search,Coding for Kids,South Region,Rep_12,2.22,Contacted,Open,,,
LD-301167,2025-08-26 18:20:00,Social Media,Coding for Kids,West Region,Rep_08,2.22,Contacted,Open,,,
LD-301168,03/25/2026 11:58,PPC,Study Abroad Prep,South Region,Rep_07,4.0,Contacted,Open,,,
LD-301169,07/25/2025 10:25,social media,Competitive Exam Prep,West Region,Rep_08,1.62,Contacted,Open,,,
LD-301170,03-Sep-2025 09:26,Paid Search,Coding For Kids,South Region,Rep_02,1.58,Demo Completed,Lost,Budget Not Approved,$563.78,2025-10-07 21:34:28.614426
LD-301171,03/07/2025 16:52,Social,K-12 Math,North Region,Rep_06,1.68,Contacted,Open,,,
LD-301172,10/29/2025 13:10,Webinar,Coding for Kids,West Region,Rep_03,8.21,Contacted,Open,,,
LD-301173,2025-08-28 20:50:00,Organic Search,Competitive Exam Prep,South Region,Rep_12,0.89,Contacted,Open,,,
LD-301174,10/13/2025 14:47,Referral,Coding for Kids,North Region,Rep_06,3.64,Contacted,Open,,,
LD-301175,06/11/2025 20:41,Partner Channel,K-12 Math,,Rep_07,1.51,Demo Completed,Lost,Price Objection,$539.87,2025-07-06 01:38:57.601769
LD-301176,04/12/2025 14:54,Cold Outreach,Competitive Exam Prep,North Region,Rep_11,1.66,Contacted,Open,,,
LD-301177,18-Jul-2025 13:51,Organic search,K-12 Math,International,Rep_15,5.64,Contacted,Open,,,
LD-301178,05/08/2025 08:22,Referral,Coding for Kids,North Region,Rep_06,2.89,Negotiation,Lost,No Response / Ghosted,551.55,2025-05-31 16:44:34.691719
LD-301179,2025-05-15 14:02:00,Webinar,Competitive Exam Prep,International,Rep_05,0.85,Negotiation,Lost,Price Objection,$815.01,2025-07-03 10:04:53.346579
LD-301180,2025-06-25 15:46:00,Webinar,K-12 Math,South Region,Rep_07,6.8,Contacted,Open,,,
LD-301181,03/27/2025 20:02,Organic Search,K-12 Math,International,Rep_05,2.95,Contacted,Open,,,
LD-301182,2025-05-31 15:43:00,SOCIAL MEDIA,K-12 Math,South Region,Rep_12,1.41,Contacted,Open,,,
LD-301183,2025-10-09 09:05:00,Social Media,K-12 Math,East Region,Rep_09,1.91,Lead,Open,,,
LD-301184,05-Sep-2025 07:37,Social Media,Competitive Exam Prep,International,Rep_05,3.12,Lead,Open,,,
LD-301185,29-Jun-2025 17:10,Cold Outreach,Language Learning,North Region,Rep_11,3.54,Lead,Open,,,
LD-301186,08-Jan-2025 14:11,PPC,K-12 Math,International,Rep_10,5.48,Contacted,Open,,,
LD-301187,07-Jan-2026 07:31,Organic search,K-12 Math,International,Rep_15,2.68,Lead,Open,,,
LD-301188,2025-01-19 10:46:00,Paid Search,Language Learning,East Region,Rep_09,2.21,Proposal Sent,Lost,Price Objection,$386.65,2025-03-05 15:39:15.850720
LD-301189,19-Dec-2025 20:38,PPC,Coding for Kids,South Region,Rep_07,1.75,Contacted,Open,,,
LD-301190,18-May-2026 16:20,Referral,k-12 math,East Region,Rep_04,4.8,Contacted,Open,,,
LD-301191,2025-06-19 17:11:00,Referral,K-12 Math,West Region,Rep_13,22.65,Contacted,Open,,,
LD-301192,16-Sep-2025 19:25,Cold Outreach,K-12 Math,North Region,Rep_06,3.27,Lead,Open,,,
LD-301193,09/26/2025 16:58,SOCIAL MEDIA,Language Learning,West Region,Rep_03,4.1,Contacted,Open,,,
LD-301194,03/12/2025 10:14,Social Media,Coding for Kids,International,Rep_15,2.08,Contacted,Open,,,
LD-301195,10/31/2025 16:03,Cold Outreach,Language Learning,North Region,Rep_01,0.73,Lead,Open,,,
LD-301196,07-Nov-2025 15:58,Partner Channel,Competitive Exam Prep,North Region,Rep_11,1.69,Contacted,Open,,,
LD-301197,02/14/2025 16:55,Organic Search,Coding for Kids,North Region,Rep_11,2.72,Contacted,Open,,,
LD-301198,2025-07-22 18:46:00,Paid  Search,Coding for Kids,West Region,Rep_13,1.75,Closed,Won,,719.46,2025-09-05 00:28:49.484903
LD-301199,11/28/2025 12:57,Partner Channel,Competitive Exam Prep,South Region,Rep_07,10.79,Contacted,Open,,,
LD-301200,17-Jan-2026 10:43,Paid Search,Competitive Exam Prep,North Region,Rep_06,8.09,Contacted,Open,,,
LD-301201,01/24/2026 09:35,Webinar,Competitive Exam Prep,North Region,Rep_06,13.78,Proposal Sent,Lost,Budget Not Approved,1050.56,2026-03-09 09:00:17.272284
LD-301202,2025-06-26 18:20:00,SEO,Language Learning,West Region,Rep_08,0.65,Negotiation,Lost,Went With Competitor,393.19,2025-08-17 05:46:09.769219
LD-301203,05-Feb-2026 16:38,Social Media,Study Abroad Prep,South Region,Rep_02,3.78,Contacted,Open,,,
LD-301204,17-Dec-2025 12:46,PPC,Language Learning,South Region,Rep_07,3.97,Contacted,Open,,,
LD-301205,06/18/2025 11:46,Paid Search,K-12 Math,South Region,Rep_07,0.9,Closed,Won,,503.06,2025-07-29 01:07:01.121244
LD-301206,21-Nov-2025 08:52,Social Media,Language Learning,South Region,Rep_12,3.28,Contacted,Open,,,
LD-301207,02/13/2026 18:17,Referral,K-12 Math,South Region,Rep_12,1.03,Contacted,Open,,,
LD-301208,06/13/2025 10:31,SEO,CODING FOR KIDS,South Region,Rep_02,3.48,Contacted,Open,,,
LD-301209,03/16/2026 19:37,Social Media,Study Abroad Prep,South Region,Rep_02,3.77,Contacted,Open,,,
LD-301210,02/12/2026 12:06,Referral,Study Abroad Prep,South Region,Rep_02,12.42,Closed,Won,,1683.97,2026-03-19 01:52:21.544479
LD-301211,2026-06-11 11:12:00,Organic Search,Competitive Exam Prep,North Region,Rep_01,3.71,Demo Completed,Lost,No Response / Ghosted,$940.75,2026-07-14 03:27:34.063809
LD-301212,09-Feb-2026 18:00,Cold Outreach,Study Abroad Prep,West Region,Rep_13,10.3,Lead,Open,,,
LD-301213,05/04/2026 09:18,Cold Outreach,Language Learning,East Region,Rep_09,2.3,Lead,Open,,,
LD-301214,06/05/2026 13:52,cold outreach,K-12  Math,North Region,Rep_01,4.64,Demo Completed,Lost,Went With Competitor,416.32,2026-07-06 20:21:26.738252
LD-301215,11/13/2025 19:13,Referral,K-12 Math,West Region,Rep_03,1.01,Proposal Sent,Lost,Price Objection,$572.79,2025-12-22 16:22:31.422989
LD-301216,2025-08-28 08:57:00,Webinar,K12 Math,South Region,Rep_12,1.69,Lead,Open,,,
LD-301217,17-Mar-2026 19:14,Paid  Search,Study Abroad Prep,South Region,Rep_12,12.0,Negotiation,Lost,No Response / Ghosted,1712.38,2026-05-19 15:54:53.260561
LD-301218,2025-07-03 14:45:00,Referral,Coding for Kids,,Rep_02,6.79,Closed,Won,,$568.32,2025-08-26 03:18:32.621768
LD-301219,05/19/2026 10:21,Cold Outreach,Competitive Exam Prep,South Region,Rep_12,0.87,Contacted,Open,,,
LD-301220,26-Nov-2025 11:51,Organic Search,Language Learning,East Region,Rep_14,1.1,Contacted,Open,,,
LD-301221,28-Feb-2025 17:17,Social Media,Language Learning,West Region,Rep_13,2.52,Lead,Open,,,
LD-301222,31-May-2026 09:26,Webinar,Language Learning,South Region,Rep_12,1.9,Closed,Won,,$372.00,2026-06-26 21:42:20.596755
LD-301223,2025-05-12 14:19:00,Organic Search,Language Learning,North Region,Rep_06,3.51,Contacted,Open,,,
LD-301224,2025-11-27 19:21:00,Referral,K-12 Math,North Region,Rep_11,2.21,Contacted,Open,,,
LD-301225,2025-04-04 19:47:00,Referral,Competitive Exam Prep,International,Rep_10,1.24,Contacted,Open,,,
LD-301226,10/15/2025 16:29,Referral,Language Learning,East Region,Rep_14,2.92,Proposal Sent,Lost,No Response / Ghosted,402.99,2025-12-04 06:07:32.498812
LD-301227,05/30/2026 07:27,Webinar,K-12 Math,South Region,Rep_12,2.74,Negotiation,Lost,No Response / Ghosted,542.76,2026-07-15 05:41:41.401660
LD-301228,2025-10-07 15:32:00,Organic search,Coding for Kids,North Region,Rep_11,3.03,Proposal Sent,Lost,No Response / Ghosted,731.05,2025-11-03 17:38:00.669305
LD-301229,27-Jun-2025 18:28,Paid Search,Competitive Exam Prep,North Region,Rep_11,5.66,Contacted,Open,,,
LD-301230,07/08/2025 07:20,Organic Search,Competitive Exam Prep,West Region,Rep_03,6.47,Contacted,Open,,,
LD-301231,05/29/2026 13:45,Paid Search,Competitive Exam Prep,North Region,Rep_01,8.59,Negotiation,Lost,Price Objection,$965.36,2026-06-27 20:02:17.440341
LD-301232,02-May-2025 14:04,Organic Search,Competitive Exam Prep,International,Rep_15,0.52,Closed,Won,,$835.88,2025-06-16 09:09:53.117114
LD-301233,27-Nov-2025 12:11,Paid Search,K-12 Math,International,Rep_05,1.8,Contacted,Open,,,
LD-301234,21-Apr-2026 16:44,Social Media,Competitive Exam Prep,,Rep_04,2.57,Lead,Open,,,
LD-301235,2026-05-17 12:38:00,Organic Search,Study Abroad Prep,International,Rep_05,7.38,Contacted,Open,,,
LD-301236,29-Sep-2025 17:45,Referral,Competitive Exam Prep,West Region,Rep_03,1.64,Closed,Won,,879.18,2025-11-09 12:05:21.873248
LD-301237,08/25/2025 17:54,Webinar,Competitive Exam Prep,North Region,Rep_01,9.88,Closed,Won,,1125.14,2025-09-29 02:01:06.564925
LD-301238,30-Apr-2026 17:54,Webinar,Study Abroad Prep,North Region,Rep_11,1.22,Closed,Won,,1639.81,2026-06-08 22:17:27.198270
LD-301239,2025-07-15 19:16:00,Webinar,Competitive Exam Prep,International,Rep_05,2.24,Contacted,Open,,,
LD-301240,23-Jan-2026 16:38,Partner Channel,Competitive Exam Prep,East Region,Rep_14,0.9,Negotiation,Lost,Bad Timing,$848.71,2026-03-15 15:12:06.710321
LD-301241,02-May-2026 14:50,Cold Outreach,Competitive Exam Prep,West Region,Rep_03,1.53,Lead,Open,,,
LD-301242,02/09/2025 16:45,Webinar,Competitive Exam Prep,West Region,Rep_03,2.03,Closed,Won,,908.8,2025-03-27 18:48:14.416257
LD-301243,2026-03-10 18:28:00,Organic Search,Language Learning,North Region,Rep_06,17.15,Proposal Sent,Lost,No Response / Ghosted,306.23,2026-04-07 19:20:16.957917
LD-301244,01/14/2026 12:07,Paid Search,Language Learning,North Region,Rep_11,9.17,Contacted,Open,,,
LD-301245,2026-05-01 14:32:00,Organic Search,K-12 Math,South Region,Rep_12,2.32,Demo Completed,Lost,Price Objection,$561.38,2026-06-07 04:48:07.794597
LD-301246,04/07/2025 13:38,Paid Search,K-12  Math,North Region,Rep_11,13.19,Contacted,Open,,,
LD-301247,2026-03-25 19:42:00,Paid Search,Competitive Exam Prep,South Region,Rep_07,3.12,Demo Completed,Lost,Went With Competitor,"$1,082.18",2026-04-27 18:29:23.205754
LD-301248,2025-09-18 08:20:00,Organic Search,Coding for Kids,East Region,Rep_04,2.88,Lead,Open,,,
LD-301249,04/17/2025 08:48,Referral,Language Learning,South Region,Rep_12,2.68,Contacted,Open,,,
LD-301250,2025-05-09 17:00:00,Organic Search,Language Learning,,Rep_12,2.25,Demo Completed,Lost,Bad Timing,343.64,2025-06-12 07:39:32.117547
LD-301251,02-Feb-2026 14:23,Organic Search,Study Abroad Prep,West Region,Rep_03,3.26,Contacted,Open,,,
LD-301252,06/05/2026 09:35,Organic Search,Language Learning,North Region,Rep_11,3.21,Contacted,Open,,,
LD-301253,04/23/2025 07:32,Referral,Language Learning,South Region,Rep_02,7.51,Closed,Won,,330.41,2025-06-03 09:57:01.636118
LD-301254,08/06/2025 20:19,Paid Search,Language Learning,,Rep_03,1.03,Contacted,Open,,,
LD-301255,03/29/2026 14:05,Webinar,Language Learning,North Region,Rep_01,3.29,Contacted,Open,,,
LD-301256,03/18/2025 12:34,Webinar,K-12 Math,West Region,Rep_08,15.31,Closed,Won,,475.86,2025-04-10 21:53:54.941760
LD-301257,02-Jan-2026 19:50,Webinar,Competitive Exam Prep,South Region,Rep_07,3.46,Contacted,Open,,,
LD-301258,2026-01-28 16:47:00,Organic Search,Coding for Kids,South Region,Rep_12,1.4,Contacted,Open,,,
LD-301259,2025-08-15 14:57:00,Social,Competitive Exam Prep,East Region,Rep_14,6.47,Lead,Open,,,
LD-301260,2026-01-02 14:45:00,Paid Search,Study Abroad Prep,West Region,Rep_13,1.48,Contacted,Open,,,
LD-301261,2025-06-16 09:08:00,Cold Outreach,CODING FOR KIDS,International,Rep_05,11.31,Contacted,Open,,,
LD-301262,2025-03-28 17:38:00,PPC,K-12 Math,International,Rep_15,3.94,Contacted,Open,,,
LD-301263,2026-02-16 14:11:00,Referral,Language Learning,South Region,Rep_12,1.9,Closed,Won,,313.13,2026-04-01 11:39:56.816499
LD-301264,01/01/2025 14:27,Referral,Competitive Exam Prep,North Region,Rep_06,6.89,Negotiation,Lost,Went With Competitor,1016.51,2025-02-18 17:06:52.841799
LD-301265,27-Mar-2026 18:14,Social Media,K-12 Math,South Region,Rep_07,4.14,Lead,Open,,,
LD-301266,2025-07-22 14:24:00,Referral,Competitive Exam Prep,North Region,Rep_01,1.34,Contacted,Open,,,
LD-301267,06/10/2026 14:37,Organic Search,Coding for Kids,,Rep_02,6.51,Contacted,Open,,,
LD-301268,03-Apr-2025 08:34,Referral,Competitive Exam Prep,East Region,Rep_04,0.59,Closed,Won,,890.85,2025-05-05 13:39:15.772310
LD-301269,08/13/2025 11:40,Referral,K-12 Math,South Region,Rep_07,9.74,Contacted,Open,,,
LD-301270,2025-08-07 07:35:00,Referral,Study Abroad Prep,East Region,Rep_09,8.11,Closed,Won,,"$1,681.42",2025-09-17 12:31:47.422825
LD-301271,12-Jan-2025 07:17,Social Media,K-12 Math,East Region,Rep_14,1.25,Lead,Open,,,
LD-301272,12/30/2025 08:39,Cold Outreach,Study Abroad Prep,International,Rep_15,8.29,Lead,Open,,,
LD-301273,2025-07-09 10:05:00,Webinar,Study Abroad Prep,North Region,Rep_01,0.84,Negotiation,Lost,Bad Timing,"$1,566.35",2025-09-06 06:43:13.552437
LD-301274,09/04/2025 11:09,Paid Search,Competitive Exam Prep,North Region,Rep_11,0.9,Contacted,Open,,,
LD-301275,04/23/2025 12:41,Paid Search,Competitive Exam Prep,West Region,Rep_08,10.02,Contacted,Open,,,
LD-301276,05/16/2025 20:42,PPC,Language Learning,North Region,Rep_11,0.97,Closed,Won,,$378.57,2025-06-24 22:23:28.182182
LD-301277,2025-09-10 08:25:00,Referral,Language Learning,South Region,Rep_12,12.68,Closed,Won,,343.86,2025-10-16 15:38:39.593824
LD-301278,10/31/2025 13:31,Paid Search,K-12 Math,East Region,Rep_04,2.96,Contacted,Open,,,
LD-301279,01/09/2026 09:25,Paid  Search,Language Learning,West Region,Rep_13,6.7,Negotiation,Lost,No Response / Ghosted,412.13,2026-02-24 09:45:39.360980
LD-301280,13-Mar-2026 18:11,Cold Outreach,K-12 Math,West Region,Rep_03,0.95,Negotiation,Lost,No Response / Ghosted,505.41,2026-04-24 22:26:55.797764
LD-301281,04/22/2026 14:00,Paid Search,Language Learning,International,Rep_05,0.51,Contacted,Open,,,
LD-301282,02/28/2025 07:06,Referral,K-12 Math,West Region,Rep_03,1.22,Contacted,Open,,,
LD-301283,01-May-2026 14:33,Organic Search,Language Learning,North Region,Rep_11,3.71,Negotiation,Lost,Went With Competitor,323.9,2026-06-24 14:32:27.347840
LD-301284,02/23/2025 16:53,Webinar,K-12 Math,West Region,Rep_08,2.81,Proposal Sent,Lost,Went With Competitor,444.48,2025-04-05 00:16:57.033282
LD-301285,11/03/2025 10:45,Paid Search,K-12 Math,South Region,Rep_07,1.9,Contacted,Open,,,
LD-301286,2025-01-03 10:29:00,Partner Channel,K-12 Math,North Region,Rep_11,7.26,Proposal Sent,Lost,No Response / Ghosted,$476.56,2025-02-06 05:56:07.142990
LD-301287,08/22/2025 20:47,Referral,Coding for Kids,North Region,Rep_01,5.52,Contacted,Open,,,
LD-301288,2025-04-03 12:58:00,social media,K-12 Math,South Region,Rep_02,0.89,Contacted,Open,,,
LD-301289,2025-09-05 07:37:00,SOCIAL MEDIA,Coding for Kids,North Region,Rep_01,1.1,Lead,Open,,,
LD-301290,2025-01-24 07:02:00,Organic search,Language Learning,South Region,Rep_07,7.51,Contacted,Open,,,
LD-301291,11-Feb-2026 19:21,Cold Outreach,Coding for Kids,North Region,Rep_01,2.24,Lead,Open,,,
LD-301292,2025-11-14 18:46:00,Organic Search,Competitive Exam Prep,South Region,Rep_12,13.9,Negotiation,Lost,No Response / Ghosted,$863.77,2025-12-27 07:21:15.399049
LD-301293,16-Jun-2026 19:50,Referral,K-12 Math,West Region,Rep_03,0.62,Contacted,Open,,,
LD-301294,04/24/2026 16:54,Webinar,Competitive Exam Prep,West Region,Rep_08,2.09,Contacted,Open,,,
LD-301295,12-Jun-2026 15:23,Organic Search,Coding for Kids,South Region,Rep_02,0.53,Contacted,Open,,,
LD-301296,03/28/2025 11:42,Social Media,K-12 Math,South Region,Rep_12,2.0,Contacted,Open,,,
LD-301297,14-Feb-2025 20:26,Paid  Search,Coding for Kids,West Region,Rep_08,4.2,Demo Completed,Lost,No Response / Ghosted,566.17,2025-03-27 04:48:53.086118
LD-301298,2025-06-02 11:05:00,Paid Search,K-12 Math,,Rep_01,4.55,Demo Completed,Lost,Budget Not Approved,$509.80,2025-07-09 20:31:48.124064
LD-301299,05/22/2026 12:39,Referral,Competitive Exam Prep,West Region,Rep_08,1.47,Closed,Won,,1174.15,2026-07-09 18:31:50.097355
LD-301300,28-Mar-2025 07:49,Social Media,Coding for Kids,West Region,Rep_13,6.57,Contacted,Open,,,
LD-301301,19-Sep-2025 20:39,Social Media,Study Abroad Prep,North Region,Rep_06,11.22,Lead,Open,,,
LD-301302,25-Apr-2026 19:20,Paid Search,Competitive Exam Prep,North Region,Rep_06,2.9,Contacted,Open,,,
LD-301303,03/14/2025 11:07,Referral,Coding for Kids,International,Rep_05,2.52,Negotiation,Lost,Went With Competitor,$669.98,2025-04-15 13:42:55.311226
LD-301304,26-Nov-2025 14:07,Paid Search,Competitive Exam Prep,East Region,Rep_14,1.21,Demo Completed,Lost,Price Objection,1135.19,2025-12-18 09:20:34.756254
LD-301305,04-Jul-2025 12:14,Webinar,K-12 Math,South Region,Rep_02,17.07,Closed,Won,,425.37,2025-08-16 21:48:37.328252
LD-301306,04/03/2026 09:12,Cold Outreach,Coding for Kids,East Region,Rep_14,22.52,Contacted,Open,,,
LD-301307,2026-06-24 07:09:00,Partner Channel,K-12 Math,,Rep_05,5.59,Proposal Sent,Lost,Bad Timing,553.79,2026-07-24 06:23:22.876888
LD-301308,04/17/2026 15:43,Webinar,K-12 Math,,Rep_08,3.92,Closed,Won,,$473.37,2026-06-02 05:06:03.263272
LD-301309,2025-11-15 09:09:00,Cold Outreach,Language Learning,International,Rep_15,1.91,Lead,Open,,,
LD-301310,17-Nov-2025 12:56,Referral,K-12 Math,South Region,Rep_12,3.37,Closed,Won,,483.45,2025-12-26 06:12:18.729480
LD-301311,06/19/2026 18:46,Cold Outreach,K-12 Math,South Region,Rep_07,0.34,Contacted,Open,,,
LD-301312,2025-08-08 13:13:00,PPC,Study Abroad Prep,South Region,Rep_02,2.55,Contacted,Open,,,
LD-301313,04/02/2025 17:23,Organic Search,Language Learning,International,Rep_10,6.02,Lead,Open,,,
LD-301314,02/06/2026 13:43,Webinar,Study Abroad Prep,,Rep_02,2.0,Contacted,Open,,,
LD-301315,2025-02-19 12:54:00,Social Media,K-12 Math,,Rep_03,1.36,Contacted,Open,,,
LD-301316,2026-05-22 09:44:00,Cold Outreach,Language Learning,West Region,Rep_08,7.16,Contacted,Open,,,
LD-301317,2025-11-29 15:35:00,Social Media,Study Abroad Prep,South Region,Rep_02,9.36,Lead,Open,,,
LD-301318,11-Sep-2025 12:34,Social Media,K-12 Math,International,Rep_15,3.4,Contacted,Open,,,
LD-301319,06/20/2025 08:46,Social Media,Competitive Exam Prep,International,Rep_10,2.05,Contacted,Open,,,
LD-301320,28-Nov-2025 08:10,Paid Search,Competitive Exam Prep,North Region,Rep_06,14.5,Contacted,Open,,,
LD-301321,11-Jan-2026 09:40,Social Media,Coding for Kids,North Region,Rep_01,2.4,Contacted,Open,,,
LD-301322,21-May-2026 16:45,Social Media,K-12 Math,East Region,Rep_09,5.66,Contacted,Open,,,
LD-301323,09-Apr-2026 19:42,Webinar,K-12 Math,North Region,Rep_01,7.61,Contacted,Open,,,
LD-301324,19-Sep-2025 13:14,Organic Search,Language Learning,North Region,Rep_06,8.6,Contacted,Open,,,
LD-301325,02/26/2026 17:31,Social Media,Language Learning,West Region,Rep_03,7.91,Contacted,Open,,,
LD-301326,2026-05-03 12:00:00,Partner Channel,Competitive Exam Prep,North Region,Rep_11,4.86,Contacted,Open,,,
LD-301327,24-Nov-2025 15:34,Social Media,K12 Math,International,Rep_15,59.8,Lead,Open,,,
LD-301328,2026-01-08 17:03:00,Social Media,K-12 Math,East Region,Rep_09,0.82,Contacted,Open,,,
LD-301329,2025-04-11 17:24:00,Paid Search,Competitive Exam Prep,South Region,Rep_02,-8.46,Demo Completed,Lost,No Response / Ghosted,1165.26,2025-05-18 05:05:06.303674
LD-301330,19-Dec-2025 20:35,Webinar,Study Abroad Prep,South Region,Rep_12,0.81,Contacted,Open,,,
LD-301331,2026-06-12 08:46:00,Paid Search,Competitive Exam Prep,South Region,Rep_07,0.93,Contacted,Open,,,
LD-301332,2025-02-05 16:36:00,Paid Search,Language Learning,North Region,Rep_01,1.2,Contacted,Open,,,
LD-301333,03/24/2025 20:26,Paid Search,K-12 Math,North Region,Rep_01,1.54,Closed,Won,,582.89,2025-05-02 19:18:28.244377
LD-301334,2025-04-19 10:29:00,Webinar,k-12 math,South Region,Rep_02,1.73,Proposal Sent,Lost,Bad Timing,579.61,2025-06-06 23:55:41.332416
LD-301335,2025-10-10 17:42:00,Cold Outreach,Coding for Kids,South Region,Rep_07,3.79,Lead,Open,,,
LD-301336,2026-01-13 07:52:00,Webinar,K12 Math,East Region,Rep_14,1.46,Lead,Open,,,
LD-301337,2025-02-03 20:27:00,Paid Search,Language Learning,West Region,Rep_03,5.0,Contacted,Open,,,
LD-301338,12-Sep-2025 08:31,Cold Outreach,Competitive Exam Prep,South Region,Rep_07,4.91,Lead,Open,,,
LD-301339,04/01/2026 20:23,Organic Search,CODING FOR KIDS,,Rep_11,4.89,Proposal Sent,Lost,Price Objection,723.77,2026-05-05 09:15:46.174247
LD-301340,04/15/2026 11:57,Social Media,Coding for Kids,West Region,Rep_03,4.63,Contacted,Open,,,
LD-301341,11/14/2025 15:37,Paid Search,K-12 Math,West Region,Rep_13,3.93,Contacted,Open,,,
LD-301342,05/19/2025 14:22,Social Media,K-12 Math,South Region,Rep_02,10.08,Contacted,Open,,,
LD-301343,12-Mar-2025 10:48,Partner Channel,K-12 Math,South Region,Rep_07,1.76,Contacted,Open,,,
LD-301344,2026-03-30 09:17:00,Organic Search,Study Abroad Prep,North Region,Rep_01,1.28,Contacted,Open,,,
LD-301345,01/10/2026 18:37,Cold Outreach,Study Abroad Prep,North Region,Rep_11,3.22,Lead,Open,,,
LD-301346,2025-06-26 15:36:00,Referral,Coding For Kids,South Region,Rep_02,4.44,Lead,Open,,,
LD-301347,2025-04-24 14:40:00,Webinar,Language Learning,South Region,Rep_02,6.49,Contacted,Open,,,
LD-301348,12-Jan-2026 17:10,Paid Search,Coding for Kids,South Region,Rep_02,11.77,Contacted,Open,,,
LD-301349,07/01/2025 07:14,Organic Search,Competitive Exam Prep,North Region,Rep_06,0.43,Negotiation,Lost,Budget Not Approved,984.97,2025-08-04 02:57:18.051264
LD-301350,2025-10-03 18:13:00,Paid Search,k-12 math,West Region,Rep_08,5.39,Contacted,Open,,,
LD-301351,2025-02-14 17:06:00,Partner Channel,K-12 Math,East Region,Rep_09,2.51,Contacted,Open,,,
LD-301352,2026-05-07 17:37:00,Cold Outreach,Study Abroad Prep,North Region,Rep_01,6.03,Lead,Open,,,
LD-301353,15-Feb-2026 14:46,Partner Channel,K-12 Math,East Region,Rep_04,1.59,Contacted,Open,,,
LD-301354,2025-06-11 20:47:00,Webinar,Competitive Exam Prep,North Region,Rep_01,2.12,Negotiation,Lost,Bad Timing,887.46,2025-08-14 22:02:18.521859
LD-301355,05-Apr-2026 09:18,Partner Channel,Competitive Exam Prep,North Region,Rep_11,1.43,Proposal Sent,Lost,No Response / Ghosted,825.71,2026-05-12 17:55:49.861046
LD-301356,01-May-2026 14:27,Paid Search,K-12 Math,South Region,Rep_02,0.57,Contacted,Open,,,
LD-301357,28-Feb-2025 17:15,organic search,K-12 Math,West Region,Rep_13,9.74,Contacted,Open,,,
LD-301358,07/09/2025 12:24,Partner Channel,K-12 Math,West Region,Rep_03,4.96,Contacted,Open,,,
LD-301359,2026-04-20 14:14:00,Partner Channel,Competitive Exam Prep,North Region,Rep_01,1.68,Negotiation,Lost,No Response / Ghosted,970.72,2026-06-03 21:13:00.992764
LD-301360,27-Jun-2025 11:34,Partner Channel,Coding for Kids,South Region,Rep_02,4.23,Proposal Sent,Lost,Price Objection,$733.46,2025-08-07 13:48:51.105618
LD-301361,2026-05-12 17:31:00,Organic Search,Coding for Kids,,Rep_14,4.04,Contacted,Open,,,
LD-301362,2025-07-27 10:12:00,Social Media,Competitive Exam Prep,International,Rep_15,2.76,Closed,Won,,1126.91,2025-08-28 09:02:26.830615
LD-301363,11-Nov-2025 14:43,COLD OUTREACH,Competitive Exam Prep,North Region,Rep_01,3.17,Lead,Open,,,
LD-301364,05/25/2025 14:51,Partner Channel,Competitive Exam Prep,East Region,Rep_09,2.01,Contacted,Open,,,
LD-301365,2026-04-10 08:28:00,Organic Search,Competitive Exam Prep,South Region,Rep_02,2.59,Contacted,Open,,,
LD-301366,2026-05-08 17:00:00,organic search,K-12 Math,West Region,Rep_03,5.57,Negotiation,Lost,Price Objection,485.08,2026-06-30 11:08:00.787406
LD-301367,29-Jan-2026 15:38,Referral,Competitive Exam Prep,West Region,Rep_08,0.73,Closed,Won,,$867.07,2026-03-24 02:01:57.060242
LD-301368,2025-07-13 15:11:00,Organic Search,K-12 Math,West Region,Rep_03,4.82,Demo Completed,Lost,No Response / Ghosted,487.5,2025-08-14 21:29:38.424128
LD-301369,2025-04-29 09:51:00,Cold Outreach,Competitive Exam Prep,South Region,Rep_02,6.3,Contacted,Open,,,
LD-301370,2025-12-12 18:05:00,Cold Outreach,K-12 Math,South Region,Rep_02,0.57,Contacted,Open,,,
LD-301371,10/31/2025 20:54,Referral,Language Learning,South Region,Rep_07,3.52,Closed,Won,,378.19,2025-12-20 11:20:49.321828
LD-301372,01/09/2026 11:02,Paid  Search,Language Learning,International,Rep_15,2.41,Lead,Open,,,
LD-301373,21-Nov-2025 09:13,Social Media,Language Learning,International,Rep_15,17.34,Contacted,Open,,,
LD-301374,06/18/2025 09:35,Organic Search,K-12  Math,East Region,Rep_09,4.03,Contacted,Open,,,
LD-301375,17-Oct-2025 13:02,paid search,Competitive Exam Prep,International,Rep_15,7.08,Demo Scheduled,Open,,,
LD-301376,07-Apr-2026 18:48,Webinar,Coding for Kids,West Region,Rep_03,1.54,Contacted,Open,,,
LD-301377,22-May-2025 08:20,Paid Search,Competitive Exam Prep,South Region,Rep_07,7.15,Negotiation,Lost,Went With Competitor,837.62,2025-07-10 18:03:27.209227
LD-301378,02/13/2025 08:57,Organic Search,K12 Math,South Region,Rep_07,18.39,Negotiation,Lost,Bad Timing,448.14,2025-04-04 16:11:22.341288
LD-301379,2025-07-09 14:45:00,Partner Channel,Coding for Kids,South Region,Rep_02,0.92,Contacted,Open,,,
LD-301380,12/31/2025 19:46,Social Media,Competitive Exam Prep,West Region,Rep_03,3.77,Contacted,Open,,,
LD-301381,07/21/2025 14:58,Paid Search,Competitive Exam Prep,West Region,Rep_03,11.64,Contacted,Open,,,
LD-301382,07/29/2025 12:50,Cold Outreach,Coding for Kids,South Region,Rep_07,2.22,Lead,Open,,,
LD-301383,06/25/2026 18:12,Paid Search,K-12 Math,North Region,Rep_01,1.62,Contacted,Open,,,
LD-301384,12/05/2025 07:16,Organic Search,K-12 Math,West Region,Rep_03,4.03,Proposal Sent,Lost,Price Objection,514.6,2026-01-23 23:15:30.664483
LD-301385,01/23/2026 17:33,Social Media,Competitive Exam Prep,South Region,Rep_12,10.9,Contacted,Open,,,
LD-301386,03/06/2026 16:09,Referral,Competitive Exam Prep,West Region,Rep_08,2.73,Negotiation,Lost,Price Objection,972.35,2026-04-18 11:24:12.449563
LD-301387,11/03/2025 20:22,Organic Search,Competitive Exam Prep,South Region,Rep_02,3.21,Closed,Won,,1030.8,2025-11-25 10:47:44.190074
LD-301388,05-Jun-2026 09:23,Webinar,K-12 Math,East Region,Rep_14,4.53,Contacted,Open,,,
LD-301389,11/05/2025 11:28,Referral,K-12 Math,South Region,Rep_07,0.61,Contacted,Open,,,
LD-301390,01/11/2025 19:50,Paid  Search,Competitive Exam Prep,,Rep_02,0.76,Contacted,Open,,,
LD-301391,08/25/2025 12:32,Paid Search,Competitive Exam Prep,East Region,Rep_04,2.14,Contacted,Open,,,
LD-301392,21-Jun-2026 09:51,Paid Search,coding for kids,South Region,Rep_07,0.58,Proposal Sent,Lost,No Response / Ghosted,751.53,2026-08-01 08:23:37.682949
LD-301393,14-Apr-2025 09:49,Webinar,Study Abroad Prep,West Region,Rep_08,2.24,Contacted,Open,,,
LD-301394,26-Aug-2025 18:47,Organic Search,Study Abroad Prep,East Region,Rep_09,7.22,Negotiation,Lost,No Response / Ghosted,1555.63,2025-10-05 15:45:16.467979
LD-301395,13-Feb-2025 16:31,Social Media,Coding for Kids,North Region,Rep_06,12.0,Lead,Open,,,
LD-301396,29-Jun-2026 13:36,Paid Search,Coding for Kids,North Region,Rep_01,1.93,Proposal Sent,Lost,Price Objection,$652.40,2026-08-06 15:58:54.375934
LD-301397,05/18/2026 16:14,Social Media,Coding for Kids,West Region,Rep_03,1.61,Contacted,Open,,,
LD-301398,2025-06-21 07:50:00,Referral,Competitive Exam Prep,East Region,Rep_09,4.01,Proposal Sent,Lost,Bad Timing,$884.74,2025-07-19 00:08:19.548196
LD-301399,09-May-2025 10:58,Referral,Language Learning,North Region,Rep_01,1.34,Proposal Sent,Lost,Budget Not Approved,$305.42,2025-07-02 19:37:56.485405
LD-301400,2025-09-11 13:58:00,Cold Outreach,Language Learning,South Region,Rep_07,10.63,Lead,Open,,,
LD-301401,2025-11-07 10:29:00,Cold Outreach,Competitive Exam Prep,East Region,Rep_09,4.95,Contacted,Open,,,
LD-301402,17-Mar-2026 10:53,Referral,K-12 Math,North Region,Rep_11,0.58,Closed,Won,,$500.48,2026-04-11 21:28:10.691966
LD-301403,2025-07-12 20:30:00,Organic Search,Coding for Kids,East Region,Rep_09,5.62,Contacted,Open,,,
LD-301404,04/18/2025 13:31,Cold Outreach,Competitive Exam Prep,,Rep_12,1.76,Lead,Open,,,
LD-301405,05/04/2026 07:36,Organic Search,K-12  Math,East Region,Rep_14,10.3,Demo Scheduled,Open,,,
LD-301406,01/22/2025 15:22,Organic Search,Coding for Kids,East Region,Rep_09,1.97,Closed,Won,,711.07,2025-03-10 06:22:51.842312
LD-301407,2025-09-27 16:27:00,Organic Search,Language Learning,North Region,Rep_06,3.23,Contacted,Open,,,
LD-301408,23-Jan-2025 17:13,Organic Search,K-12 Math,East Region,Rep_04,6.51,Lead,Open,,,
LD-301409,13-Feb-2026 15:44,Organic Search,Language Learning,South Region,Rep_12,3.33,Contacted,Open,,,
LD-301410,11-Jul-2025 08:26,Organic Search,Language Learning,East Region,Rep_04,4.85,Contacted,Open,,,
LD-301411,04/29/2026 15:16,Partner Channel,CODING FOR KIDS,North Region,Rep_06,3.32,Proposal Sent,Lost,Price Objection,557.03,2026-06-08 08:50:11.926021
LD-301412,04/17/2026 13:57,Partner Channel,Language Learning,International,Rep_10,4.22,Contacted,Open,,,
LD-301413,11/26/2025 15:43,Paid Search,Coding for Kids,East Region,Rep_09,1.77,Lead,Open,,,
LD-301414,2026-03-17 15:30:00,Organic search,Competitive Exam Prep,East Region,Rep_04,14.31,Lead,Open,,,
LD-301415,2025-07-13 13:09:00,Organic Search,Competitive Exam Prep,West Region,Rep_13,11.82,Closed,Won,,830.57,2025-08-11 17:31:22.112518
LD-301416,19-Sep-2025 16:52,Organic Search,K-12 Math,,Rep_14,18.92,Contacted,Open,,,
LD-301417,2026-01-05 19:16:00,Referral,Language Learning,South Region,Rep_02,1.31,Closed,Won,,361.42,2026-02-14 04:08:50.697860
LD-301418,11/07/2025 14:10,Social Media,K-12 Math,South Region,Rep_02,3.95,Lead,Open,,,
LD-301419,2026-02-27 11:01:00,Referral,K-12 Math,North Region,Rep_06,1.36,Proposal Sent,Lost,Went With Competitor,429.5,2026-04-09 15:43:02.055088
LD-301420,2025-04-29 11:37:00,Referral,K-12 Math,East Region,Rep_09,1.37,Contacted,Open,,,
LD-301421,24-Feb-2026 12:51,Cold Outreach,Coding for Kids,North Region,Rep_06,1.79,Lead,Open,,,
LD-301422,2025-01-31 20:29:00,Webinar,K-12 Math,North Region,Rep_01,5.09,Contacted,Open,,,
LD-301423,08/27/2025 11:57,organic search,Competitive Exam Prep,North Region,Rep_11,0.77,Negotiation,Lost,Went With Competitor,1000.29,2025-10-16 00:55:46.957453
LD-301424,2026-02-25 20:09:00,Cold Outreach,Coding for Kids,West Region,Rep_08,2.63,Lead,Open,,,
LD-301425,2025-07-24 08:43:00,Referral,Study Abroad Prep,South Region,Rep_12,3.8,Closed,Won,,1556.88,2025-09-19 04:44:00.735698
LD-301426,04-Mar-2026 08:57,Webinar,Competitive Exam Prep,,Rep_03,7.71,Proposal Sent,Lost,Price Objection,"$1,131.72",2026-04-13 11:00:23.145440
LD-301427,11/14/2025 15:41,Webinar,Language Learning,East Region,Rep_04,1.08,Contacted,Open,,,
LD-301428,2025-10-29 15:30:00,Organic Search,Study Abroad Prep,South Region,Rep_12,2.96,Negotiation,Lost,Went With Competitor,"$1,294.86",2025-12-22 01:46:28.594002
LD-301429,01/24/2025 09:59,Paid Search,Coding for Kids,South Region,Rep_12,2.65,Lead,Open,,,
LD-301430,12-Feb-2025 20:24,Webinar,Competitive Exam Prep,South Region,Rep_12,1.25,Closed,Won,,1055.35,2025-03-22 01:44:28.334438
LD-301431,02/17/2025 13:15,Webinar,coding for kids,South Region,Rep_02,1.42,Contacted,Open,,,
LD-301432,24-Dec-2025 15:48,Paid Search,K-12 Math,South Region,Rep_07,5.12,Contacted,Open,,,
LD-301433,08/04/2025 18:47,Paid Search,Study Abroad Prep,North Region,Rep_01,9.57,Closed,Won,,1490.29,2025-09-09 21:05:50.069427
LD-301434,05-Dec-2025 09:49,Cold-Outreach,K-12 Math,International,Rep_05,2.36,Lead,Open,,,
LD-301435,2026-06-17 19:46:00,Webinar,Coding for Kids,West Region,Rep_03,7.57,Contacted,Open,,,
LD-301436,01/21/2026 09:33,Webinar,Language Learning,East Region,Rep_09,9.79,Contacted,Open,,,
LD-301437,31-Dec-2025 09:46,Social Media,Competitive Exam Prep,North Region,Rep_06,7.68,Contacted,Open,,,
LD-301438,2026-05-19 09:14:00,Paid Search,Competitive Exam Prep,West Region,Rep_03,0.26,Lead,Open,,,
LD-301439,06/06/2025 10:12,Partner Channel,Competitive Exam Prep,South Region,Rep_02,1.77,Contacted,Open,,,
LD-301440,2025-10-21 20:03:00,Organic Search,K-12 Math,North Region,Rep_01,8.77,Demo Completed,Lost,Bad Timing,506.42,2025-11-27 17:35:14.267586
LD-301441,2025-12-25 19:40:00,Partner Channel,Language Learning,West Region,Rep_13,4.89,Closed,Won,,$366.62,2026-02-11 10:12:37.089758
LD-301442,01/03/2025 11:51,paid search,Coding for Kids,West Region,Rep_08,1.54,Contacted,Open,,,
LD-301443,21-May-2026 08:01,Organic search,Competitive Exam Prep,North Region,Rep_06,2.57,Lead,Open,,,
LD-301444,05/18/2026 14:15,Organic Search,Coding for Kids,South Region,Rep_02,2.31,Contacted,Open,,,
LD-301445,02-Apr-2026 20:29,Social Media,Competitive Exam Prep,,Rep_03,1.07,Contacted,Open,,,
LD-301446,05-Dec-2025 09:39,Referral,K-12 Math,South Region,Rep_12,2.63,Closed,Won,,485.28,2026-01-16 18:29:12.386773
LD-301447,03-Jan-2026 20:21,Social Media,K-12 Math,South Region,Rep_07,1.59,Lead,Open,,,
LD-301448,2026-03-15 07:30:00,Organic Search,Competitive Exam Prep,South Region,Rep_07,0.71,Contacted,Open,,,
LD-301449,02/13/2025 14:55,PPC,K-12 Math,West Region,Rep_13,1.46,Lead,Open,,,
LD-301450,06/12/2025 09:32,Referral,Competitive Exam Prep,North Region,Rep_01,3.73,Contacted,Open,,,
LD-301451,20-Nov-2025 19:07,Organic search,Coding for Kids,North Region,Rep_01,0.88,Contacted,Open,,,
LD-301452,2025-10-02 16:21:00,Webinar,Language Learning,North Region,Rep_01,0.66,Demo Scheduled,Open,,,
LD-301453,2025-11-24 09:22:00,cold outreach,K-12 Math,North Region,Rep_11,3.05,Contacted,Open,,,
LD-301454,03/19/2025 07:16,Organic Search,k-12 math,West Region,Rep_03,2.17,Contacted,Open,,,
LD-301455,26-Dec-2025 19:02,Paid Search,Language Learning,International,Rep_05,3.96,Contacted,Open,,,
LD-301456,08/01/2025 10:42,PPC,Coding for Kids,East Region,Rep_14,4.12,Contacted,Open,,,
LD-301457,06-Mar-2025 07:26,Webinar,Language Learning,North Region,Rep_01,3.41,Contacted,Open,,,
LD-301458,2025-04-11 09:55:00,PPC,Language Learning,South Region,Rep_07,9.31,Contacted,Open,,,
LD-301459,18-Sep-2025 09:18,Cold Outreach,Study Abroad Prep,South Region,Rep_02,19.18,Lead,Open,,,
LD-301460,2026-02-20 15:46:00,Paid Search,Language Learning,South Region,Rep_07,10.77,Lead,Open,,,
LD-301461,05-Jun-2026 10:42,Referral,K-12 Math,International,Rep_10,1.88,Proposal Sent,Lost,Bad Timing,592.2,2026-07-07 10:11:23.381304
LD-301462,09/24/2025 17:37,SOCIAL MEDIA,Coding for Kids,West Region,Rep_08,5.15,Demo Completed,Lost,Bad Timing,633.21,2025-10-23 21:54:04.748789
LD-301463,02/09/2025 14:46,Paid Search,Language Learning,South Region,Rep_12,1.87,Demo Completed,Lost,No Response / Ghosted,362.86,2025-03-13 14:15:45.334782
LD-301464,2025-12-01 15:09:00,Organic Search,Coding for Kids,West Region,Rep_03,4.06,Demo Scheduled,Open,,,
LD-301465,02/25/2026 14:57,Referral,k-12 math,East Region,Rep_09,1.09,Contacted,Open,,,
LD-301466,06/17/2025 14:32,Partner Channel,Language Learning,South Region,Rep_02,2.78,Contacted,Open,,,
LD-301467,2025-05-28 12:18:00,Paid Search,Competitive Exam Prep,North Region,Rep_11,10.07,Contacted,Open,,,
LD-301468,2026-06-11 14:39:00,Social Media,K-12 Math,South Region,Rep_07,1.5,Contacted,Open,,,
LD-301469,13-Feb-2026 15:08,Paid  Search,Competitive Exam Prep,North Region,Rep_11,9.34,Closed,Won,,"$1,137.79",2026-04-11 15:22:14.393797
LD-301470,24-Feb-2025 15:48,Cold Outreach,k-12 math,,Rep_09,6.39,Lead,Open,,,
LD-301471,07/09/2025 10:33,Social Media,K-12 Math,East Region,Rep_14,4.47,Demo Completed,Lost,Price Objection,461.09,2025-08-17 09:47:20.864987
LD-301472,07/17/2025 12:11,Cold Outreach,K-12 Math,West Region,Rep_13,0.77,Contacted,Open,,,
LD-301473,05/30/2025 16:34,Paid Search,Competitive Exam Prep,South Region,Rep_12,3.2,Negotiation,Lost,No Response / Ghosted,"$1,028.00",2025-07-07 05:05:58.233747
LD-301474,27-Nov-2025 09:40,Social Media,K-12 Math,East Region,Rep_14,2.43,Demo Scheduled,Open,,,
LD-301475,23-May-2025 13:35,Paid Search,Competitive Exam Prep,,Rep_09,3.59,Negotiation,Lost,Price Objection,951.07,2025-07-05 16:07:07.475091
LD-301476,01/15/2026 17:35,Organic Search,Competitive Exam Prep,South Region,Rep_07,0.78,Closed,Won,,887.77,2026-02-28 19:17:18.237521
LD-301477,11-Jul-2025 15:28,Organic Search,Competitive Exam Prep,North Region,Rep_01,1.4,Negotiation,Lost,Price Objection,809.34,2025-08-14 23:17:28.315195
LD-301478,28-Mar-2025 13:04,Cold Outreach,Coding for Kids,North Region,Rep_11,10.52,Lead,Open,,,
LD-301479,02-Jun-2026 20:14,Partner Channel,Coding for Kids,North Region,Rep_01,1.56,Contacted,Open,,,
LD-301480,01/24/2026 20:14,Paid Search,Competitive Exam Prep,South Region,Rep_12,8.44,Contacted,Open,,,
LD-301481,11/24/2025 15:58,Organic Search,Coding for Kids,South Region,Rep_12,2.02,Contacted,Open,,,
LD-301482,06/09/2026 07:57,Paid  Search,Competitive Exam Prep,North Region,Rep_06,1.63,Demo Scheduled,Open,,,
LD-301483,04/23/2026 13:51,Paid Search,K-12 Math,West Region,Rep_13,6.8,Lead,Open,,,
LD-301484,25-Apr-2025 14:30,Paid Search,Language Learning,International,Rep_15,7.29,Closed,Won,,308.88,2025-05-28 09:34:25.539593
LD-301485,07-Apr-2026 16:54,Social Media,Competitive Exam Prep,International,Rep_05,7.17,Contacted,Open,,,
LD-301486,2025-02-03 13:58:00,SEO,Language Learning,West Region,Rep_13,0.98,Contacted,Open,,,
LD-301487,07/13/2025 20:03,Cold Outreach,Coding for Kids,South Region,Rep_07,2.11,Lead,Open,,,
LD-301488,04/24/2026 17:01,Webinar,Competitive Exam Prep,North Region,Rep_06,5.37,Negotiation,Lost,Bad Timing,827.18,2026-06-05 13:48:57.033240
LD-301489,02/27/2025 16:36,Partner Channel,Competitive Exam Prep,West Region,Rep_08,4.99,Negotiation,Lost,Went With Competitor,$915.47,2025-04-08 23:49:26.944664
LD-301490,2026-05-07 10:13:00,Cold-Outreach,Coding for Kids,,Rep_14,3.03,Lead,Open,,,
LD-301491,2025-07-03 08:12:00,Organic Search,K-12 Math,West Region,Rep_03,1.57,Lead,Open,,,
LD-301492,06/01/2025 13:27,Paid Search,K-12 Math,East Region,Rep_14,10.79,Demo Scheduled,Open,,,
LD-301493,06/29/2025 12:37,Cold Outreach,K-12 Math,South Region,Rep_02,3.02,Lead,Open,,,
LD-301494,2025-09-23 07:46:00,Referral,Competitive Exam Prep,South Region,Rep_12,3.68,Contacted,Open,,,
LD-301495,04-Mar-2025 11:33,Paid Search,CODING FOR KIDS,North Region,Rep_11,3.55,Contacted,Open,,,
LD-301496,06-Apr-2026 16:06,Cold Outreach,Language Learning,South Region,Rep_02,1.78,Contacted,Open,,,
LD-301497,07-May-2025 13:41,cold outreach,Coding for Kids,North Region,Rep_01,2.33,Lead,Open,,,
LD-301498,07-May-2025 13:19,Organic Search,K-12 Math,International,Rep_15,31.4,Proposal Sent,Lost,No Response / Ghosted,499.5,2025-07-02 08:35:02.175885
LD-301499,04/13/2026 17:36,Organic Search,Coding for Kids,East Region,Rep_14,4.82,Demo Completed,Lost,Price Objection,700.76,2026-05-20 17:29:42.040891
LD-301500,06/26/2026 11:44,Organic Search,K-12 Math,South Region,Rep_07,2.41,Contacted,Open,,,
LD-301501,23-May-2025 12:40,Partner Channel,Competitive Exam Prep,East Region,Rep_04,1.17,Contacted,Open,,,
LD-301502,10/31/2025 18:06,Referral,Study Abroad Prep,North Region,Rep_11,0.62,Closed,Won,,1502.9,2025-12-13 09:21:56.434781
LD-301503,05/27/2025 13:06,Webinar,K-12 Math,North Region,Rep_11,0.48,Closed,Won,,450.09,2025-07-06 21:01:44.567141
LD-301504,2025-04-25 11:27:00,Referral,Coding for Kids,South Region,Rep_07,3.38,Contacted,Open,,,
LD-301505,2025-02-10 19:59:00,Social Media,Competitive Exam Prep,North Region,Rep_11,19.26,Demo Completed,Lost,Price Objection,"$1,141.71",2025-03-12 21:25:49.082119
LD-301506,13-Jan-2025 07:46,Organic Search,Language Learning,West Region,Rep_13,4.97,Contacted,Open,,,
LD-301507,05/03/2026 07:37,COLD OUTREACH,K-12 Math,West Region,Rep_13,7.15,Contacted,Open,,,
LD-301508,06/25/2026 07:58,Cold Outreach,Language Learning,International,Rep_10,23.27,Contacted,Open,,,
LD-301509,27-Jun-2025 14:22,Referral,Coding for Kids,North Region,Rep_06,1.24,Proposal Sent,Lost,Price Objection,$625.47,2025-07-31 05:59:41.167681
LD-301510,06-Feb-2026 11:35,Webinar,Competitive Exam Prep,North Region,Rep_01,5.26,Proposal Sent,Lost,Bad Timing,$931.02,2026-03-17 20:16:19.969513
LD-301511,04/04/2025 09:32,Social,Coding for Kids,South Region,Rep_07,5.36,Contacted,Open,,,
LD-301512,20-Mar-2025 20:41,Organic Search,Competitive Exam Prep,South Region,Rep_12,6.03,Contacted,Open,,,
LD-301513,02-Oct-2025 12:07,Referral,Competitive Exam Prep,West Region,Rep_13,1.06,Closed,Won,,1053.91,2025-11-05 16:37:19.482085
LD-301514,2026-02-27 15:50:00,Social Media,Language Learning,South Region,Rep_12,1.6,Contacted,Open,,,
LD-301515,2026-02-15 18:23:00,Referral,Study Abroad Prep,West Region,Rep_13,1.67,Closed,Won,,1190.68,2026-04-12 05:10:51.020505
LD-301516,12/09/2025 19:08,Organic Search,Language Learning,North Region,Rep_01,4.67,Contacted,Open,,,
LD-301517,2025-06-07 10:16:00,cold outreach,K-12  Math,International,Rep_10,12.13,Contacted,Open,,,
LD-301518,05/24/2025 15:32,Referral,Coding for Kids,International,Rep_05,0.41,Closed,Won,,$744.94,2025-07-01 12:08:13.458049
LD-301519,06/26/2026 16:53,Social Media,Competitive Exam Prep,South Region,Rep_07,1.03,Lead,Open,,,
LD-301520,20-Feb-2026 14:25,Referral,Competitive Exam Prep,East Region,Rep_04,3.46,Contacted,Open,,,
LD-301521,16-May-2025 16:48,Cold Outreach,K-12 Math,West Region,Rep_03,7.81,Lead,Open,,,
LD-301522,01-Jan-2025 09:54,Paid Search,k-12 math,West Region,Rep_03,2.1,Proposal Sent,Lost,Bad Timing,$563.80,2025-02-12 10:49:58.553548
LD-301523,2025-10-10 19:31:00,Partner Channel,K-12 Math,North Region,Rep_11,3.42,Contacted,Open,,,
LD-301524,17-Aug-2025 18:03,Partner Channel,Coding for Kids,North Region,Rep_01,4.17,Demo Completed,Lost,Budget Not Approved,$555.82,2025-09-10 16:41:32.023697
LD-301525,02/10/2026 11:19,Partner Channel,Language Learning,North Region,Rep_11,7.9,Closed,Won,,312.41,2026-03-16 12:08:31.687056
LD-301526,02-May-2025 20:38,Organic Search,Language Learning,North Region,Rep_11,8.73,Negotiation,Lost,Bad Timing,365.61,2025-06-11 08:09:42.834732
LD-301527,2025-11-11 15:26:00,Social,Language Learning,North Region,Rep_11,10.15,Contacted,Open,,,
LD-301528,11/26/2025 08:50,Social Media,K-12 Math,West Region,Rep_13,3.93,Contacted,Open,,,
LD-301529,22-Jan-2025 17:47,Referral,Competitive Exam Prep,North Region,Rep_11,6.51,Closed,Won,,"$1,048.10",2025-02-27 08:04:22.349002
LD-301530,2025-07-04 10:55:00,Webinar,Language Learning,North Region,Rep_06,2.69,Contacted,Open,,,
LD-301531,31-Mar-2025 17:13,Cold Outreach,Language Learning,East Region,Rep_09,1.94,Contacted,Open,,,
LD-301532,28-Feb-2025 09:58,Partner Channel,Coding for Kids,International,Rep_15,6.35,Negotiation,Lost,Went With Competitor,$666.43,2025-04-23 15:50:10.979581
LD-301533,04/24/2025 13:27,Paid Search,Competitive Exam Prep,West Region,Rep_08,10.52,Negotiation,Lost,Price Objection,1017.87,2025-06-21 02:16:47.490374
LD-301534,01-Oct-2025 18:27,Social Media,coding for kids,North Region,Rep_11,8.82,Contacted,Open,,,
LD-301535,05/18/2026 07:57,Organic Search,Language Learning,East Region,Rep_04,9.48,Demo Scheduled,Open,,,
LD-301536,2026-02-27 11:35:00,Organic Search,Study Abroad Prep,North Region,Rep_01,1.72,Proposal Sent,Lost,Bad Timing,1604.51,2026-04-08 16:19:05.607006
LD-301537,04-Dec-2025 09:33,Organic Search,K-12 Math,South Region,Rep_02,1.97,Contacted,Open,,,
LD-301538,13-Nov-2025 18:52,Social Media,Language Learning,South Region,Rep_07,2.09,Contacted,Open,,,
LD-301539,15-Apr-2025 20:32,Referral,K-12 Math,International,Rep_10,9.49,Contacted,Open,,,
LD-301540,2025-11-21 10:31:00,Webinar,Language Learning,North Region,Rep_01,3.57,Closed,Won,,388.88,2025-12-19 20:37:44.064513
LD-301541,2025-04-21 09:33:00,Paid Search,K-12 Math,East Region,Rep_09,6.19,Contacted,Open,,,
LD-301542,02-Mar-2026 18:23,Paid  Search,Language Learning,,Rep_05,10.98,Lead,Open,,,
LD-301543,2026-04-23 09:34:00,Partner Channel,K-12 Math,South Region,Rep_02,3.34,Negotiation,Lost,No Response / Ghosted,$468.43,2026-06-04 06:55:11.114889
LD-301544,15-Jan-2025 18:27,Organic Search,K-12  Math,East Region,Rep_14,11.16,Contacted,Open,,,
LD-301545,2026-05-20 13:04:00,Organic Search,Competitive Exam Prep,North Region,Rep_06,2.58,Contacted,Open,,,
LD-301546,2025-02-11 08:44:00,Cold Outreach,K-12 Math,West Region,Rep_03,2.45,Lead,Open,,,
LD-301547,03/20/2026 19:17,Social Media,k-12 math,South Region,Rep_07,2.38,Negotiation,Lost,Price Objection,582.82,2026-05-04 11:06:59.310297
LD-301548,29-Apr-2026 11:50,Cold Outreach,Language Learning,International,Rep_05,2.3,Lead,Open,,,
LD-301549,09-May-2025 09:24,Social Media,Coding for Kids,North Region,Rep_11,1.95,Contacted,Open,,,
LD-301550,04/27/2026 16:06,Referral,Competitive Exam Prep,International,Rep_05,7.1,Contacted,Open,,,
LD-301551,2025-04-05 14:53:00,Partner Channel,Coding for Kids,International,Rep_10,1.46,Contacted,Open,,,
LD-301552,2025-12-05 16:31:00,Organic Search,Coding for Kids,South Region,Rep_12,1.78,Contacted,Open,,,
LD-301553,03/27/2025 08:40,Social Media,K-12 Math,,Rep_01,4.47,Contacted,Open,,,
LD-301554,2026-03-01 09:39:00,Paid Search,Language Learning,South Region,Rep_07,4.94,Demo Completed,Lost,Bad Timing,382.68,2026-03-21 10:59:16.404411
LD-301555,01/29/2025 14:07,Social Media,K-12 Math,South Region,Rep_12,9.77,Lead,Open,,,
LD-301556,08/18/2025 07:15,Organic Search,Coding for Kids,North Region,Rep_06,39.17,Lead,Open,,,
LD-301557,19-Mar-2025 18:43,Paid Search,Competitive Exam Prep,North Region,Rep_06,1.82,Contacted,Open,,,
LD-301558,01/11/2025 07:42,Paid Search,Competitive Exam Prep,South Region,Rep_07,10.92,Contacted,Open,,,
LD-301559,2025-11-28 15:16:00,Referral,Competitive Exam Prep,West Region,Rep_03,2.41,Closed,Won,,1126.98,2026-01-10 20:09:08.695134
LD-301560,2025-04-04 15:28:00,Organic Search,Study Abroad Prep,South Region,Rep_12,6.58,Proposal Sent,Lost,Budget Not Approved,1627.2,2025-05-28 13:27:45.984886
LD-301561,29-Dec-2025 18:27,Paid Search,Coding for Kids,South Region,Rep_02,1.51,Lead,Open,,,
LD-301562,2025-01-17 13:34:00,Paid Search,Language Learning,North Region,Rep_11,0.57,Closed,Won,,351.61,2025-03-01 05:17:54.167014
LD-301563,2025-12-26 07:55:00,Paid Search,Competitive Exam Prep,International,Rep_05,9.14,Lead,Open,,,
LD-301564,07-Mar-2025 18:46,Organic Search,Language Learning,South Region,Rep_12,3.81,Contacted,Open,,,
LD-301565,08/15/2025 10:35,Paid Search,Coding for Kids,West Region,Rep_08,12.55,Contacted,Open,,,
LD-301566,30-May-2025 15:00,Paid Search,Coding for Kids,North Region,Rep_06,8.36,Lead,Open,,,
LD-301567,08-Mar-2025 17:04,Social Media,K-12 Math,,Rep_11,3.43,Demo Completed,Lost,Went With Competitor,535.3,2025-04-08 07:38:59.607049
LD-301568,06/02/2025 07:57,Partner Channel,Coding for Kids,North Region,Rep_01,13.72,Negotiation,Lost,Price Objection,$737.27,2025-06-29 18:53:28.910830
LD-301569,02/09/2025 10:27,Paid Search,coding for kids,North Region,Rep_01,12.34,Lead,Open,,,
LD-301570,09/10/2025 10:47,Organic Search,Coding for Kids,South Region,Rep_02,2.24,Negotiation,Lost,Price Objection,729.37,2025-11-04 14:22:26.123699
LD-301571,2026-01-15 09:57:00,Organic Search,Competitive Exam Prep,,Rep_01,6.54,Contacted,Open,,,
LD-301572,12-May-2026 11:19,Social Media,Coding for Kids,South Region,Rep_07,7.87,Demo Completed,Lost,No Response / Ghosted,$749.66,2026-06-01 13:21:38.138314
LD-301573,10-Oct-2025 18:47,Social Media,Competitive Exam Prep,North Region,Rep_01,1.1,Contacted,Open,,,
LD-301574,17-Sep-2025 19:50,Referral,Competitive Exam Prep,International,Rep_05,2.0,Contacted,Open,,,
LD-301575,05/17/2026 12:30,Paid Search,Competitive Exam Prep,International,Rep_15,3.64,Lead,Open,,,
LD-301576,15-Mar-2026 12:54,Social Media,K-12 Math,West Region,Rep_03,1.82,Lead,Open,,,
LD-301577,18-Apr-2025 20:38,Organic Search,K-12 Math,East Region,Rep_14,0.95,Contacted,Open,,,
LD-301578,06/03/2025 08:51,Social Media,Competitive Exam Prep,North Region,Rep_06,2.89,Contacted,Open,,,
LD-301579,2025-09-25 13:47:00,Paid Search,Study Abroad Prep,East Region,Rep_14,2.54,Contacted,Open,,,
LD-301580,02/07/2025 20:09,Organic Search,Language Learning,South Region,Rep_02,20.48,Negotiation,Lost,No Response / Ghosted,387.96,2025-03-16 15:58:47.529544
LD-301581,04-May-2026 07:28,paid search,Competitive Exam Prep,North Region,Rep_11,1.32,Demo Completed,Lost,Price Objection,"$1,106.02",2026-05-31 23:18:24.039167
LD-301582,2025-08-07 11:29:00,Paid Search,K-12 Math,International,Rep_05,5.03,Demo Completed,Lost,Price Objection,$446.98,2025-09-18 23:54:40.025223
LD-301583,2025-12-30 08:14:00,Referral,Coding for Kids,South Region,Rep_07,2.14,Negotiation,Lost,Price Objection,$744.47,2026-01-31 08:49:18.508647
LD-301584,2026-03-06 16:13:00,Organic Search,Study Abroad Prep,South Region,Rep_12,1.64,Contacted,Open,,,
LD-301585,2025-01-29 12:30:00,Organic Search,K-12  Math,East Region,Rep_04,14.59,Contacted,Open,,,
LD-301586,01-Jan-2026 12:06,Organic Search,coding for kids,North Region,Rep_06,1.07,Lead,Open,,,
LD-301587,2025-09-26 08:20:00,Referral,K-12 Math,International,Rep_10,3.27,Closed,Won,,441.06,2025-11-04 15:40:56.754093
LD-301588,2025-04-18 10:01:00,Cold Outreach,Language Learning,West Region,Rep_08,2.39,Contacted,Open,,,
LD-301589,2025-09-20 09:12:00,Webinar,Coding for Kids,,Rep_11,10.88,Negotiation,Lost,Price Objection,731.17,2025-11-02 15:42:13.036435
LD-301590,08-Aug-2025 08:08,Cold Outreach,Language Learning,South Region,Rep_12,1.62,Contacted,Open,,,
LD-301591,19-May-2026 12:03,Webinar,Language Learning,North Region,Rep_01,8.12,Proposal Sent,Lost,Bad Timing,321.28,2026-06-26 17:04:15.690380
LD-301592,10-Mar-2025 15:13,Referral,Study Abroad Prep,West Region,Rep_13,0.29,Closed,Won,,1548.07,2025-04-11 18:33:39.315591
LD-301593,2025-03-14 19:15:00,Organic Search,Language Learning,East Region,Rep_09,2.75,Proposal Sent,Lost,Went With Competitor,303.03,2025-04-29 02:46:45.839164
LD-301594,07-Mar-2025 16:01,Cold Outreach,K-12  Math,South Region,Rep_02,1.35,Contacted,Open,,,
LD-301595,2025-11-01 17:08:00,Organic Search,K-12 Math,East Region,Rep_14,13.61,Contacted,Open,,,
LD-301596,2025-01-23 13:19:00,Social Media,K-12 Math,South Region,Rep_07,5.41,Contacted,Open,,,
LD-301597,09-Feb-2026 09:32,Paid Search,Competitive Exam Prep,North Region,Rep_11,5.88,Lead,Open,,,
LD-301598,2026-06-29 14:31:00,Paid Search,Coding for Kids,West Region,Rep_08,2.55,Negotiation,Lost,Went With Competitor,735.56,2026-08-24 14:36:42.510991
LD-301599,01-May-2026 07:25,Referral,Competitive Exam Prep,North Region,Rep_06,1.31,Contacted,Open,,,
LD-301600,03/02/2026 14:57,Cold Outreach,K-12 Math,South Region,Rep_02,0.93,Contacted,Open,,,
LD-301601,10-Dec-2025 09:58,Partner Channel,Language Learning,South Region,Rep_02,2.27,Contacted,Open,,,
LD-301602,11-Jun-2026 13:15,Social Media,Language Learning,East Region,Rep_04,6.65,Lead,Open,,,
LD-301603,08/26/2025 14:33,Organic Search,Language Learning,West Region,Rep_13,6.7,Contacted,Open,,,
LD-301604,11-Dec-2025 16:03,Paid Search,Coding for Kids,,Rep_02,4.6,Contacted,Open,,,
LD-301605,2025-02-19 08:35:00,Webinar,Competitive Exam Prep,East Region,Rep_09,3.69,Demo Scheduled,Open,,,
LD-301606,2025-11-24 20:42:00,Referral,Competitive Exam Prep,West Region,Rep_08,3.24,Closed,Won,,1133.32,2026-01-14 10:27:17.934433
LD-301607,04/18/2026 17:16,Social Media,Coding for Kids,West Region,Rep_13,42.34,Contacted,Open,,,
LD-301608,2025-07-24 17:55:00,Organic Search,Competitive Exam Prep,East Region,Rep_09,4.37,Contacted,Open,,,
LD-301609,2025-06-20 08:33:00,Cold Outreach,Language Learning,South Region,Rep_07,3.82,Contacted,Open,,,
LD-301610,23-Feb-2026 12:27,Cold Outreach,Study Abroad Prep,East Region,Rep_14,8.09,Contacted,Open,,,
LD-301611,17-Jul-2025 17:34,Organic Search,Coding for Kids,South Region,Rep_02,3.39,Contacted,Open,,,
LD-301612,06-Sep-2025 13:49,Webinar,K-12 Math,East Region,Rep_04,1.48,Contacted,Open,,,
LD-301613,02-Jul-2025 20:34,Partner Channel,K-12 Math,North Region,Rep_11,0.56,Proposal Sent,Lost,Went With Competitor,537.38,2025-07-24 22:27:26.251225
LD-301614,2026-03-27 17:26:00,Organic Search,K-12 Math,East Region,Rep_09,4.33,Contacted,Open,,,
LD-301615,2025-01-15 19:07:00,Cold Outreach,Study Abroad Prep,International,Rep_15,0.63,Lead,Open,,,
LD-301616,20-Mar-2026 11:21,PPC,Language Learning,South Region,Rep_12,2.14,Contacted,Open,,,
LD-301617,2025-01-03 17:02:00,Webinar,Competitive Exam Prep,,Rep_02,1.18,Closed,Won,,1065.7,2025-02-17 03:26:29.342227
LD-301618,29-Jul-2025 17:13,Social Media,Study Abroad Prep,North Region,Rep_06,1.06,Contacted,Open,,,
LD-301619,03/27/2026 17:16,Organic Search,Language Learning,South Region,Rep_12,3.66,Contacted,Open,,,
LD-301620,2026-03-14 14:12:00,Referral,Study Abroad Prep,South Region,Rep_12,0.53,Closed,Won,,1474.39,2026-05-06 05:28:25.623854
LD-301621,2026-03-15 18:48:00,Organic Search,Study Abroad Prep,East Region,Rep_14,8.03,Contacted,Open,,,
LD-301622,03-Jan-2025 08:27,Social Media,CODING FOR KIDS,East Region,Rep_14,0.9,Lead,Open,,,
LD-301623,2026-03-10 15:00:00,Paid Search,Competitive Exam Prep,International,Rep_05,4.09,Contacted,Open,,,
LD-301624,10/24/2025 14:19,Cold Outreach,Competitive Exam Prep,South Region,Rep_07,0.91,Demo Scheduled,Open,,,
LD-301625,21-Jul-2025 10:24,Cold Outreach,Coding for Kids,East Region,Rep_04,5.74,Contacted,Open,,,
LD-301626,02-May-2025 13:52,Webinar,Competitive Exam Prep,North Region,Rep_01,0.57,Contacted,Open,,,
LD-301627,03/24/2025 09:34,Partner Channel,Competitive Exam Prep,North Region,Rep_01,2.05,Closed,Won,,1063.04,2025-04-18 03:52:21.009008
LD-301628,2025-09-05 09:02:00,Organic Search,Study Abroad Prep,South Region,Rep_12,3.08,Demo Scheduled,Open,,,
LD-301629,11/15/2025 08:18,Partner Channel,Competitive Exam Prep,North Region,Rep_11,3.17,Contacted,Open,,,
LD-301630,03-Apr-2026 07:11,Paid Search,K-12 Math,South Region,Rep_12,3.55,Demo Completed,Lost,Bad Timing,596.12,2026-04-22 09:33:58.621547
LD-301631,02/21/2026 11:24,Partner Channel,Coding for Kids,East Region,Rep_09,4.11,Contacted,Open,,,
LD-301632,15-Jul-2025 13:34,Social Media,K-12 Math,West Region,Rep_03,1.14,Demo Completed,Lost,Went With Competitor,423.97,2025-08-19 09:45:35.093500
LD-301633,04/10/2026 11:19,Paid Search,k-12 math,West Region,Rep_08,1.96,Proposal Sent,Lost,Bad Timing,585.94,2026-05-07 20:19:25.435436
LD-301634,2025-12-23 12:18:00,Cold Outreach,Language Learning,West Region,Rep_08,3.73,Contacted,Open,,,
LD-301635,31-May-2026 09:48,Social Media,Competitive Exam Prep,East Region,Rep_09,5.49,Contacted,Open,,,
LD-301636,09/15/2025 16:42,Social Media,Study Abroad Prep,East Region,Rep_14,13.75,Lead,Open,,,
LD-301637,2025-08-03 20:19:00,Paid Search,Competitive Exam Prep,International,Rep_05,3.67,Contacted,Open,,,
LD-301638,31-Oct-2025 10:09,Paid Search,Coding for Kids,North Region,Rep_06,4.87,Contacted,Open,,,
LD-301639,2026-06-26 13:03:00,Referral,K-12 Math,East Region,Rep_09,3.36,Closed,Won,,$526.76,2026-07-31 22:06:40.841315
LD-301640,2025-09-18 16:15:00,Webinar,Competitive Exam Prep,East Region,Rep_09,4.57,Contacted,Open,,,
LD-301641,2025-12-11 19:38:00,Paid Search,K-12 Math,South Region,Rep_07,1.61,Closed,Won,,$421.20,2026-01-20 17:09:45.416643
LD-301642,2025-06-24 18:35:00,Organic Search,K-12 Math,International,Rep_10,0.56,Contacted,Open,,,
LD-301643,2025-08-29 16:03:00,Partner Channel,K-12 Math,South Region,Rep_02,2.87,Contacted,Open,,,
LD-301644,2025-03-04 20:04:00,Partner Channel,Language Learning,,Rep_03,13.86,Negotiation,Lost,Bad Timing,336.66,2025-04-08 06:11:05.109752
LD-301645,30-Jul-2025 20:35,Webinar,Coding for Kids,East Region,Rep_04,6.89,Contacted,Open,,,
LD-301646,2026-06-24 18:22:00,Organic Search,Competitive Exam Prep,International,Rep_15,3.86,Contacted,Open,,,
LD-301647,03/02/2026 18:52,Partner Channel,K-12 Math,West Region,Rep_13,2.67,Contacted,Open,,,
LD-301648,2025-09-11 16:53:00,Paid Search,Study Abroad Prep,West Region,Rep_03,10.55,Demo Completed,Lost,Went With Competitor,1639.75,2025-10-19 09:14:30.824400
LD-301649,20-Dec-2025 16:54,Social Media,Language Learning,South Region,Rep_02,1.94,Contacted,Open,,,
LD-301650,05/15/2026 08:09,cold outreach,K-12 Math,East Region,Rep_04,2.7,Lead,Open,,,
LD-301651,07/25/2025 16:14,Partner Channel,Language Learning,South Region,Rep_02,1.73,Contacted,Open,,,
LD-301652,16-Jan-2026 12:29,Webinar,K-12 Math,,Rep_02,1.6,Contacted,Open,,,
LD-301653,07/23/2025 18:11,Organic Search,Coding for Kids,South Region,Rep_02,1.42,Demo Completed,Lost,Budget Not Approved,600.93,2025-08-25 01:42:37.488807
LD-301654,02-Jan-2025 07:29,Referral,Study Abroad Prep,North Region,Rep_06,0.8,Closed,Won,,"$1,347.58",2025-02-21 02:16:33.196697
LD-301655,27-Aug-2025 10:43,Cold Outreach,Competitive Exam Prep,,Rep_01,6.65,Contacted,Open,,,
LD-301656,2026-02-14 20:13:00,Paid Search,Competitive Exam Prep,North Region,Rep_11,4.14,Negotiation,Lost,No Response / Ghosted,$927.82,2026-04-15 17:50:45.971185
LD-301657,02-Oct-2025 14:01,Organic Search,Language Learning,North Region,Rep_06,7.18,Contacted,Open,,,
LD-301658,02/26/2025 11:23,Organic Search,K-12 Math,North Region,Rep_06,5.87,Demo Completed,Lost,Budget Not Approved,429.35,2025-03-16 10:14:09.858046
LD-301659,2026-05-28 12:36:00,Webinar,Competitive Exam Prep,South Region,Rep_02,2.76,Negotiation,Lost,Went With Competitor,944.62,2026-08-01 08:29:32.973205
LD-301660,27-Jun-2025 20:24,Cold Outreach,Competitive Exam Prep,West Region,Rep_03,5.23,Contacted,Open,,,
LD-301661,2025-04-11 11:52:00,Social Media,Coding for Kids,South Region,Rep_07,0.7,Contacted,Open,,,
LD-301662,05/28/2026 19:00,Organic Search,K-12 Math,South Region,Rep_07,1.88,Contacted,Open,,,
LD-301663,2025-11-04 11:20:00,Social Media,Language Learning,South Region,Rep_12,12.62,Lead,Open,,,
LD-301664,11/25/2025 10:44,Partner Channel,Competitive Exam Prep,West Region,Rep_03,2.13,Negotiation,Lost,Bad Timing,$959.12,2025-12-28 03:25:45.400025
LD-301665,02-Jan-2026 09:48,Webinar,K-12 Math,International,Rep_15,1.96,Contacted,Open,,,
LD-301666,2025-11-27 20:10:00,Webinar,Study Abroad Prep,East Region,Rep_04,1.75,Contacted,Open,,,
LD-301667,06/02/2026 11:57,Social Media,Study Abroad Prep,South Region,Rep_07,2.97,Proposal Sent,Lost,No Response / Ghosted,1196.82,2026-07-07 16:50:12.456162
LD-301668,2025-03-13 07:32:00,Webinar,K-12 Math,,Rep_13,1.25,Contacted,Open,,,
LD-301669,04-Aug-2025 07:17,Cold Outreach,Competitive Exam Prep,International,Rep_15,3.15,Contacted,Open,,,
LD-301670,05/08/2026 15:01,SEO,K-12  Math,North Region,Rep_01,2.93,Contacted,Open,,,
LD-301671,2025-06-09 19:23:00,Partner Channel,Coding for Kids,South Region,Rep_12,6.05,Contacted,Open,,,
LD-301672,2025-01-22 16:41:00,Cold-Outreach,Language Learning,South Region,Rep_12,1.55,Demo Completed,Lost,Price Objection,423.88,2025-03-05 19:25:59.119829
LD-301673,2025-05-30 11:22:00,Social Media,Competitive Exam Prep,South Region,Rep_07,5.1,Contacted,Open,,,
LD-301674,2025-03-20 12:40:00,Referral,Study Abroad Prep,International,Rep_15,8.09,Closed,Won,,"$1,668.13",2025-05-06 11:10:06.087755
LD-301675,05/20/2025 09:58,Organic Search,Competitive Exam Prep,International,Rep_05,5.51,Contacted,Open,,,
LD-301676,02-Jun-2026 07:18,Referral,Study Abroad Prep,South Region,Rep_07,2.05,Negotiation,Lost,Price Objection,1500.5,2026-07-12 09:34:07.703103
LD-301677,12/06/2025 09:37,Social Media,Language Learning,International,Rep_10,2.12,Contacted,Open,,,
LD-301678,2025-05-20 17:06:00,Referral,K-12 Math,South Region,Rep_07,3.88,Contacted,Open,,,
LD-301679,21-Jul-2025 08:50,Paid Search,Coding for Kids,West Region,Rep_03,1.45,Contacted,Open,,,
LD-301680,2025-12-19 07:29:00,Paid Search,K-12 Math,South Region,Rep_02,5.25,Contacted,Open,,,
LD-301681,02/07/2025 20:29,Cold Outreach,Coding for Kids,East Region,Rep_09,1.07,Contacted,Open,,,
LD-301682,2025-05-30 20:03:00,Paid Search,Competitive Exam Prep,East Region,Rep_14,2.34,Contacted,Open,,,
LD-301683,03/25/2026 11:31,Cold Outreach,Coding for Kids,International,Rep_05,8.97,Lead,Open,,,
LD-301684,2026-04-03 14:09:00,Paid Search,Competitive Exam Prep,International,Rep_15,1.72,Demo Completed,Lost,Bad Timing,$870.47,2026-05-12 01:41:38.522527
LD-301685,07/25/2025 17:03,Webinar,Competitive Exam Prep,,Rep_04,6.61,Demo Completed,Lost,Went With Competitor,1116.16,2025-08-22 04:08:36.578213
LD-301686,03/31/2026 19:26,Webinar,K-12 Math,East Region,Rep_14,2.18,Contacted,Open,,,
LD-301687,19-Aug-2025 20:40,Organic Search,Competitive Exam Prep,North Region,Rep_06,2.68,Demo Scheduled,Open,,,
LD-301688,12/29/2025 18:42,Referral,Study Abroad Prep,East Region,Rep_04,8.96,Demo Scheduled,Open,,,
LD-301689,22-Feb-2025 12:32,Organic Search,k-12 math,East Region,Rep_09,1.35,Proposal Sent,Lost,Bad Timing,$587.82,2025-04-12 23:29:29.567694
LD-301690,2025-04-09 19:20:00,Webinar,Language Learning,West Region,Rep_03,1.66,Proposal Sent,Lost,Price Objection,383.79,2025-05-21 11:20:40.276544
LD-301691,16-Jan-2026 11:57,Cold Outreach,Study Abroad Prep,South Region,Rep_07,3.61,Contacted,Open,,,
LD-301692,12/05/2025 12:47,Cold Outreach,Competitive Exam Prep,,Rep_04,6.86,Lead,Open,,,
LD-301693,03/10/2025 09:57,Paid Search,Study Abroad Prep,North Region,Rep_11,2.51,Contacted,Open,,,
LD-301694,02/20/2026 20:12,Paid Search,Language Learning,West Region,Rep_03,2.27,Closed,Won,,334.78,2026-04-03 22:19:43.552392
LD-301695,2025-08-08 17:09:00,Organic Search,Language Learning,South Region,Rep_02,0.95,Closed,Won,,$302.38,2025-09-13 00:09:36.580768
LD-301696,2025-10-10 08:31:00,Webinar,Competitive Exam Prep,East Region,Rep_14,4.17,Contacted,Open,,,
LD-301697,07/11/2025 14:43,Partner Channel,Coding for Kids,South Region,Rep_12,2.45,Demo Scheduled,Open,,,
LD-301698,08-Oct-2025 10:41,Organic Search,Competitive Exam Prep,International,Rep_10,3.55,Contacted,Open,,,
LD-301699,2026-05-29 07:14:00,Webinar,Coding for Kids,East Region,Rep_09,8.38,Demo Completed,Lost,Went With Competitor,674.82,2026-06-19 18:55:31.660518
LD-301700,26-Sep-2025 17:02,Partner Channel,Competitive Exam Prep,South Region,Rep_02,9.68,Contacted,Open,,,
LD-301701,02-May-2025 08:12,Webinar,Coding For Kids,South Region,Rep_12,2.16,Closed,Won,,734.34,2025-06-16 11:35:59.599924
LD-301702,05-Jan-2026 14:33,Social Media,Competitive Exam Prep,West Region,Rep_13,1.1,Closed,Won,,$950.80,2026-02-11 01:40:50.943899
LD-301703,04/25/2025 15:24,Paid Search,Coding for Kids,West Region,Rep_13,4.41,Contacted,Open,,,
LD-301704,2025-07-30 16:25:00,Paid Search,Competitive Exam Prep,East Region,Rep_14,4.77,Lead,Open,,,
LD-301705,23-Jan-2025 18:43,Social Media,Competitive Exam Prep,West Region,Rep_03,2.91,Contacted,Open,,,
LD-301706,15-Jun-2025 07:58,Cold Outreach,Competitive Exam Prep,South Region,Rep_12,9.39,Lead,Open,,,
LD-301707,2026-04-09 11:12:00,Paid Search,Competitive Exam Prep,South Region,Rep_12,2.78,Lead,Open,,,
LD-301708,2025-05-30 18:38:00,Organic Search,K-12 Math,North Region,Rep_01,10.2,Contacted,Open,,,
LD-301709,2025-12-18 15:12:00,Referral,Coding for Kids,North Region,Rep_01,14.71,Closed,Won,,540.66,2026-01-20 20:53:21.005021
LD-301710,2025-05-20 08:25:00,organic search,Competitive Exam Prep,West Region,Rep_08,1.54,Closed,Won,,$810.87,2025-06-18 10:42:09.047487
LD-301711,2025-11-29 19:30:00,Organic search,Coding for Kids,West Region,Rep_13,4.74,Demo Completed,Lost,Budget Not Approved,$678.97,2026-01-07 10:47:26.027344
LD-301712,02/03/2025 09:41,organic search,Coding for Kids,North Region,Rep_01,5.51,Contacted,Open,,,
LD-301713,04/21/2025 16:33,Cold Outreach,Language Learning,,Rep_01,0.49,Contacted,Open,,,
LD-301714,21-Oct-2025 10:07,organic search,Study Abroad Prep,International,Rep_15,6.34,Demo Completed,Lost,Bad Timing,1473.46,2025-11-16 20:51:09.452963
LD-301715,06/10/2025 18:06,Paid Search,K-12 Math,South Region,Rep_02,5.68,Lead,Open,,,
LD-301716,12-Apr-2025 13:13,Cold Outreach,K-12 Math,North Region,Rep_06,9.92,Contacted,Open,,,
LD-301717,2025-06-03 11:49:00,Organic Search,K-12 Math,North Region,Rep_06,1.41,Contacted,Open,,,
LD-301718,2025-05-28 13:51:00,Organic Search,Study Abroad Prep,North Region,Rep_01,14.53,Contacted,Open,,,
LD-301719,10/23/2025 16:27,Paid Search,K-12 Math,East Region,Rep_09,1.56,Contacted,Open,,,
LD-301720,02-May-2025 16:43,Organic Search,Competitive Exam Prep,International,Rep_10,3.59,Contacted,Open,,,
LD-301721,28-Jan-2025 10:47,Partner Channel,Competitive Exam Prep,North Region,Rep_11,1.48,Closed,Won,,814.55,2025-03-04 21:56:41.885328
LD-301722,12-Dec-2025 12:30,Paid Search,Competitive Exam Prep,South Region,Rep_07,3.95,Closed,Won,,1175.97,2026-01-11 21:18:49.783232
LD-301723,06/05/2025 07:03,Referral,K-12  Math,South Region,Rep_07,5.63,Negotiation,Lost,No Response / Ghosted,$447.46,2025-07-17 07:51:13.626412
LD-301724,2025-12-22 09:50:00,Webinar,Coding for Kids,East Region,Rep_09,0.92,Contacted,Open,,,
LD-301725,14-Mar-2025 09:53,Organic Search,Coding for Kids,International,Rep_15,0.54,Lead,Open,,,
LD-301726,03-Oct-2025 13:25,Cold Outreach,Coding for Kids,,Rep_12,1.75,Proposal Sent,Lost,Bad Timing,$548.97,2025-10-31 13:37:39.852020
LD-301727,02-Mar-2026 11:11,Referral,Language Learning,North Region,Rep_01,6.12,Contacted,Open,,,
LD-301728,12/04/2025 08:58,Organic Search,Competitive Exam Prep,West Region,Rep_03,3.83,Contacted,Open,,,
LD-301729,15-May-2025 10:24,Referral,K-12 Math,North Region,Rep_06,7.66,Contacted,Open,,,
LD-301730,2025-03-07 07:14:00,Organic Search,Study Abroad Prep,South Region,Rep_02,6.49,Contacted,Open,,,
LD-301731,2026-02-12 11:34:00,Organic Search,Coding for Kids,South Region,Rep_07,2.8,Contacted,Open,,,
LD-301732,2025-10-24 17:35:00,Paid Search,Language Learning,South Region,Rep_12,3.41,Demo Completed,Lost,Price Objection,$295.85,2025-11-20 16:32:42.620663
LD-301733,22-Oct-2025 09:43,Paid Search,Coding for Kids,West Region,Rep_13,8.7,Contacted,Open,,,
LD-301734,15-Jun-2026 12:06,Cold-Outreach,Competitive Exam Prep,North Region,Rep_01,9.24,Lead,Open,,,
LD-301735,2025-12-23 12:45:00,Social,Coding for Kids,South Region,Rep_12,2.82,Lead,Open,,,
LD-301736,04/20/2026 07:05,Social Media,K-12 Math,East Region,Rep_04,5.15,Contacted,Open,,,
LD-301737,29-Apr-2025 20:00,Referral,Study Abroad Prep,International,Rep_10,3.4,Contacted,Open,,,
LD-301738,16-Oct-2025 19:18,Referral,Language Learning,East Region,Rep_14,0.99,Lead,Open,,,
LD-301739,2025-03-14 11:35:00,Referral,Competitive Exam Prep,West Region,Rep_03,4.51,Contacted,Open,,,
LD-301740,2026-02-28 08:49:00,Paid Search,Competitive Exam Prep,West Region,Rep_13,2.06,Lead,Open,,,
LD-301741,14-Jan-2025 14:49,Organic Search,Study Abroad Prep,South Region,Rep_07,18.59,Contacted,Open,,,
LD-301742,07/08/2025 15:19,Social Media,K-12 Math,International,Rep_15,1.44,Lead,Open,,,
LD-301743,2025-03-03 09:39:00,Organic Search,Coding for Kids,International,Rep_05,2.38,Contacted,Open,,,
LD-301744,2025-12-15 10:35:00,Referral,Competitive Exam Prep,South Region,Rep_12,1.41,Contacted,Open,,,
LD-301745,05/18/2026 15:56,organic search,K-12 Math,International,Rep_05,7.33,Contacted,Open,,,
LD-301746,03-Dec-2025 09:47,Paid Search,Competitive Exam Prep,North Region,Rep_06,1.9,Demo Completed,Lost,Price Objection,"$1,043.00",2025-12-27 05:56:16.024530
LD-301747,06/17/2026 15:07,Social Media,Study Abroad Prep,North Region,Rep_01,3.03,Proposal Sent,Lost,Price Objection,1280.43,2026-07-26 17:09:30.699949
LD-301748,2026-06-29 09:13:00,Organic Search,K-12 Math,South Region,Rep_12,5.45,Negotiation,Lost,Price Objection,543.82,2026-08-17 16:39:40.367383
LD-301749,21-Jan-2025 16:04,Referral,Competitive Exam Prep,North Region,Rep_06,3.64,Proposal Sent,Lost,Price Objection,1122.21,2025-03-16 23:18:29.992832
LD-301750,2026-05-11 16:04:00,Referral,Competitive Exam Prep,North Region,Rep_11,1.03,Contacted,Open,,,
LD-301751,27-Jun-2026 18:04,Partner Channel,K-12 Math,North Region,Rep_11,1.53,Contacted,Open,,,
LD-301752,29-Apr-2025 20:15,paid search,Coding for Kids,North Region,Rep_01,4.85,Demo Completed,Lost,Price Objection,584.7,2025-06-10 20:12:11.517133
LD-301753,02/07/2025 12:48,Cold Outreach,Study Abroad Prep,East Region,Rep_14,4.07,Lead,Open,,,
LD-301754,2026-03-02 19:28:00,paid search,k-12 math,East Region,Rep_14,2.91,Demo Completed,Lost,Price Objection,556.06,2026-04-03 20:29:07.566389
LD-301755,09/15/2025 09:09,Social Media,Language Learning,South Region,Rep_07,3.73,Proposal Sent,Lost,Bad Timing,404.84,2025-10-16 16:44:54.480055
LD-301756,2025-11-27 07:59:00,Organic Search,CODING FOR KIDS,,Rep_01,1.09,Closed,Won,,$741.53,2026-01-01 10:13:03.022545
LD-301757,10/09/2025 13:30,SEO,K-12 Math,International,Rep_05,1.95,Lead,Open,,,
LD-301758,06-Mar-2025 08:48,Cold Outreach,K-12 Math,South Region,Rep_02,4.19,Demo Completed,Lost,Went With Competitor,440.13,2025-04-10 14:44:33.966064
LD-301759,08/06/2025 17:49,Paid Search,Coding For Kids,South Region,Rep_07,3.14,Lead,Open,,,
LD-301760,02/11/2025 20:46,Paid Search,Language Learning,International,Rep_10,8.54,Contacted,Open,,,
LD-301761,02/25/2025 11:26,Webinar,Study Abroad Prep,West Region,Rep_03,5.13,Contacted,Open,,,
LD-301762,10-Dec-2025 20:29,Referral,Competitive Exam Prep,West Region,Rep_03,0.8,Closed,Won,,940.5,2026-01-18 18:16:41.055902
LD-301763,09-Jun-2026 19:16,Webinar,Competitive Exam Prep,South Region,Rep_02,4.74,Contacted,Open,,,
LD-301764,29-Apr-2025 09:26,Social,Coding for Kids,International,Rep_05,1.55,Lead,Open,,,
LD-301765,2025-06-30 08:38:00,Organic Search,Coding for Kids,South Region,Rep_07,1.67,Contacted,Open,,,
LD-301766,2026-04-25 15:03:00,Referral,Competitive Exam Prep,East Region,Rep_04,2.95,Contacted,Open,,,
LD-301767,2025-05-07 15:47:00,Social Media,Competitive Exam Prep,South Region,Rep_12,0.55,Contacted,Open,,,
LD-301768,2025-03-17 12:10:00,Organic search,K-12 Math,South Region,Rep_07,3.76,Contacted,Open,,,
LD-301769,06/15/2026 13:33,Webinar,Competitive Exam Prep,North Region,Rep_06,9.56,Lead,Open,,,
LD-301770,09/13/2025 07:47,Referral,Language Learning,,Rep_02,7.81,Closed,Won,,$333.64,2025-10-20 17:03:24.073612
LD-301771,2025-06-05 19:23:00,Webinar,Competitive Exam Prep,West Region,Rep_13,4.15,Negotiation,Lost,Bad Timing,1087.67,2025-08-03 07:05:14.829193
LD-301772,2025-09-05 14:58:00,Referral,Coding for Kids,West Region,Rep_13,3.57,Closed,Won,,621.95,2025-10-08 19:19:31.466866
LD-301773,2025-01-02 12:18:00,Organic Search,K-12 Math,South Region,Rep_07,6.81,Lead,Open,,,
LD-301774,01/26/2026 18:17,social media,Language Learning,South Region,Rep_02,0.84,Negotiation,Lost,Price Objection,394.05,2026-03-09 20:26:05.370067
LD-301775,2025-07-15 07:21:00,Organic Search,Coding for Kids,South Region,Rep_07,3.44,Closed,Won,,769.03,2025-08-07 15:06:41.864328
LD-301776,12-Mar-2025 18:40,Paid Search,K-12 Math,West Region,Rep_03,0.51,Lead,Open,,,
LD-301777,04-May-2026 18:44,Partner Channel,K-12 Math,North Region,Rep_11,1.22,Closed,Won,,$490.08,2026-06-04 08:12:13.493260
LD-301778,20-May-2026 08:17,Paid Search,CODING FOR KIDS,South Region,Rep_02,3.9,Contacted,Open,,,
LD-301779,04/13/2026 09:53,Organic Search,Language Learning,South Region,Rep_12,10.67,Contacted,Open,,,
LD-301780,25-Nov-2025 13:02,Webinar,K-12 Math,East Region,Rep_14,10.31,Lead,Open,,,
LD-301781,2025-02-09 15:16:00,PPC,Competitive Exam Prep,,Rep_09,5.51,Contacted,Open,,,
LD-301782,09/25/2025 09:27,Webinar,Language Learning,,Rep_02,2.76,Contacted,Open,,,
LD-301783,2025-10-02 07:57:00,Paid Search,Competitive Exam Prep,West Region,Rep_08,1.33,Contacted,Open,,,
LD-301784,31-Jan-2025 19:22,Cold Outreach,Competitive Exam Prep,North Region,Rep_01,0.16,Proposal Sent,Lost,No Response / Ghosted,1104.89,2025-03-27 11:17:11.020128
LD-301785,2025-02-13 18:02:00,Organic Search,Competitive Exam Prep,East Region,Rep_14,4.27,Contacted,Open,,,
LD-301786,13-Mar-2026 17:31,Social,K-12 Math,South Region,Rep_12,2.6,Contacted,Open,,,
LD-301787,08/29/2025 20:57,Organic Search,K-12 Math,North Region,Rep_11,12.63,Demo Completed,Lost,Went With Competitor,534.74,2025-10-05 08:02:54.512038
LD-301788,09-Jun-2025 16:10,Organic Search,coding for kids,East Region,Rep_14,2.76,Demo Scheduled,Open,,,
LD-301789,07/17/2025 19:18,Organic Search,Coding for Kids,South Region,Rep_12,1.61,Contacted,Open,,,
LD-301790,2026-01-18 09:49:00,Social Media,Competitive Exam Prep,West Region,Rep_13,5.22,Lead,Open,,,
LD-301791,11-Oct-2025 17:59,Referral,Coding for Kids,East Region,Rep_14,1.46,Contacted,Open,,,
LD-301792,2026-01-23 14:35:00,Cold Outreach,Competitive Exam Prep,South Region,Rep_12,2.67,Contacted,Open,,,
LD-301793,06/20/2026 17:17,Webinar,K-12 Math,South Region,Rep_02,2.13,Contacted,Open,,,
LD-301794,2025-03-28 18:35:00,Paid Search,K-12  Math,West Region,Rep_08,0.52,Lead,Open,,,
LD-301795,2025-10-10 14:14:00,Webinar,Coding for Kids,East Region,Rep_09,3.01,Demo Completed,Lost,Price Objection,$537.06,2025-11-24 22:29:07.418198
LD-301796,25-Nov-2025 17:43,organic search,Competitive Exam Prep,East Region,Rep_04,2.28,Contacted,Open,,,
LD-301797,10/05/2025 08:20,PPC,Competitive Exam Prep,South Region,Rep_02,0.6,Closed,Won,,981.4,2025-11-10 06:18:50.943526
LD-301798,01/14/2026 17:15,Paid Search,Coding for Kids,West Region,Rep_08,4.85,Demo Completed,Lost,Budget Not Approved,729.22,2026-02-16 16:25:54.431550
LD-301799,03/21/2025 13:20,Paid Search,Competitive Exam Prep,West Region,Rep_03,2.72,Lead,Open,,,
LD-301800,2026-05-29 13:43:00,Webinar,Competitive Exam Prep,North Region,Rep_11,0.22,Closed,Won,,842.8,2026-07-07 16:52:51.150742
LD-301801,24-Sep-2025 08:13,Referral,Competitive Exam Prep,East Region,Rep_09,2.21,Contacted,Open,,,
LD-301802,05/02/2025 12:55,Partner Channel,Coding for Kids,East Region,Rep_14,8.61,Lead,Open,,,
LD-301803,03/19/2026 11:34,Referral,Coding for Kids,South Region,Rep_02,8.62,Contacted,Open,,,
LD-301804,2025-06-26 13:25:00,Partner Channel,Coding for Kids,North Region,Rep_06,0.72,Proposal Sent,Lost,Price Objection,591.01,2025-08-15 02:06:16.574144
LD-301805,01/16/2026 19:02,Webinar,Coding for Kids,South Region,Rep_12,1.84,Contacted,Open,,,
LD-301806,2025-11-27 16:55:00,Paid Search,K-12 Math,North Region,Rep_11,1.35,Closed,Won,,582.35,2026-01-06 03:22:24.649734
LD-301807,13-Jun-2026 17:32,Webinar,Language Learning,South Region,Rep_12,2.91,Closed,Won,,393.47,2026-07-28 12:59:18.224419
LD-301808,17-Oct-2025 08:16,Partner Channel,Competitive Exam Prep,South Region,Rep_07,1.63,Closed,Won,,"$1,067.43",2025-11-19 12:47:01.793225
LD-301809,02/11/2025 20:15,Organic Search,Coding for Kids,East Region,Rep_04,2.22,Contacted,Open,,,
LD-301810,01/01/2025 18:41,Paid Search,Coding for Kids,West Region,Rep_13,2.3,Contacted,Open,,,
LD-301811,16-May-2025 12:05,Webinar,K12 Math,West Region,Rep_13,3.73,Closed,Won,,$589.70,2025-07-02 13:13:26.412031
LD-301812,2025-05-16 18:24:00,Paid Search,Coding for Kids,North Region,Rep_11,1.18,Closed,Won,,722.65,2025-06-23 07:29:10.666528
LD-301813,13-Sep-2025 15:23,Social Media,Competitive Exam Prep,South Region,Rep_07,5.09,Demo Scheduled,Open,,,
LD-301814,2025-09-09 09:09:00,Paid Search,Language Learning,South Region,Rep_12,2.66,Contacted,Open,,,
LD-301815,07/02/2025 16:50,Social Media,K-12 Math,West Region,Rep_08,2.79,Contacted,Open,,,
LD-301816,23-Jan-2026 12:53,Partner Channel,K-12 Math,East Region,Rep_09,0.74,Closed,Won,,$561.26,2026-02-27 13:49:57.006627
LD-301817,11/04/2025 12:39,Social Media,Competitive Exam Prep,West Region,Rep_08,0.7,Contacted,Open,,,
LD-301818,2026-02-11 16:54:00,Organic Search,Study Abroad Prep,East Region,Rep_14,2.6,Contacted,Open,,,
LD-301819,2026-05-20 14:18:00,Paid Search,Coding for Kids,East Region,Rep_09,3.98,Contacted,Open,,,
LD-301820,2026-04-17 11:52:00,organic search,Language Learning,International,Rep_15,7.1,Contacted,Open,,,
LD-301821,25-Dec-2025 19:55,Referral,coding for kids,South Region,Rep_12,1.9,Closed,Won,,645.68,2026-01-25 13:22:44.639917
LD-301822,2026-06-15 20:28:00,Paid Search,Language Learning,East Region,Rep_04,3.95,Contacted,Open,,,
LD-301823,21-Jan-2026 19:39,Paid Search,K-12 Math,South Region,Rep_07,2.2,Contacted,Open,,,
LD-301824,2025-02-04 07:03:00,Social Media,Competitive Exam Prep,South Region,Rep_07,3.43,Lead,Open,,,
LD-301825,21-Nov-2025 20:40,Partner Channel,Competitive Exam Prep,South Region,Rep_07,11.2,Closed,Won,,1018.06,2025-12-28 13:44:07.813235
LD-301826,2025-04-14 19:07:00,Organic search,K-12 Math,International,Rep_10,7.41,Lead,Open,,,
LD-301827,2025-05-28 18:27:00,Organic Search,Competitive Exam Prep,North Region,Rep_06,2.79,Lead,Open,,,
LD-301828,2026-06-01 12:12:00,Paid Search,Language Learning,East Region,Rep_09,2.2,Contacted,Open,,,
LD-301829,02/04/2025 09:49,Paid Search,K-12 Math,West Region,Rep_03,5.04,Lead,Open,,,
LD-301830,11-Jun-2026 17:25,Paid Search,Coding for Kids,East Region,Rep_14,1.2,Contacted,Open,,,
LD-301831,2025-07-25 15:52:00,Social Media,Competitive Exam Prep,South Region,Rep_12,2.33,Lead,Open,,,
LD-301832,2025-12-21 13:03:00,Webinar,K12 Math,West Region,Rep_08,4.85,Contacted,Open,,,
LD-301833,05/13/2025 15:34,Referral,Coding for Kids,South Region,Rep_12,2.58,Negotiation,Lost,Bad Timing,535.07,2025-06-15 10:53:28.161268
LD-301834,12/08/2025 07:02,Referral,Competitive Exam Prep,,Rep_14,6.5,Negotiation,Lost,Price Objection,$976.82,2026-01-22 19:24:33.996171
LD-301835,04/10/2026 14:10,Organic Search,Coding for Kids,West Region,Rep_03,2.8,Contacted,Open,,,
LD-301836,01/16/2026 14:27,Organic Search,Coding for Kids,North Region,Rep_06,2.28,Lead,Open,,,
LD-301837,10/03/2025 17:35,Social Media,K-12 Math,West Region,Rep_03,0.93,Lead,Open,,,
LD-301838,05/29/2026 14:37,Paid Search,Coding for Kids,East Region,Rep_04,4.42,Demo Scheduled,Open,,,
LD-301839,02-Jan-2025 10:44,Paid Search,Coding for Kids,West Region,Rep_13,6.87,Lead,Open,,,
LD-301840,2025-01-21 18:04:00,Social Media,Study Abroad Prep,South Region,Rep_02,2.16,Demo Completed,Lost,No Response / Ghosted,1617.45,2025-02-23 10:23:09.020996
LD-301841,02-May-2026 07:28,Referral,coding for kids,East Region,Rep_14,3.24,Proposal Sent,Lost,Price Objection,565.75,2026-06-15 16:01:22.972145
LD-301842,2025-07-11 08:22:00,Cold Outreach,Coding for Kids,West Region,Rep_03,2.09,Demo Scheduled,Open,,,
LD-301843,26-Dec-2025 14:24,Referral,K-12 Math,International,Rep_10,3.22,Negotiation,Lost,Price Objection,430.12,2026-02-12 09:48:36.477426
LD-301844,2025-06-21 16:36:00,Organic Search,Study Abroad Prep,International,Rep_10,8.83,Contacted,Open,,,
LD-301845,03-Jan-2025 16:39,Organic Search,K-12 Math,,Rep_04,2.81,Lead,Open,,,
LD-301846,06-Jun-2025 09:15,Cold Outreach,Coding for Kids,West Region,Rep_03,4.13,Lead,Open,,,
LD-301847,04/14/2026 18:20,Partner Channel,Study Abroad Prep,West Region,Rep_03,4.84,Proposal Sent,Lost,Price Objection,1401.28,2026-05-26 22:45:47.841721
LD-301848,08/22/2025 17:16,Organic Search,k-12 math,,Rep_01,2.8,Contacted,Open,,,
LD-301849,28-May-2025 14:34,Organic Search,Coding for Kids,North Region,Rep_01,18.05,Demo Completed,Lost,Price Objection,637.89,2025-06-26 21:52:33.311250
LD-301850,2026-05-08 11:40:00,Paid Search,K-12 Math,International,Rep_15,2.15,Contacted,Open,,,
LD-301851,01-Apr-2025 18:26,Social Media,K-12 Math,West Region,Rep_08,0.8,Closed,Won,,588.72,2025-04-28 00:51:02.683016
LD-301852,2026-06-16 08:21:00,Social Media,K-12 Math,West Region,Rep_13,5.62,Contacted,Open,,,
LD-301853,02/08/2026 18:32,Paid Search,Competitive Exam Prep,North Region,Rep_01,1.34,Contacted,Open,,,
LD-301854,07/02/2025 13:23,Referral,Competitive Exam Prep,North Region,Rep_01,2.51,Closed,Won,,889.07,2025-08-10 23:06:06.846290
LD-301855,17-Oct-2025 16:31,Referral,Competitive Exam Prep,West Region,Rep_03,1.07,Negotiation,Lost,Price Objection,$854.84,2025-12-07 01:08:44.331362
LD-301856,03/23/2025 12:41,PPC,Coding for Kids,International,Rep_05,6.16,Contacted,Open,,,
LD-301857,20-Jun-2025 11:52,Paid Search,K-12 Math,North Region,Rep_01,4.21,Lead,Open,,,
LD-301858,15-Mar-2026 13:46,COLD OUTREACH,Coding for Kids,East Region,Rep_14,2.79,Contacted,Open,,,
LD-301859,19-Sep-2025 09:36,Cold Outreach,Competitive Exam Prep,East Region,Rep_09,4.82,Lead,Open,,,
LD-301860,05/17/2026 18:46,Webinar,Language Learning,East Region,Rep_04,1.37,Contacted,Open,,,
LD-301861,25-Dec-2025 19:05,Webinar,Language Learning,West Region,Rep_08,4.94,Closed,Won,,319.08,2026-02-11 20:42:08.273629
LD-301862,02/21/2025 15:20,paid search,Study Abroad Prep,South Region,Rep_12,2.72,Lead,Open,,,
LD-301863,05-Sep-2025 18:20,Social Media,Language Learning,International,Rep_05,12.69,Lead,Open,,,
LD-301864,17-Jul-2025 14:46,Paid Search,Competitive Exam Prep,South Region,Rep_07,4.7,Lead,Open,,,
LD-301865,2025-02-19 20:22:00,Partner Channel,Coding for Kids,North Region,Rep_06,7.39,Contacted,Open,,,
LD-301866,2026-01-02 12:26:00,Organic Search,Competitive Exam Prep,West Region,Rep_08,1.55,Contacted,Open,,,
LD-301867,23-Oct-2025 08:51,Social Media,Study Abroad Prep,West Region,Rep_08,2.78,Contacted,Open,,,
LD-301868,05-Sep-2025 18:35,Organic Search,K-12 Math,East Region,Rep_04,8.83,Contacted,Open,,,
LD-301869,07/09/2025 07:36,Cold Outreach,Coding for Kids,South Region,Rep_02,3.54,Lead,Open,,,
LD-301870,23-Jun-2025 16:37,Organic Search,K-12 Math,South Region,Rep_07,7.77,Negotiation,Lost,Price Objection,491.98,2025-08-05 01:03:41.873117
LD-301871,2025-12-26 17:57:00,Cold Outreach,Language Learning,West Region,Rep_03,3.74,Contacted,Open,,,
LD-301872,05/26/2026 12:04,COLD OUTREACH,Competitive Exam Prep,,Rep_08,2.02,Negotiation,Lost,No Response / Ghosted,846.24,2026-06-29 20:49:49.457967
LD-301873,2025-09-19 18:44:00,Cold Outreach,Language Learning,North Region,Rep_06,0.83,Lead,Open,,,
LD-301874,18-Apr-2025 11:41,Social Media,K-12 Math,West Region,Rep_13,0.41,Closed,Won,,463.84,2025-06-04 13:03:42.502955
LD-301875,26-Apr-2025 10:20,Paid Search,Language Learning,North Region,Rep_11,1.41,Contacted,Open,,,
LD-301876,10/13/2025 07:26,Organic Search,K-12 Math,East Region,Rep_09,0.87,Contacted,Open,,,
LD-301877,29-Dec-2025 13:43,Webinar,K-12 Math,,Rep_02,3.22,Contacted,Open,,,
LD-301878,2025-07-09 20:26:00,Social Media,Competitive Exam Prep,North Region,Rep_11,8.28,Contacted,Open,,,
LD-301879,2025-10-19 07:08:00,Partner Channel,Study Abroad Prep,West Region,Rep_03,0.61,Contacted,Open,,,
LD-301880,05-Sep-2025 20:39,Webinar,Competitive Exam Prep,South Region,Rep_12,1.69,Closed,Won,,$967.94,2025-10-25 19:56:34.789324
LD-301881,07/07/2025 13:01,Social Media,K12 Math,,Rep_13,2.89,Lead,Open,,,
LD-301882,13-Aug-2025 13:04,Referral,Coding for Kids,South Region,Rep_07,0.86,Contacted,Open,,,
LD-301883,2025-05-01 18:37:00,Cold Outreach,Competitive Exam Prep,West Region,Rep_03,10.94,Contacted,Open,,,
LD-301884,04-Jun-2025 09:11,Cold Outreach,Coding for Kids,West Region,Rep_03,4.03,Negotiation,Lost,No Response / Ghosted,574.5,2025-07-17 20:21:46.792262
LD-301885,2025-11-13 14:50:00,SOCIAL MEDIA,Competitive Exam Prep,East Region,Rep_14,6.15,Contacted,Open,,,
LD-301886,21-Jan-2025 14:34,Paid  Search,Language Learning,South Region,Rep_12,2.47,Contacted,Open,,,
LD-301887,2025-01-21 07:18:00,Social Media,Competitive Exam Prep,North Region,Rep_11,0.39,Contacted,Open,,,
LD-301888,08/14/2025 19:18,Social Media,K-12 Math,,Rep_15,21.28,Contacted,Open,,,
LD-301889,07/16/2025 17:00,Cold Outreach,Coding for Kids,West Region,Rep_08,3.8,Lead,Open,,,
LD-301890,05/26/2025 12:29,Paid Search,Coding for Kids,West Region,Rep_13,2.97,Demo Completed,Lost,Went With Competitor,711.58,2025-06-13 07:24:45.988133
LD-301891,09/08/2025 11:48,Organic Search,Study Abroad Prep,North Region,Rep_06,25.73,Contacted,Open,,,
LD-301892,2025-12-30 19:58:00,Paid Search,Language Learning,South Region,Rep_07,1.25,Lead,Open,,,
LD-301893,2025-05-22 17:25:00,organic search,Competitive Exam Prep,South Region,Rep_07,1.15,Proposal Sent,Lost,Budget Not Approved,1143.47,2025-06-27 11:04:13.504350
LD-301894,11/21/2025 07:53,Organic Search,K-12 Math,North Region,Rep_01,4.15,Negotiation,Lost,Bad Timing,$408.76,2025-12-24 08:21:28.927056
LD-301895,28-Apr-2026 14:25,Paid Search,Competitive Exam Prep,East Region,Rep_14,3.77,Contacted,Open,,,
LD-301896,2025-02-10 19:27:00,Organic Search,Language Learning,West Region,Rep_13,3.53,Negotiation,Lost,No Response / Ghosted,$308.89,2025-03-31 12:49:48.455948
LD-301897,24-Apr-2026 08:42,Paid Search,K-12 Math,South Region,Rep_07,0.91,Closed,Won,,$591.74,2026-05-31 04:29:29.214805
LD-301898,2025-01-17 09:00:00,Webinar,Coding for Kids,South Region,Rep_12,0.25,Demo Scheduled,Open,,,
LD-301899,04/17/2026 10:04,Paid Search,Language Learning,East Region,Rep_04,2.91,Lead,Open,,,
LD-301900,2025-10-29 20:54:00,Paid Search,Study Abroad Prep,International,Rep_05,3.87,Contacted,Open,,,
LD-301901,2026-06-15 15:56:00,Organic Search,K-12 Math,South Region,Rep_07,2.36,Closed,Won,,435.98,2026-08-01 03:50:07.096153
LD-301902,2025-10-01 07:35:00,Webinar,Coding For Kids,South Region,Rep_02,5.7,Contacted,Open,,,
LD-301903,01/18/2025 16:24,Webinar,Coding for Kids,East Region,Rep_04,2.88,Contacted,Open,,,
LD-301904,05/23/2025 20:01,Cold Outreach,Language Learning,East Region,Rep_09,23.99,Lead,Open,,,
LD-301905,2025-03-28 07:28:00,Paid Search,K-12 Math,East Region,Rep_04,1.67,Lead,Open,,,
LD-301906,06/22/2026 18:50,Organic Search,Competitive Exam Prep,South Region,Rep_12,3.19,Contacted,Open,,,
LD-301907,2025-11-03 08:55:00,Cold Outreach,K-12 Math,South Region,Rep_02,0.9,Lead,Open,,,
LD-301908,2025-01-09 19:33:00,Paid  Search,Language Learning,South Region,Rep_07,1.58,Contacted,Open,,,
LD-301909,2025-06-14 10:23:00,Webinar,Language Learning,South Region,Rep_02,2.03,Contacted,Open,,,
LD-301910,01/19/2026 08:34,Referral,Coding for Kids,West Region,Rep_13,1.52,Contacted,Open,,,
LD-301911,2026-05-25 15:36:00,Referral,K12 Math,South Region,Rep_12,2.6,Negotiation,Lost,Budget Not Approved,558.47,2026-07-06 11:48:22.858271
LD-301912,01/28/2025 11:55,Social Media,Competitive Exam Prep,North Region,Rep_06,4.43,Lead,Open,,,
LD-301913,05/02/2025 11:49,Organic Search,Competitive Exam Prep,South Region,Rep_02,3.67,Contacted,Open,,,
LD-301914,02/21/2025 10:16,Partner Channel,K-12 Math,North Region,Rep_06,2.06,Contacted,Open,,,
LD-301915,19-Sep-2025 09:23,Cold-Outreach,Coding for Kids,North Region,Rep_01,14.02,Lead,Open,,,
LD-301916,2025-10-20 10:44:00,Webinar,K-12 Math,West Region,Rep_08,3.75,Negotiation,Lost,Price Objection,570.24,2025-12-04 21:31:14.553312
LD-301917,04/17/2026 18:01,Organic Search,Competitive Exam Prep,East Region,Rep_14,6.52,Contacted,Open,,,
LD-301918,2025-04-14 15:06:00,Organic Search,Competitive Exam Prep,East Region,Rep_14,5.76,Lead,Open,,,
LD-301919,01/15/2026 17:19,Webinar,Competitive Exam Prep,East Region,Rep_09,7.33,Closed,Won,,1029.15,2026-02-12 03:59:07.803219
LD-301920,23-Apr-2025 20:05,Partner Channel,Competitive Exam Prep,International,Rep_15,14.0,Negotiation,Lost,No Response / Ghosted,935.16,2025-06-04 22:30:52.517520
LD-301921,04-Jul-2025 11:09,Paid Search,Study Abroad Prep,North Region,Rep_06,1.4,Contacted,Open,,,
LD-301922,24-Jul-2025 11:36,Referral,Competitive Exam Prep,South Region,Rep_12,0.9,Closed,Won,,818.07,2025-09-04 06:19:33.419110
LD-301923,20-Jun-2025 13:33,Partner Channel,Competitive Exam Prep,South Region,Rep_07,2.94,Negotiation,Lost,No Response / Ghosted,1015.46,2025-08-10 19:15:35.709332
LD-301924,2025-08-15 18:06:00,Paid Search,Competitive Exam Prep,South Region,Rep_07,4.26,Closed,Won,,909.22,2025-09-20 04:12:43.947345
LD-301925,02/28/2026 09:23,Cold Outreach,Competitive Exam Prep,North Region,Rep_06,10.33,Lead,Open,,,
LD-301926,02/11/2026 12:53,Partner Channel,Language Learning,South Region,Rep_02,2.87,Closed,Won,,352.13,2026-03-23 12:05:59.399714
LD-301927,11-May-2026 18:10,Organic Search,Study Abroad Prep,East Region,Rep_04,0.68,Contacted,Open,,,
LD-301928,10-Apr-2026 14:12,Organic search,K12 Math,International,Rep_10,1.66,Contacted,Open,,,
LD-301929,05/02/2025 07:32,Social Media,K-12 Math,West Region,Rep_13,2.15,Demo Scheduled,Open,,,
LD-301930,06/26/2025 16:58,Paid Search,Competitive Exam Prep,North Region,Rep_06,10.18,Lead,Open,,,
LD-301931,01/30/2025 08:25,Paid Search,K-12 Math,,Rep_03,2.47,Contacted,Open,,,
LD-301932,2025-04-30 16:39:00,Paid Search,Competitive Exam Prep,South Region,Rep_07,2.89,Negotiation,Lost,Price Objection,970.17,2025-06-07 12:21:08.909876
LD-301933,11/20/2025 17:54,Organic Search,K-12 Math,East Region,Rep_04,3.12,Contacted,Open,,,
LD-301934,05/12/2025 16:25,Organic Search,K-12 Math,International,Rep_05,1.8,Closed,Won,,575.53,2025-06-26 16:16:25.255745
LD-301935,22-May-2026 12:54,Paid Search,Study Abroad Prep,West Region,Rep_03,1.1,Demo Scheduled,Open,,,
LD-301936,12/15/2025 20:00,Paid Search,Coding for Kids,North Region,Rep_11,2.86,Proposal Sent,Lost,Budget Not Approved,$538.78,2026-01-25 20:03:14.553859
LD-301937,10/03/2025 20:13,Paid Search,Competitive Exam Prep,South Region,Rep_07,1.96,Demo Completed,Lost,Price Objection,$956.12,2025-11-04 20:37:08.241224
LD-301938,08/22/2025 15:17,Paid Search,Competitive Exam Prep,South Region,Rep_02,2.15,Contacted,Open,,,
LD-301939,2025-01-24 13:30:00,Social Media,Coding for Kids,East Region,Rep_09,1.54,Contacted,Open,,,
LD-301940,2026-02-13 09:09:00,Referral,Language Learning,West Region,Rep_08,0.76,Closed,Won,,385.64,2026-03-27 01:25:12.741928
LD-301941,21-May-2026 14:40,Referral,Coding for Kids,East Region,Rep_14,3.31,Proposal Sent,Lost,Price Objection,610.32,2026-06-25 00:06:40.696016
LD-301942,31-Mar-2025 09:13,Cold Outreach,Study Abroad Prep,,Rep_01,2.38,Lead,Open,,,
LD-301943,06/05/2026 11:38,Cold Outreach,Language Learning,North Region,Rep_01,7.1,Demo Scheduled,Open,,,
LD-301944,01/09/2026 13:54,Cold-Outreach,Coding for Kids,South Region,Rep_07,4.39,Lead,Open,,,
LD-301945,12/31/2025 10:36,Paid  Search,Competitive Exam Prep,East Region,Rep_04,6.68,Lead,Open,,,
LD-301946,05-May-2026 20:07,Organic Search,K-12 Math,North Region,Rep_11,1.42,Demo Completed,Lost,Went With Competitor,522.23,2026-06-12 21:16:37.378964
LD-301947,2026-03-09 20:19:00,Referral,Competitive Exam Prep,East Region,Rep_04,2.95,Contacted,Open,,,
LD-301948,28-Jan-2026 13:00,Organic Search,coding for kids,South Region,Rep_07,4.85,Contacted,Open,,,
LD-301949,16-Jan-2026 18:28,Organic Search,K-12 Math,South Region,Rep_07,2.18,Contacted,Open,,,
LD-301950,2026-06-29 18:47:00,Referral,Coding for Kids,South Region,Rep_12,5.11,Closed,Won,,$532.87,2026-08-06 14:53:17.253008
LD-301951,22-Jul-2025 16:19,Webinar,Language Learning,North Region,Rep_11,9.08,Closed,Won,,384.43,2025-08-24 20:59:42.367971
LD-301952,09-Jun-2025 20:47,Organic Search,K-12 Math,South Region,Rep_07,3.7,Proposal Sent,Lost,Went With Competitor,454.42,2025-07-25 14:48:26.723409
LD-301953,2025-10-31 16:57:00,Paid Search,Study Abroad Prep,East Region,Rep_14,4.08,Demo Completed,Lost,Price Objection,"$1,670.48",2025-11-26 18:00:17.998874
LD-301954,2026-06-12 15:08:00,Cold Outreach,Coding for Kids,West Region,Rep_13,2.2,Contacted,Open,,,
LD-301955,2025-06-07 18:15:00,Social Media,Coding for Kids,South Region,Rep_12,10.15,Contacted,Open,,,
LD-301956,2026-04-30 19:40:00,Organic Search,K-12  Math,North Region,Rep_11,1.5,Negotiation,Lost,Went With Competitor,595.55,2026-06-15 07:44:20.496225
LD-301957,14-Aug-2025 12:23,Social,K-12 Math,North Region,Rep_01,2.04,Contacted,Open,,,
LD-301958,08/18/2025 07:02,Referral,K-12 Math,North Region,Rep_11,0.66,Negotiation,Lost,Bad Timing,466.49,2025-09-22 07:31:24.032959
LD-301959,11/01/2025 13:07,Social,Coding for Kids,North Region,Rep_11,1.98,Lead,Open,,,
LD-301960,04-Dec-2025 16:24,Paid Search,K-12  Math,North Region,Rep_06,2.14,Contacted,Open,,,
LD-301961,07/23/2025 10:25,Partner Channel,Competitive Exam Prep,International,Rep_10,3.76,Proposal Sent,Lost,Went With Competitor,904.16,2025-09-08 05:47:34.030376
LD-301962,2026-04-07 12:54:00,Social Media,Competitive Exam Prep,International,Rep_05,14.14,Lead,Open,,,
LD-301963,10/12/2025 20:38,Cold Outreach,Competitive Exam Prep,West Region,Rep_13,5.77,Contacted,Open,,,
LD-301964,03/07/2025 15:19,Cold Outreach,Competitive Exam Prep,West Region,Rep_03,5.93,Lead,Open,,,
LD-301965,2025-01-03 19:29:00,Cold Outreach,Language Learning,South Region,Rep_12,2.15,Lead,Open,,,
LD-301966,01/08/2026 20:42,Paid Search,Language Learning,South Region,Rep_12,2.55,Contacted,Open,,,
LD-301967,08/15/2025 14:13,Social Media,K12 Math,West Region,Rep_03,2.3,Demo Scheduled,Open,,,
LD-301968,2026-02-18 15:09:00,Organic Search,K-12 Math,North Region,Rep_06,1.55,Lead,Open,,,
LD-301969,2025-11-02 19:28:00,Referral,Study Abroad Prep,East Region,Rep_09,2.85,Negotiation,Lost,Bad Timing,1614.46,2025-12-26 13:48:51.110198
LD-301970,09/15/2025 20:58,Webinar,Language Learning,West Region,Rep_13,0.58,Closed,Won,,334.11,2025-10-26 12:25:02.475684
LD-301971,02/16/2025 13:17,paid search,Competitive Exam Prep,North Region,Rep_06,6.82,Contacted,Open,,,
LD-301972,2026-04-24 09:37:00,Webinar,K-12  Math,International,Rep_05,2.79,Demo Completed,Lost,No Response / Ghosted,547.51,2026-05-19 18:27:53.465216
LD-301973,08/15/2025 20:53,social media,K-12 Math,West Region,Rep_03,1.64,Contacted,Open,,,
LD-301974,2026-04-21 15:57:00,Webinar,K-12 Math,South Region,Rep_02,0.6,Closed,Won,,502.88,2026-05-30 15:19:31.043753
LD-301975,10-May-2026 15:12,Webinar,Coding for Kids,International,Rep_05,2.88,Contacted,Open,,,
LD-301976,2025-12-09 13:25:00,Cold Outreach,Study Abroad Prep,South Region,Rep_07,0.71,Demo Completed,Lost,Bad Timing,1583.72,2025-12-29 01:27:02.606928
LD-301977,03/20/2025 10:56,Organic Search,K-12 Math,West Region,Rep_08,1.33,Lead,Open,,,
LD-301978,11/26/2025 08:20,Paid Search,Coding for Kids,International,Rep_05,2.36,Negotiation,Lost,Went With Competitor,600.62,2026-01-10 00:01:58.687657
LD-301979,05/28/2026 14:12,Webinar,Study Abroad Prep,West Region,Rep_08,8.72,Contacted,Open,,,
LD-301980,2025-05-10 08:49:00,Organic Search,K-12  Math,North Region,Rep_01,3.3,Contacted,Open,,,
LD-301981,07/15/2025 16:53,Organic Search,Language Learning,International,Rep_05,6.21,Contacted,Open,,,
LD-301982,08/15/2025 09:08,organic search,Language Learning,International,Rep_05,5.09,Contacted,Open,,,
LD-301983,2025-10-17 16:13:00,Webinar,K-12 Math,North Region,Rep_11,4.72,Closed,Won,,482.82,2025-11-11 06:32:14.798646
LD-301984,15-Jun-2025 08:23,Partner Channel,Study Abroad Prep,International,Rep_10,3.55,Negotiation,Lost,Went With Competitor,1496.6,2025-08-07 08:57:14.381144
LD-301985,2026-03-21 20:49:00,Webinar,Study Abroad Prep,East Region,Rep_04,3.43,Contacted,Open,,,
LD-301986,11-Jan-2026 10:06,Organic Search,Study Abroad Prep,,Rep_03,4.1,Contacted,Open,,,
LD-301987,2026-01-20 12:38:00,Social Media,K-12 Math,South Region,Rep_12,4.1,Contacted,Open,,,
LD-301988,11/13/2025 07:52,Organic Search,Coding for Kids,South Region,Rep_02,3.85,Demo Completed,Lost,Price Objection,538.43,2025-12-15 19:09:21.975734
LD-301989,11/07/2025 08:34,Referral,coding for kids,,Rep_05,4.63,Contacted,Open,,,
LD-301990,24-Feb-2025 20:20,Organic Search,K-12 Math,East Region,Rep_09,4.12,Contacted,Open,,,
LD-301991,02/16/2025 14:33,Organic Search,Coding for Kids,South Region,Rep_02,6.84,Demo Completed,Lost,Bad Timing,738.81,2025-03-26 17:51:45.584522
LD-301992,11/07/2025 14:39,Social Media,Competitive Exam Prep,South Region,Rep_02,4.16,Contacted,Open,,,
LD-301993,2025-02-14 18:53:00,Paid Search,Study Abroad Prep,West Region,Rep_13,1.48,Closed,Won,,1683.28,2025-04-08 15:01:29.346953
LD-301994,06/08/2026 08:18,organic search,Coding for Kids,West Region,Rep_13,13.18,Demo Completed,Lost,No Response / Ghosted,582.1,2026-07-07 19:48:55.285196
LD-301995,10/16/2025 12:50,Organic Search,Study Abroad Prep,South Region,Rep_07,0.95,Closed,Won,,1392.53,2025-11-30 04:03:06.591949
LD-301996,16-Nov-2025 09:23,SEO,K-12 Math,West Region,Rep_03,3.11,Demo Completed,Lost,Price Objection,$461.45,2025-12-14 10:00:57.268065
LD-301997,21-Feb-2025 15:54,Organic Search,Competitive Exam Prep,South Region,Rep_07,5.24,Negotiation,Lost,Price Objection,922.76,2025-04-01 06:02:23.370701
LD-301998,06/29/2026 12:55,Organic Search,Competitive Exam Prep,East Region,Rep_04,1.68,Lead,Open,,,
LD-301999,20-Jun-2025 11:11,Organic Search,Competitive Exam Prep,East Region,Rep_04,4.05,Contacted,Open,,,
LD-302000,30-Apr-2026 10:56,Referral,Study Abroad Prep,South Region,Rep_12,0.98,Contacted,Open,,,
LD-302001,04/28/2025 16:38,Referral,K-12 Math,West Region,Rep_08,3.96,Closed,Won,,549.51,2025-06-02 20:41:54.859910
LD-302002,02-Sep-2025 12:51,SOCIAL MEDIA,Study Abroad Prep,East Region,Rep_14,0.6,Lead,Open,,,
LD-302003,04/10/2026 13:37,Webinar,Language Learning,South Region,Rep_12,5.82,Contacted,Open,,,
LD-302004,10/13/2025 14:00,Cold Outreach,Study Abroad Prep,West Region,Rep_13,4.05,Lead,Open,,,
LD-302005,16-Jan-2026 20:20,Referral,Coding for Kids,West Region,Rep_13,8.27,Contacted,Open,,,
LD-302006,2025-07-26 08:59:00,Paid Search,Language Learning,International,Rep_05,0.89,Contacted,Open,,,
LD-302007,24-Feb-2025 16:08,Cold Outreach,Language Learning,East Region,Rep_04,4.14,Lead,Open,,,
LD-302008,11/25/2025 15:55,Organic Search,K-12 Math,North Region,Rep_01,3.49,Contacted,Open,,,
LD-302009,2025-10-27 18:48:00,Paid  Search,Competitive Exam Prep,West Region,Rep_03,4.71,Contacted,Open,,,
LD-302010,09/12/2025 12:32,Referral,Competitive Exam Prep,International,Rep_05,3.12,Proposal Sent,Lost,Price Objection,900.1,2025-10-09 10:18:46.682925
LD-302011,2025-09-16 19:47:00,Partner Channel,Coding For Kids,North Region,Rep_06,4.87,Contacted,Open,,,
LD-302012,2025-04-09 20:27:00,Organic Search,Study Abroad Prep,South Region,Rep_07,10.13,Lead,Open,,,
LD-302013,02/07/2025 13:35,Social Media,Study Abroad Prep,East Region,Rep_04,4.69,Lead,Open,,,
LD-302014,30-Dec-2025 15:13,Organic Search,K-12 Math,North Region,Rep_01,1.76,Closed,Won,,$563.76,2026-02-06 06:20:36.052362
LD-302015,2025-06-23 16:55:00,Organic Search,K-12 Math,South Region,Rep_07,9.25,Contacted,Open,,,
LD-302016,21-Sep-2025 18:21,Organic Search,Language Learning,North Region,Rep_01,2.83,Contacted,Open,,,
LD-302017,2025-10-24 17:40:00,Paid Search,Competitive Exam Prep,South Region,Rep_02,3.16,Contacted,Open,,,
LD-302018,08-Apr-2025 20:09,Referral,Competitive Exam Prep,East Region,Rep_09,5.32,Closed,Won,,974.84,2025-05-07 08:15:22.644715
LD-302019,06/12/2026 20:39,Partner Channel,Language Learning,North Region,Rep_01,3.23,Contacted,Open,,,
LD-302020,01/30/2026 12:47,Partner Channel,K-12 Math,East Region,Rep_14,1.81,Lead,Open,,,
LD-302021,01/05/2026 13:25,Paid Search,Competitive Exam Prep,West Region,Rep_03,1.62,Negotiation,Lost,No Response / Ghosted,861.62,2026-02-20 22:12:49.924526
LD-302022,10/21/2025 08:16,Social Media,K-12 Math,North Region,Rep_06,6.1,Contacted,Open,,,
LD-302023,2026-02-14 09:27:00,Organic Search,K-12 Math,East Region,Rep_14,3.03,Lead,Open,,,
LD-302024,18-Jan-2025 08:11,Social Media,K-12 Math,North Region,Rep_06,2.82,Demo Completed,Lost,Price Objection,$590.36,2025-02-17 00:06:31.247794
LD-302025,03-Jan-2025 20:53,Paid Search,Coding for Kids,East Region,Rep_14,3.27,Contacted,Open,,,
LD-302026,17-Feb-2025 10:32,Partner Channel,K12 Math,East Region,Rep_09,4.96,Lead,Open,,,
LD-302027,07/23/2025 15:51,Partner Channel,coding for kids,,Rep_08,1.34,Contacted,Open,,,
LD-302028,2025-06-20 10:58:00,Webinar,Language Learning,West Region,Rep_03,3.74,Contacted,Open,,,
LD-302029,10/17/2025 19:02,Organic Search,Competitive Exam Prep,International,Rep_10,1.86,Contacted,Open,,,
LD-302030,10/21/2025 17:17,Referral,Language Learning,North Region,Rep_01,2.29,Contacted,Open,,,
LD-302031,2025-04-23 17:29:00,Social Media,Language Learning,South Region,Rep_07,4.75,Contacted,Open,,,
LD-302032,2025-10-15 18:27:00,Webinar,K-12 Math,North Region,Rep_06,2.59,Closed,Won,,423.52,2025-11-17 07:23:22.614868
LD-302033,2025-01-11 14:23:00,Paid Search,Competitive Exam Prep,East Region,Rep_04,5.49,Contacted,Open,,,
LD-302034,07-Nov-2025 20:35,Organic Search,Study Abroad Prep,East Region,Rep_14,8.65,Lead,Open,,,
LD-302035,06/24/2025 11:07,Social Media,K-12 Math,East Region,Rep_04,1.77,Contacted,Open,,,
LD-302036,08/22/2025 13:24,Referral,K-12 Math,,Rep_06,1.43,Negotiation,Lost,Price Objection,495.77,2025-10-03 02:40:30.296379
LD-302037,08/01/2025 13:48,Social,Language Learning,West Region,Rep_08,5.37,Contacted,Open,,,
LD-302038,02/21/2025 19:24,Partner Channel,Language Learning,West Region,Rep_08,4.3,Closed,Won,,313.98,2025-03-14 22:22:41.153601
LD-302039,2026-06-05 08:03:00,Paid Search,Language Learning,International,Rep_05,7.38,Contacted,Open,,,
LD-302040,2026-04-03 19:37:00,Cold Outreach,Study Abroad Prep,South Region,Rep_07,1.44,Demo Scheduled,Open,,,
LD-302041,2025-06-08 15:07:00,Social,Competitive Exam Prep,South Region,Rep_02,0.81,Contacted,Open,,,
LD-302042,12/18/2025 07:45,Referral,Competitive Exam Prep,North Region,Rep_06,8.58,Contacted,Open,,,
LD-302043,29-Jan-2026 07:40,Organic Search,K-12 Math,West Region,Rep_03,1.67,Negotiation,Lost,Went With Competitor,458.92,2026-03-11 06:53:49.514228
LD-302044,2025-11-14 12:09:00,Cold Outreach,Study Abroad Prep,West Region,Rep_13,10.37,Proposal Sent,Lost,Went With Competitor,1692.53,2025-12-08 10:55:33.655143
LD-302045,16-Nov-2025 14:54,Organic Search,K12 Math,International,Rep_15,9.63,Proposal Sent,Lost,Price Objection,$420.53,2025-12-17 16:05:04.787775
LD-302046,14-Feb-2025 11:03,Paid Search,Study Abroad Prep,North Region,Rep_01,3.69,Lead,Open,,,
LD-302047,2025-06-25 11:44:00,Partner Channel,K-12 Math,West Region,Rep_13,2.34,Contacted,Open,,,
LD-302048,2026-03-28 10:03:00,Paid Search,K-12 Math,West Region,Rep_08,3.49,Contacted,Open,,,
LD-302049,2025-06-03 10:49:00,social media,Coding for Kids,,Rep_04,17.78,Contacted,Open,,,
LD-302050,06/05/2025 07:13,Referral,Competitive Exam Prep,West Region,Rep_08,5.53,Closed,Won,,"$1,023.85",2025-07-08 21:02:05.432064
LD-302051,05/09/2026 18:35,cold outreach,K-12 Math,South Region,Rep_07,6.38,Lead,Open,,,
LD-302052,05-Mar-2026 07:26,Referral,K-12 Math,International,Rep_05,4.12,Closed,Won,,550.49,2026-03-27 16:28:50.829945
LD-302053,07-Aug-2025 20:31,Webinar,K-12 Math,North Region,Rep_01,0.98,Closed,Won,,588.15,2025-09-22 20:59:38.431138
LD-302054,09-Jan-2026 12:45,Social Media,Coding for Kids,West Region,Rep_03,1.38,Contacted,Open,,,
LD-302055,02/09/2026 14:08,Cold Outreach,K-12 Math,East Region,Rep_09,2.72,Lead,Open,,,
LD-302056,27-Feb-2026 20:11,Webinar,Competitive Exam Prep,South Region,Rep_07,3.7,Contacted,Open,,,
LD-302057,02/11/2025 11:00,Social Media,Competitive Exam Prep,East Region,Rep_14,3.82,Lead,Open,,,
LD-302058,2025-02-07 12:43:00,organic search,Coding for Kids,West Region,Rep_13,3.36,Demo Completed,Lost,No Response / Ghosted,$646.33,2025-03-23 06:18:18.743995
LD-302059,01-Jun-2026 08:14,Cold Outreach,Language Learning,South Region,Rep_07,3.91,Contacted,Open,,,
LD-302060,2025-06-20 16:19:00,Webinar,Competitive Exam Prep,West Region,Rep_03,3.8,Contacted,Open,,,
LD-302061,11/13/2025 13:43,Referral,Competitive Exam Prep,East Region,Rep_14,3.55,Contacted,Open,,,
LD-302062,2025-04-18 20:33:00,Webinar,Study Abroad Prep,North Region,Rep_06,5.82,Negotiation,Lost,No Response / Ghosted,"$1,562.29",2025-05-30 18:47:57.221792
LD-302063,07/15/2025 12:33,Cold Outreach,Coding for Kids,East Region,Rep_09,0.73,Lead,Open,,,
LD-302064,03/04/2025 17:49,cold outreach,Coding for Kids,South Region,Rep_02,4.34,Lead,Open,,,
LD-302065,25-Aug-2025 10:14,Social Media,K-12 Math,West Region,Rep_08,7.57,Demo Completed,Lost,Budget Not Approved,$460.18,2025-09-22 14:58:22.277645
LD-302066,15-Sep-2025 17:23,Organic Search,Coding for Kids,South Region,Rep_02,4.45,Negotiation,Lost,Price Objection,668.29,2025-11-03 22:00:24.786447
LD-302067,09-May-2025 17:38,Referral,K-12 Math,East Region,Rep_14,12.04,Contacted,Open,,,
LD-302068,21-Mar-2025 11:49,Webinar,K-12 Math,,Rep_02,2.59,Contacted,Open,,,
LD-302069,2025-11-07 20:41:00,Paid Search,Competitive Exam Prep,North Region,Rep_01,1.55,Closed,Won,,1001.55,2025-12-26 15:29:30.478677
LD-302070,2025-07-16 20:44:00,SOCIAL MEDIA,Coding for Kids,South Region,Rep_07,3.14,Contacted,Open,,,
LD-302071,04-Feb-2025 09:25,Social Media,Coding for Kids,South Region,Rep_02,8.14,Contacted,Open,,,
LD-302072,09/09/2025 20:19,Cold Outreach,Language Learning,North Region,Rep_11,7.24,Contacted,Open,,,
LD-302073,20-Apr-2026 18:10,Organic Search,Study Abroad Prep,,Rep_14,3.52,Contacted,Open,,,
LD-302074,05-Oct-2025 09:52,Organic Search,Competitive Exam Prep,East Region,Rep_14,7.89,Contacted,Open,,,
LD-302075,2025-10-01 14:53:00,Organic Search,Competitive Exam Prep,International,Rep_05,6.32,Lead,Open,,,
LD-302076,2025-11-15 19:44:00,Referral,Coding for Kids,South Region,Rep_07,2.41,Closed,Won,,$583.97,2025-12-12 15:06:40.958273
LD-302077,2025-12-01 09:33:00,Webinar,Competitive Exam Prep,West Region,Rep_03,1.58,Proposal Sent,Lost,Went With Competitor,"$1,173.09",2026-01-06 16:12:19.779831
LD-302078,22-Jan-2026 17:56,Referral,K-12 Math,West Region,Rep_13,2.99,Contacted,Open,,,
LD-302079,16-May-2025 18:21,Social Media,Coding for Kids,North Region,Rep_11,2.0,Negotiation,Lost,Price Objection,742.23,2025-06-29 03:40:50.665109
LD-302080,2025-03-08 19:16:00,PPC,Coding for Kids,North Region,Rep_01,3.65,Contacted,Open,,,
LD-302081,2025-01-23 17:29:00,Paid Search,coding for kids,International,Rep_05,4.53,Demo Completed,Lost,Price Objection,725.02,2025-03-05 17:53:57.495105
LD-302082,2025-08-01 20:10:00,Referral,Competitive Exam Prep,West Region,Rep_13,0.62,Negotiation,Lost,Price Objection,$953.82,2025-09-27 09:57:31.558992
LD-302083,03/21/2025 15:29,Organic Search,Competitive Exam Prep,West Region,Rep_13,1.35,Contacted,Open,,,
LD-302084,2025-06-13 18:51:00,Social Media,Coding for Kids,North Region,Rep_06,1.96,Contacted,Open,,,
LD-302085,05/15/2025 08:10,Organic Search,Study Abroad Prep,North Region,Rep_01,6.11,Contacted,Open,,,
LD-302086,06-Oct-2025 09:23,Paid Search,Language Learning,South Region,Rep_02,0.66,Proposal Sent,Lost,Bad Timing,$409.22,2025-11-24 20:23:02.616588
LD-302087,2025-04-02 14:30:00,Partner Channel,K-12 Math,West Region,Rep_03,2.48,Contacted,Open,,,
LD-302088,2025-12-08 10:00:00,Organic Search,K-12 Math,North Region,Rep_06,2.88,Contacted,Open,,,
LD-302089,2026-01-26 09:15:00,Webinar,Language Learning,South Region,Rep_12,1.37,Contacted,Open,,,
LD-302090,26-Dec-2025 20:27,Cold Outreach,K-12 Math,North Region,Rep_01,1.6,Lead,Open,,,
LD-302091,2026-03-19 13:48:00,Organic Search,Competitive Exam Prep,North Region,Rep_01,1.23,Contacted,Open,,,
LD-302092,2025-01-29 13:21:00,Partner Channel,Language Learning,North Region,Rep_06,2.59,Proposal Sent,Lost,Went With Competitor,389.38,2025-02-25 01:18:21.353706
LD-302093,2025-07-30 17:22:00,Organic Search,K-12 Math,West Region,Rep_03,7.53,Lead,Open,,,
LD-302094,03/20/2025 11:33,Cold Outreach,K-12 Math,West Region,Rep_03,21.25,Lead,Open,,,
LD-302095,28-Apr-2025 08:47,Organic Search,Language Learning,South Region,Rep_02,7.48,Contacted,Open,,,
LD-302096,22-May-2025 12:17,Partner Channel,Coding for Kids,South Region,Rep_12,3.3,Proposal Sent,Lost,Price Objection,$723.98,2025-06-29 22:31:35.896098
LD-302097,30-Apr-2026 10:42,Webinar,Coding for Kids,North Region,Rep_06,0.85,Proposal Sent,Lost,Price Objection,570.59,2026-06-13 15:31:33.854843
LD-302098,07-Aug-2025 08:41,Referral,Study Abroad Prep,East Region,Rep_09,3.32,Contacted,Open,,,
LD-302099,27-Apr-2026 18:44,SEO,Competitive Exam Prep,South Region,Rep_02,0.37,Contacted,Open,,,
LD-302100,2025-10-09 19:03:00,PPC,Language Learning,International,Rep_05,3.18,Lead,Open,,,
LD-302101,2026-04-06 09:50:00,Partner Channel,Competitive Exam Prep,North Region,Rep_01,1.67,Contacted,Open,,,
LD-302102,2025-08-02 12:43:00,Paid Search,Study Abroad Prep,International,Rep_10,1.83,Lead,Open,,,
LD-302103,2025-03-06 11:28:00,Organic Search,Language Learning,West Region,Rep_08,2.04,Contacted,Open,,,
LD-302104,2026-03-24 07:07:00,Social Media,Competitive Exam Prep,West Region,Rep_08,3.36,Negotiation,Lost,Price Objection,1181.24,2026-05-05 07:32:45.340404
LD-302105,05-Sep-2025 13:06,Social Media,Coding for Kids,North Region,Rep_06,10.2,Contacted,Open,,,
LD-302106,01/27/2026 09:36,Social Media,K-12 Math,,Rep_03,2.54,Lead,Open,,,
LD-302107,01/15/2026 19:00,Referral,Coding for Kids,South Region,Rep_12,3.66,Negotiation,Lost,Price Objection,707.61,2026-02-28 09:53:29.527224
LD-302108,19-May-2026 13:52,Partner Channel,K-12 Math,International,Rep_15,0.5,Contacted,Open,,,
LD-302109,07-May-2025 09:21,Social Media,Coding for Kids,North Region,Rep_11,0.72,Contacted,Open,,,
LD-302110,2025-06-27 07:01:00,SEO,Language Learning,North Region,Rep_11,1.63,Negotiation,Lost,No Response / Ghosted,318.4,2025-07-20 07:47:48.913742
LD-302111,04/24/2026 17:46,Partner Channel,Coding for Kids,South Region,Rep_12,2.04,Contacted,Open,,,
LD-302112,29-Sep-2025 12:19,COLD OUTREACH,Competitive Exam Prep,South Region,Rep_02,7.8,Lead,Open,,,
LD-302113,2025-05-06 17:47:00,Cold Outreach,Coding for Kids,South Region,Rep_07,2.4,Contacted,Open,,,
LD-302114,2025-08-25 16:04:00,Paid Search,Language Learning,International,Rep_15,0.67,Proposal Sent,Lost,Bad Timing,303.88,2025-09-28 20:21:40.228364
LD-302115,2026-02-25 19:11:00,Paid Search,Coding for Kids,East Region,Rep_04,4.95,Demo Completed,Lost,Bad Timing,$660.45,2026-03-19 07:21:30.275805
LD-302116,04/09/2025 19:09,Organic Search,Language Learning,South Region,Rep_07,7.86,Negotiation,Lost,Price Objection,423.4,2025-05-24 00:07:33.250374
LD-302117,2025-04-08 08:54:00,Cold Outreach,Language Learning,International,Rep_05,3.64,Lead,Open,,,
LD-302118,11/28/2025 14:49,Organic Search,CODING FOR KIDS,International,Rep_10,1.38,Lead,Open,,,
LD-302119,05/19/2025 14:50,Webinar,Language Learning,East Region,Rep_14,3.05,Demo Scheduled,Open,,,
LD-302120,02/05/2026 16:10,Paid Search,K-12 Math,International,Rep_05,1.4,Proposal Sent,Lost,Price Objection,543.4,2026-03-27 22:08:00.413830
LD-302121,12/24/2025 19:30,SEO,K-12 Math,South Region,Rep_12,4.1,Contacted,Open,,,
LD-302122,2025-01-31 10:12:00,Partner Channel,Coding For Kids,East Region,Rep_09,2.31,Demo Scheduled,Open,,,
LD-302123,01/06/2026 11:39,Referral,K-12 Math,North Region,Rep_11,2.89,Closed,Won,,543.24,2026-02-18 01:07:48.430368
LD-302124,07/18/2025 15:05,Organic Search,K-12 Math,East Region,Rep_04,4.27,Negotiation,Lost,No Response / Ghosted,$594.31,2025-08-22 19:27:55.779797
LD-302125,2025-06-06 12:03:00,organic search,CODING FOR KIDS,West Region,Rep_03,0.73,Contacted,Open,,,
LD-302126,2025-04-04 15:58:00,Webinar,K-12 Math,South Region,Rep_12,1.5,Contacted,Open,,,
LD-302127,05/20/2026 15:53,Referral,Language Learning,West Region,Rep_03,3.12,Lead,Open,,,
LD-302128,06-Oct-2025 14:51,Webinar,Language Learning,South Region,Rep_12,2.37,Closed,Won,,371.82,2025-11-29 16:49:00.125466
LD-302129,03-Oct-2025 19:54,Referral,Language Learning,South Region,Rep_12,5.48,Negotiation,Lost,Bad Timing,315.79,2025-11-04 06:00:12.845026
LD-302130,06/27/2026 17:00,Cold Outreach,K12 Math,South Region,Rep_02,1.0,Lead,Open,,,
LD-302131,12-May-2025 20:27,Social Media,Competitive Exam Prep,North Region,Rep_11,6.4,Proposal Sent,Lost,Bad Timing,"$1,042.80",2025-06-20 18:57:35.786857
LD-302132,2025-10-19 14:09:00,Cold Outreach,Study Abroad Prep,North Region,Rep_06,11.05,Demo Completed,Lost,Bad Timing,1492.03,2025-11-19 19:51:05.509432
LD-302133,01/09/2026 15:52,Referral,Language Learning,South Region,Rep_12,2.71,Closed,Won,,378.6,2026-02-20 02:36:44.201520
LD-302134,06/01/2025 07:34,Cold Outreach,Study Abroad Prep,South Region,Rep_07,1.12,Lead,Open,,,
LD-302135,07-Jan-2025 20:02,Paid Search,Competitive Exam Prep,South Region,Rep_02,0.53,Contacted,Open,,,
LD-302136,2026-05-03 14:15:00,Partner Channel,Competitive Exam Prep,South Region,Rep_12,7.56,Contacted,Open,,,
LD-302137,2025-03-19 20:04:00,Referral,Language Learning,East Region,Rep_14,2.74,Demo Completed,Lost,Price Objection,314.54,2025-04-14 21:28:41.641964
LD-302138,26-May-2025 18:57,Organic Search,Competitive Exam Prep,South Region,Rep_12,1.06,Contacted,Open,,,
LD-302139,02/22/2026 15:01,Social Media,K-12 Math,South Region,Rep_07,1.95,Proposal Sent,Lost,Bad Timing,495.08,2026-04-09 01:33:44.547112
LD-302140,04/29/2025 07:41,Webinar,Study Abroad Prep,South Region,Rep_02,1.2,Closed,Won,,"$1,707.56",2025-05-28 12:37:00.094919
LD-302141,2026-04-10 18:34:00,Referral,Competitive Exam Prep,South Region,Rep_12,4.14,Demo Scheduled,Open,,,
LD-302142,04/25/2025 15:08,Partner Channel,K-12 Math,North Region,Rep_01,9.4,Demo Completed,Lost,No Response / Ghosted,460.1,2025-05-28 16:01:34.951673
LD-302143,2025-12-23 11:27:00,Paid Search,Competitive Exam Prep,South Region,Rep_02,27.67,Contacted,Open,,,
LD-302144,2026-06-26 12:05:00,Paid Search,Competitive Exam Prep,South Region,Rep_12,3.06,Proposal Sent,Lost,No Response / Ghosted,1007.78,2026-08-18 19:55:13.615434
LD-302145,02-Feb-2026 18:08,Organic Search,K-12 Math,East Region,Rep_04,3.23,Contacted,Open,,,
LD-302146,02-Feb-2026 19:53,Paid Search,K-12 Math,International,Rep_15,2.93,Contacted,Open,,,
LD-302147,07/17/2025 09:47,Partner Channel,K-12 Math,North Region,Rep_01,2.37,Negotiation,Lost,Price Objection,428.55,2025-08-27 15:22:20.997339
LD-302148,2025-10-27 07:17:00,Organic Search,K-12 Math,West Region,Rep_03,2.06,Contacted,Open,,,
LD-302149,02-Feb-2026 20:54,Referral,K-12 Math,West Region,Rep_08,0.66,Closed,Won,,416.28,2026-03-08 22:38:59.681990
LD-302150,17-Jul-2025 17:07,Cold Outreach,Competitive Exam Prep,West Region,Rep_03,3.74,Lead,Open,,,
LD-302151,03/28/2025 11:46,Cold Outreach,K-12 Math,,Rep_04,12.91,Contacted,Open,,,
LD-302152,16-May-2025 09:49,Social,Language Learning,North Region,Rep_11,4.38,Proposal Sent,Lost,Budget Not Approved,$422.66,2025-06-23 05:58:11.030651
LD-302153,05/26/2025 11:23,Social Media,k-12 math,South Region,Rep_07,0.79,Contacted,Open,,,
LD-302154,2025-01-03 19:05:00,Organic Search,Coding for Kids,South Region,Rep_02,0.45,Contacted,Open,,,
LD-302155,02-Mar-2026 08:57,Referral,Competitive Exam Prep,East Region,Rep_09,0.99,Closed,Won,,1078.04,2026-04-03 15:32:27.609591
LD-302156,2026-06-02 10:05:00,Cold Outreach,Coding for Kids,South Region,Rep_07,2.12,Contacted,Open,,,
LD-302157,08/11/2025 12:56,Organic Search,K-12 Math,South Region,Rep_12,2.29,Contacted,Open,,,
LD-302158,2025-06-12 07:47:00,Referral,K-12 Math,East Region,Rep_09,15.11,Negotiation,Lost,Price Objection,$492.75,2025-07-31 14:31:30.445283
LD-302159,25-Nov-2025 15:20,Webinar,Language Learning,North Region,Rep_11,0.92,Lead,Open,,,
LD-302160,11/03/2025 20:16,COLD OUTREACH,Coding for Kids,International,Rep_15,0.74,Demo Completed,Lost,Went With Competitor,$612.06,2025-12-15 01:15:57.411831
LD-302161,2025-11-11 12:52:00,Cold Outreach,Coding for Kids,,Rep_03,0.96,Contacted,Open,,,
LD-302162,2025-04-26 20:52:00,Referral,K-12 Math,West Region,Rep_03,2.08,Closed,Won,,468.08,2025-06-03 03:38:55.814271
LD-302163,12-Jun-2026 19:42,Partner Channel,K-12 Math,South Region,Rep_02,3.28,Closed,Won,,593.7,2026-07-18 21:32:24.835942
LD-302164,06/04/2025 18:51,Organic Search,Competitive Exam Prep,South Region,Rep_07,0.9,Contacted,Open,,,
LD-302165,18-Apr-2025 07:45,Referral,Coding for Kids,North Region,Rep_01,7.64,Contacted,Open,,,
LD-302166,2025-01-03 18:24:00,Partner Channel,Coding for Kids,West Region,Rep_13,1.82,Contacted,Open,,,
LD-302167,2025-01-03 08:32:00,Organic Search,K-12 Math,South Region,Rep_12,1.23,Negotiation,Lost,Bad Timing,527.15,2025-02-16 01:46:44.985913
LD-302168,2025-07-22 18:39:00,Referral,K-12 Math,West Region,Rep_08,2.76,Closed,Won,,567.47,2025-09-08 06:26:33.820995
LD-302169,2025-06-30 08:18:00,Organic Search,Study Abroad Prep,West Region,Rep_03,3.66,Closed,Won,,"$1,461.92",2025-08-03 14:31:48.075893
LD-302170,22-Mar-2026 19:39,Social Media,K-12 Math,,Rep_11,3.77,Contacted,Open,,,
LD-302171,08/15/2025 16:46,Social Media,Study Abroad Prep,South Region,Rep_12,10.01,Lead,Open,,,
LD-302172,2025-06-10 18:40:00,Organic Search,K-12 Math,East Region,Rep_09,3.33,Negotiation,Lost,No Response / Ghosted,$575.12,2025-07-27 13:56:39.727101
LD-302173,10-Jul-2025 20:57,Paid Search,Coding for Kids,,Rep_03,2.72,Demo Scheduled,Open,,,
LD-302174,05-May-2026 11:10,Social Media,Study Abroad Prep,South Region,Rep_07,1.59,Contacted,Open,,,
LD-302175,09-Sep-2025 09:35,Social Media,K-12 Math,South Region,Rep_07,2.02,Demo Completed,Lost,Budget Not Approved,555.59,2025-10-04 22:04:16.000090
LD-302176,2026-06-24 09:47:00,SEO,K-12 Math,,Rep_06,1.95,Lead,Open,,,
LD-302177,2025-05-15 09:37:00,Organic Search,Study Abroad Prep,,Rep_02,7.1,Contacted,Open,,,
LD-302178,02/18/2025 14:24,Referral,Language Learning,North Region,Rep_01,2.13,Contacted,Open,,,
LD-302179,20-May-2026 20:28,Social Media,Competitive Exam Prep,West Region,Rep_13,4.44,Lead,Open,,,
LD-302180,02/20/2025 08:36,Organic Search,K-12 Math,South Region,Rep_12,3.87,Contacted,Open,,,
LD-302181,06-Oct-2025 16:54,Referral,Language Learning,West Region,Rep_03,0.51,Closed,Won,,385.9,2025-11-20 15:20:07.353660
LD-302182,2025-03-21 07:03:00,Referral,Coding For Kids,West Region,Rep_03,11.66,Contacted,Open,,,
LD-302183,13-Jun-2025 14:56,Organic Search,Coding for Kids,North Region,Rep_11,2.3,Contacted,Open,,,
LD-302184,04-Aug-2025 07:39,Social Media,Coding for Kids,South Region,Rep_02,0.7,Closed,Won,,713.1,2025-09-25 16:09:22.592271
LD-302185,2025-07-04 10:11:00,Paid Search,coding for kids,,Rep_13,7.1,Demo Completed,Lost,Bad Timing,698.71,2025-07-28 03:14:45.607022
LD-302186,05/08/2025 10:55,Referral,Competitive Exam Prep,West Region,Rep_08,1.95,Closed,Won,,903.44,2025-06-25 23:42:58.241264
LD-302187,2025-04-17 08:44:00,Paid Search,K-12 Math,East Region,Rep_04,2.22,Contacted,Open,,,
LD-302188,03/10/2025 17:55,Referral,Competitive Exam Prep,International,Rep_10,6.14,Demo Scheduled,Open,,,
LD-302189,06/06/2025 16:20,Social,Competitive Exam Prep,West Region,Rep_13,0.65,Contacted,Open,,,
LD-302190,10-Mar-2026 11:28,Cold Outreach,Study Abroad Prep,North Region,Rep_11,3.91,Lead,Open,,,
LD-302191,05/01/2025 08:46,Cold Outreach,Language Learning,International,Rep_10,8.41,Contacted,Open,,,
LD-302192,09/19/2025 16:42,Webinar,Study Abroad Prep,West Region,Rep_13,21.32,Negotiation,Lost,Price Objection,1557.17,2025-11-03 23:07:44.298046
LD-302193,2025-10-10 16:18:00,Referral,CODING FOR KIDS,East Region,Rep_04,3.08,Contacted,Open,,,
LD-302194,2025-05-07 17:56:00,Organic Search,Language Learning,West Region,Rep_08,4.44,Closed,Won,,391.74,2025-06-28 13:12:43.812986
LD-302195,08-Apr-2026 08:24,Paid Search,Language Learning,West Region,Rep_08,1.53,Contacted,Open,,,
LD-302196,03-Oct-2025 10:49,Paid Search,Coding for Kids,South Region,Rep_02,0.41,Contacted,Open,,,
LD-302197,03/09/2026 10:07,Webinar,Language Learning,West Region,Rep_03,8.22,Lead,Open,,,
LD-302198,2025-10-15 07:15:00,Organic Search,Competitive Exam Prep,South Region,Rep_07,5.51,Contacted,Open,,,
LD-302199,05/12/2026 19:32,Social Media,Coding for Kids,East Region,Rep_14,3.25,Contacted,Open,,,
LD-302200,2025-05-21 15:31:00,Organic Search,Study Abroad Prep,International,Rep_10,1.03,Contacted,Open,,,
LD-302201,09-Apr-2025 15:22,organic search,K-12 Math,West Region,Rep_13,3.58,Proposal Sent,Lost,Price Objection,484.04,2025-05-07 14:14:58.099567
LD-302202,12/15/2025 07:08,Paid Search,Language Learning,South Region,Rep_07,6.63,Contacted,Open,,,
LD-302203,12-Aug-2025 20:40,Webinar,K12 Math,East Region,Rep_09,0.96,Closed,Won,,485.24,2025-09-24 19:51:02.824355
LD-302204,11/07/2025 11:02,Paid Search,Study Abroad Prep,West Region,Rep_03,1.74,Contacted,Open,,,
LD-302205,15-May-2025 17:16,Organic Search,Competitive Exam Prep,West Region,Rep_08,2.67,Contacted,Open,,,
LD-302206,25-Jun-2025 12:48,Paid Search,Coding for Kids,North Region,Rep_11,2.45,Contacted,Open,,,
LD-302207,2025-05-09 14:05:00,Cold Outreach,K-12 Math,South Region,Rep_02,0.97,Contacted,Open,,,
LD-302208,2025-02-16 08:53:00,Partner Channel,Study Abroad Prep,North Region,Rep_11,0.42,Closed,Won,,1383.98,2025-04-03 15:02:52.327243
LD-302209,01/03/2025 18:42,Webinar,Study Abroad Prep,South Region,Rep_12,10.04,Closed,Won,,1435.53,2025-02-09 21:33:52.958407
LD-302210,14-Mar-2026 15:30,Organic Search,Coding for Kids,North Region,Rep_01,1.8,Contacted,Open,,,
LD-302211,2025-12-24 19:58:00,Cold Outreach,Coding for Kids,East Region,Rep_14,1.69,Contacted,Open,,,
LD-302212,03/27/2026 10:15,Social Media,Language Learning,North Region,Rep_01,4.72,Proposal Sent,Lost,Went With Competitor,$416.07,2026-05-15 02:58:23.342429
LD-302213,2025-09-05 17:01:00,paid search,Coding for Kids,East Region,Rep_09,4.04,Contacted,Open,,,
LD-302214,2025-05-12 08:00:00,Webinar,K-12 Math,East Region,Rep_04,1.33,Contacted,Open,,,
LD-302215,2025-09-30 20:00:00,Organic Search,K-12 Math,North Region,Rep_11,1.19,Lead,Open,,,
LD-302216,29-Jul-2025 19:02,Partner Channel,Language Learning,North Region,Rep_01,0.63,Contacted,Open,,,
LD-302217,2025-05-16 10:52:00,Webinar,Coding for Kids,South Region,Rep_12,2.3,Closed,Won,,544.61,2025-07-01 07:16:22.077333
LD-302218,13-Feb-2026 19:38,Paid Search,K-12 Math,South Region,Rep_02,15.46,Contacted,Open,,,
LD-302219,01/26/2026 13:53,Referral,K12 Math,West Region,Rep_13,1.52,Negotiation,Lost,Budget Not Approved,590.3,2026-03-20 00:32:29.618409
LD-302220,2026-03-06 12:46:00,Webinar,K-12 Math,,Rep_14,4.44,Contacted,Open,,,
LD-302221,2026-03-26 13:19:00,Cold Outreach,Coding for Kids,West Region,Rep_13,2.39,Lead,Open,,,
LD-302222,2025-07-05 13:38:00,Social Media,K-12 Math,North Region,Rep_01,1.57,Contacted,Open,,,
LD-302223,12-Sep-2025 20:42,SEO,K-12 Math,North Region,Rep_01,4.74,Proposal Sent,Lost,Bad Timing,442.25,2025-10-17 06:56:33.690419
LD-302224,11/20/2025 12:52,Webinar,K-12 Math,,Rep_03,5.17,Contacted,Open,,,
LD-302225,01/08/2025 18:39,Referral,Coding for Kids,South Region,Rep_07,3.67,Closed,Won,,603.85,2025-03-01 18:49:04.054880
LD-302226,2025-02-07 15:42:00,Paid Search,Coding for Kids,South Region,Rep_02,3.48,Closed,Won,,705.14,2025-03-15 10:52:12.145977
LD-302227,2025-06-01 09:28:00,Webinar,Competitive Exam Prep,West Region,Rep_03,10.26,Demo Scheduled,Open,,,
LD-302228,22-Nov-2025 13:28,Organic Search,K-12 Math,West Region,Rep_03,-1.09,Demo Completed,Lost,Price Objection,$464.78,2025-12-21 02:21:45.328080
LD-302229,2026-06-10 15:09:00,Organic Search,Competitive Exam Prep,West Region,Rep_03,1.76,Contacted,Open,,,
LD-302230,2026-05-11 12:54:00,Organic Search,K-12 Math,South Region,Rep_02,1.03,Proposal Sent,Lost,Budget Not Approved,433.21,2026-06-12 23:14:43.590127
LD-302231,01/24/2026 20:32,PPC,Language Learning,North Region,Rep_06,2.13,Lead,Open,,,
LD-302232,04/25/2025 20:54,Paid Search,Language Learning,South Region,Rep_07,8.81,Demo Completed,Lost,Price Objection,326.75,2025-05-28 22:57:57.294101
LD-302233,2026-03-19 13:52:00,Partner Channel,Coding for Kids,International,Rep_10,2.75,Contacted,Open,,,
LD-302234,01/27/2025 17:13,Referral,Competitive Exam Prep,South Region,Rep_02,3.83,Contacted,Open,,,
LD-302235,2025-05-17 09:54:00,Organic Search,K12 Math,South Region,Rep_02,0.99,Closed,Won,,596.18,2025-06-22 23:27:39.077584
LD-302236,2026-03-13 09:28:00,Referral,Language Learning,East Region,Rep_09,4.5,Negotiation,Lost,Bad Timing,$420.35,2026-04-25 15:02:14.822175
LD-302237,11/26/2025 17:43,Social Media,K-12 Math,East Region,Rep_14,2.39,Lead,Open,,,
LD-302238,03-Jan-2025 10:06,Organic Search,Language Learning,West Region,Rep_13,3.14,Contacted,Open,,,
LD-302239,02/20/2026 11:41,Organic Search,K-12 Math,East Region,Rep_14,1.9,Negotiation,Lost,Went With Competitor,515.3,2026-04-19 12:34:16.265924
LD-302240,2025-03-07 07:38:00,Referral,K12 Math,,Rep_05,1.63,Negotiation,Lost,Went With Competitor,524.32,2025-04-18 08:44:34.582037
LD-302241,2025-12-18 16:25:00,Organic search,Competitive Exam Prep,North Region,Rep_11,4.84,Contacted,Open,,,
LD-302242,03/06/2025 18:06,Referral,K-12 Math,South Region,Rep_07,1.45,Closed,Won,,569.86,2025-04-18 00:51:54.332510
LD-302243,04/20/2026 17:09,Organic search,Coding for Kids,International,Rep_05,5.71,Contacted,Open,,,
LD-302244,2025-09-08 19:25:00,Partner Channel,Study Abroad Prep,International,Rep_05,0.87,Proposal Sent,Lost,Price Objection,1306.23,2025-11-02 15:54:02.811688
LD-302245,26-Feb-2026 14:16,Paid  Search,Competitive Exam Prep,East Region,Rep_09,25.87,Contacted,Open,,,
LD-302246,2025-03-07 18:34:00,Organic Search,Coding for Kids,,Rep_07,6.58,Negotiation,Lost,Price Objection,588.1,2025-04-01 12:26:22.743861
LD-302247,2026-03-13 16:42:00,Organic Search,CODING FOR KIDS,North Region,Rep_01,2.69,Proposal Sent,Lost,No Response / Ghosted,552.11,2026-04-14 17:42:03.986974
LD-302248,08-Apr-2026 10:30,Social Media,Study Abroad Prep,West Region,Rep_08,0.79,Contacted,Open,,,
LD-302249,01/21/2026 11:12,Webinar,Competitive Exam Prep,North Region,Rep_01,5.05,Contacted,Open,,,
LD-302250,03/07/2026 11:05,paid search,Coding For Kids,South Region,Rep_12,2.2,Negotiation,Lost,Bad Timing,$583.52,2026-04-22 07:58:05.906124
LD-302251,22-May-2025 20:30,Webinar,K-12 Math,South Region,Rep_12,2.13,Closed,Won,,410.29,2025-06-26 01:04:26.911909
LD-302252,22-Jul-2025 19:31,Organic Search,K-12 Math,West Region,Rep_08,4.46,Contacted,Open,,,
LD-302253,06/20/2025 13:41,Cold Outreach,Language Learning,North Region,Rep_01,0.51,Lead,Open,,,
LD-302254,13-Mar-2026 12:40,Social Media,K-12 Math,East Region,Rep_09,4.39,Contacted,Open,,,
LD-302255,08/31/2025 19:32,Organic Search,CODING FOR KIDS,South Region,Rep_12,0.8,Contacted,Open,,,
LD-302256,03/07/2026 13:38,Organic Search,Coding For Kids,International,Rep_10,1.58,Contacted,Open,,,
LD-302257,2025-05-15 19:43:00,Social Media,Competitive Exam Prep,East Region,Rep_04,2.95,Contacted,Open,,,
LD-302258,2025-09-23 09:28:00,Paid Search,Coding for Kids,International,Rep_10,1.83,Demo Completed,Lost,Bad Timing,713.1,2025-10-30 15:21:57.322451
LD-302259,2025-09-02 14:14:00,Social Media,Language Learning,North Region,Rep_01,14.92,Lead,Open,,,
LD-302260,01/03/2025 13:03,Organic search,K-12 Math,West Region,Rep_08,2.71,Lead,Open,,,
LD-302261,2025-03-07 19:36:00,Partner Channel,K-12 Math,South Region,Rep_07,5.54,Contacted,Open,,,
LD-302262,28-Feb-2025 17:58,Organic Search,K-12 Math,North Region,Rep_01,2.03,Closed,Won,,530.85,2025-04-14 02:35:13.965060
LD-302263,19-Feb-2025 11:30,Social Media,Competitive Exam Prep,North Region,Rep_01,1.95,Lead,Open,,,
LD-302264,03/17/2026 08:27,Social Media,Coding for Kids,International,Rep_05,3.95,Contacted,Open,,,
LD-302265,05-Jan-2025 08:22,Cold Outreach,k-12 math,East Region,Rep_14,4.86,Contacted,Open,,,
LD-302266,2025-02-12 16:27:00,Paid Search,Language Learning,International,Rep_05,2.37,Demo Completed,Lost,No Response / Ghosted,$386.22,2025-03-25 11:59:23.522087
LD-302267,06/17/2025 11:15,Webinar,K-12 Math,International,Rep_05,4.99,Contacted,Open,,,
LD-302268,2026-02-21 20:48:00,Social Media,Language Learning,West Region,Rep_13,2.83,Contacted,Open,,,
LD-302269,01/29/2025 12:32,Social,K-12 Math,South Region,Rep_02,10.98,Lead,Open,,,
LD-302270,23-Jul-2025 15:49,Social Media,Study Abroad Prep,North Region,Rep_06,0.79,Demo Completed,Lost,Budget Not Approved,1349.75,2025-08-31 08:07:51.715512
LD-302271,2026-06-21 09:22:00,Paid Search,Study Abroad Prep,South Region,Rep_12,0.56,Contacted,Open,,,
LD-302272,2026-03-30 11:44:00,Cold Outreach,Language Learning,South Region,Rep_02,1.66,Contacted,Open,,,
LD-302273,23-Jan-2026 14:59,Partner Channel,Coding for Kids,International,Rep_15,0.93,Contacted,Open,,,
LD-302274,2025-11-14 19:13:00,Organic Search,Competitive Exam Prep,East Region,Rep_04,4.68,Contacted,Open,,,
LD-302275,01/21/2025 11:04,Paid Search,K-12 Math,South Region,Rep_12,6.68,Closed,Won,,568.82,2025-02-28 00:07:30.574311
LD-302276,2025-07-15 19:41:00,Paid Search,Language Learning,North Region,Rep_06,13.53,Contacted,Open,,,
LD-302277,28-Aug-2025 12:25,Social Media,Study Abroad Prep,North Region,Rep_06,10.15,Lead,Open,,,
LD-302278,19-Jun-2026 11:18,paid search,K-12 Math,East Region,Rep_09,3.92,Lead,Open,,,
LD-302279,04/24/2026 10:32,Paid Search,Language Learning,South Region,Rep_07,2.72,Demo Scheduled,Open,,,
LD-302280,2025-03-12 10:12:00,Organic Search,Coding for Kids,International,Rep_05,2.64,Contacted,Open,,,
LD-302281,2025-03-07 18:50:00,Organic Search,Study Abroad Prep,West Region,Rep_08,6.42,Closed,Won,,1206.47,2025-04-05 20:12:24.697599
LD-302282,2025-01-21 12:28:00,Organic Search,K-12 Math,South Region,Rep_12,1.04,Negotiation,Lost,No Response / Ghosted,591.95,2025-03-03 03:35:27.193337
LD-302283,2026-04-08 08:45:00,Referral,Competitive Exam Prep,East Region,Rep_09,22.53,Contacted,Open,,,
LD-302284,11/21/2025 20:14,Paid Search,Study Abroad Prep,West Region,Rep_08,0.23,Closed,Won,,1193.11,2026-01-21 00:40:31.556739
LD-302285,10/30/2025 11:06,Organic Search,Language Learning,South Region,Rep_02,11.06,Closed,Won,,322.47,2025-11-25 23:14:36.842794
LD-302286,2026-02-06 07:18:00,Referral,Competitive Exam Prep,East Region,Rep_14,4.36,Negotiation,Lost,Price Objection,1045.11,2026-04-06 09:44:37.086238
LD-302287,2026-02-22 07:05:00,Cold Outreach,K12 Math,International,Rep_10,14.81,Lead,Open,,,
LD-302288,10-Nov-2025 15:49,Social Media,K-12 Math,West Region,Rep_08,0.67,Closed,Won,,$531.55,2025-12-29 03:05:03.781265
LD-302289,22-Jul-2025 14:01,Webinar,Language Learning,North Region,Rep_01,24.98,Demo Completed,Lost,Bad Timing,392.83,2025-08-27 15:53:16.945835
LD-302290,27-Feb-2026 19:19,Paid Search,Competitive Exam Prep,East Region,Rep_14,5.26,Lead,Open,,,
LD-302291,03/05/2026 20:51,Referral,Competitive Exam Prep,East Region,Rep_09,4.76,Demo Completed,Lost,Price Objection,1027.13,2026-04-08 08:22:36.077622
LD-302292,10/05/2025 13:54,Webinar,Language Learning,West Region,Rep_03,15.08,Negotiation,Lost,Budget Not Approved,$315.22,2025-11-27 12:25:29.578962
LD-302293,20-Mar-2025 20:54,Paid Search,Study Abroad Prep,South Region,Rep_02,1.38,Proposal Sent,Lost,Price Objection,"$1,619.48",2025-04-28 14:27:49.543668
LD-302294,2025-01-22 11:01:00,Referral,Language Learning,,Rep_05,4.02,Demo Completed,Lost,Bad Timing,$344.57,2025-02-14 15:59:16.023812
LD-302295,09/05/2025 13:15,Social Media,K-12 Math,West Region,Rep_08,1.9,Contacted,Open,,,
LD-302296,17-Jun-2025 11:06,Paid Search,Study Abroad Prep,East Region,Rep_04,0.8,Demo Scheduled,Open,,,
LD-302297,01-Aug-2025 15:20,SEO,Language Learning,South Region,Rep_07,0.74,Negotiation,Lost,Bad Timing,$303.94,2025-09-27 13:00:29.909236
LD-302298,02-Jan-2025 11:44,SOCIAL MEDIA,Competitive Exam Prep,East Region,Rep_09,3.19,Lead,Open,,,
LD-302299,12/31/2025 11:12,SEO,Competitive Exam Prep,South Region,Rep_02,4.98,Closed,Won,,1138.09,2026-01-30 12:54:31.238325
LD-302300,21-Feb-2025 17:40,Cold Outreach,Language Learning,East Region,Rep_09,6.0,Lead,Open,,,
LD-302301,2025-07-17 15:13:00,Organic Search,Study Abroad Prep,International,Rep_15,2.3,Contacted,Open,,,
LD-302302,12-Jun-2026 07:25,SOCIAL MEDIA,K-12 Math,South Region,Rep_07,5.1,Lead,Open,,,
LD-302303,2025-07-13 17:13:00,Organic Search,Language Learning,East Region,Rep_04,10.27,Contacted,Open,,,
LD-302304,06/12/2025 08:06,Paid Search,K-12 Math,West Region,Rep_13,5.04,Lead,Open,,,
LD-302305,02-May-2026 17:10,Paid Search,Language Learning,West Region,Rep_13,16.24,Negotiation,Lost,Bad Timing,$392.57,2026-06-19 20:02:49.397014
LD-302306,2026-04-07 20:58:00,Cold Outreach,Competitive Exam Prep,North Region,Rep_06,0.36,Lead,Open,,,
LD-302307,03/13/2026 15:43,organic search,K-12 Math,International,Rep_10,2.9,Contacted,Open,,,
LD-302308,2025-09-10 17:58:00,Webinar,Coding for Kids,West Region,Rep_03,2.34,Contacted,Open,,,
LD-302309,2025-09-26 19:48:00,Partner Channel,Competitive Exam Prep,North Region,Rep_06,1.83,Negotiation,Lost,Price Objection,857.63,2025-11-06 19:39:32.662099
LD-302310,2026-01-11 10:34:00,Social Media,K-12 Math,West Region,Rep_13,3.45,Demo Scheduled,Open,,,
LD-302311,2025-05-02 14:40:00,Referral,Study Abroad Prep,North Region,Rep_11,1.01,Closed,Won,,"$1,414.67",2025-06-08 00:07:04.821129
LD-302312,11/13/2025 08:50,Organic Search,Competitive Exam Prep,East Region,Rep_04,2.19,Contacted,Open,,,
LD-302313,11-Jan-2026 18:09,Organic Search,Coding for Kids,International,Rep_15,7.53,Closed,Won,,577.47,2026-02-20 04:23:14.207961
LD-302314,05/16/2025 07:31,Referral,Coding for Kids,South Region,Rep_12,4.76,Closed,Won,,552.64,2025-06-20 21:36:08.894473
LD-302315,25-Apr-2026 16:51,Paid Search,coding for kids,North Region,Rep_11,3.91,Contacted,Open,,,
LD-302316,22-Feb-2025 13:39,Referral,Competitive Exam Prep,West Region,Rep_08,1.17,Closed,Won,,"$1,157.52",2025-03-28 01:00:52.774816
LD-302317,18-Jul-2025 17:08,Cold Outreach,K-12 Math,West Region,Rep_08,30.96,Negotiation,Lost,Price Objection,449.45,2025-09-10 23:56:40.819101
LD-302318,2025-08-08 07:15:00,Referral,Study Abroad Prep,International,Rep_05,4.75,Closed,Won,,1358.09,2025-09-20 15:22:10.811013
LD-302319,2025-08-08 08:03:00,Organic Search,K-12 Math,South Region,Rep_07,9.42,Closed,Won,,493.16,2025-09-06 04:04:27.932095
LD-302320,01/07/2026 12:41,Webinar,K-12 Math,East Region,Rep_14,1.22,Closed,Won,,$444.31,2026-02-09 08:50:28.602896
LD-302321,12/04/2025 20:04,Referral,Study Abroad Prep,West Region,Rep_13,12.18,Contacted,Open,,,
LD-302322,05/21/2026 17:20,Social Media,K-12  Math,West Region,Rep_13,0.69,Proposal Sent,Lost,Price Objection,$456.08,2026-07-05 17:53:40.962124
LD-302323,12/05/2025 16:48,Organic Search,Coding for Kids,East Region,Rep_09,1.95,Proposal Sent,Lost,Budget Not Approved,605.8,2025-12-29 10:24:49.947250
LD-302324,13-Mar-2025 13:41,Webinar,Study Abroad Prep,North Region,Rep_11,4.11,Closed,Won,,1532.81,2025-04-19 11:44:48.758535
LD-302325,01/11/2026 18:00,Social,Competitive Exam Prep,South Region,Rep_02,14.59,Contacted,Open,,,
LD-302326,12/25/2025 15:17,Social Media,Competitive Exam Prep,South Region,Rep_12,1.33,Contacted,Open,,,
LD-302327,06/07/2026 19:49,Partner Channel,Language Learning,International,Rep_15,3.63,Contacted,Open,,,
LD-302328,08-Aug-2025 07:33,Organic Search,Coding For Kids,,Rep_06,3.63,Contacted,Open,,,
LD-302329,2026-02-16 15:19:00,Organic Search,K-12 Math,East Region,Rep_04,2.26,Demo Completed,Lost,Budget Not Approved,478.42,2026-03-20 20:19:26.588936
LD-302330,2025-03-11 17:17:00,Organic search,Competitive Exam Prep,South Region,Rep_07,3.54,Contacted,Open,,,
LD-302331,2026-01-05 17:20:00,Partner Channel,Competitive Exam Prep,West Region,Rep_03,7.71,Contacted,Open,,,
LD-302332,2025-07-12 19:22:00,Paid Search,Language Learning,West Region,Rep_13,1.54,Lead,Open,,,
LD-302333,27-Jan-2026 12:48,Organic Search,K-12 Math,West Region,Rep_08,4.28,Negotiation,Lost,Budget Not Approved,438.7,2026-03-19 18:35:22.503935
LD-302334,18-Jul-2025 14:17,Social Media,Language Learning,International,Rep_05,3.78,Demo Completed,Lost,Went With Competitor,339.41,2025-08-29 19:31:12.940405
LD-302335,11-Apr-2025 09:54,Organic Search,Coding for Kids,West Region,Rep_03,3.16,Negotiation,Lost,Bad Timing,718.42,2025-05-21 01:17:21.994434
LD-302336,05/16/2025 13:16,organic search,K-12 Math,North Region,Rep_01,2.74,Closed,Won,,$597.15,2025-06-13 08:29:46.992585
LD-302337,06-Feb-2026 20:09,Referral,K-12 Math,West Region,Rep_03,3.0,Closed,Won,,$562.47,2026-03-13 16:28:18.984967
LD-302338,05/20/2026 10:05,Paid Search,K-12 Math,East Region,Rep_04,1.4,Demo Completed,Lost,Price Objection,455.5,2026-06-10 19:59:16.122283
LD-302339,07/24/2025 15:58,Organic search,Study Abroad Prep,North Region,Rep_01,1.23,Contacted,Open,,,
LD-302340,29-Aug-2025 11:43,Paid Search,Coding for Kids,,Rep_07,4.09,Proposal Sent,Lost,Price Objection,664.56,2025-10-11 03:19:43.929392
LD-302341,13-Feb-2026 08:28,Referral,Coding for Kids,North Region,Rep_11,2.92,Closed,Won,,544.91,2026-03-28 02:37:52.766825
LD-302342,01/03/2025 07:11,Organic Search,Language Learning,International,Rep_15,1.46,Contacted,Open,,,
LD-302343,10/10/2025 15:24,Partner Channel,Language Learning,East Region,Rep_09,3.75,Closed,Won,,$314.32,2025-11-20 04:11:26.035728
LD-302344,04-Jul-2025 14:09,Social Media,K-12 Math,South Region,Rep_12,2.94,Demo Scheduled,Open,,,
LD-302345,2025-09-02 16:13:00,Webinar,Coding for Kids,North Region,Rep_11,7.52,Negotiation,Lost,No Response / Ghosted,773.42,2025-10-13 00:14:14.566850
LD-302346,2025-01-17 13:39:00,Organic Search,K-12 Math,South Region,Rep_07,1.99,Closed,Won,,585.06,2025-02-28 14:20:37.942005
LD-302347,06-Mar-2026 15:11,Webinar,K-12 Math,International,Rep_05,3.46,Contacted,Open,,,
LD-302348,2025-12-24 09:41:00,Referral,CODING FOR KIDS,International,Rep_15,9.01,Closed,Won,,548.42,2026-01-29 05:27:34.695077
LD-302349,31-Mar-2026 18:58,Referral,Coding for Kids,,Rep_04,6.02,Demo Completed,Lost,Bad Timing,726.71,2026-05-05 06:45:50.116539
LD-302350,06/08/2025 11:13,Paid Search,Study Abroad Prep,International,Rep_15,22.91,Demo Completed,Lost,Bad Timing,1546.71,2025-07-07 08:00:09.508973
LD-302351,02/06/2026 10:17,Organic Search,Coding for Kids,North Region,Rep_01,5.49,Contacted,Open,,,
LD-302352,09/26/2025 09:38,Referral,Competitive Exam Prep,West Region,Rep_03,2.85,Contacted,Open,,,
LD-302353,13-Nov-2025 20:35,Paid Search,K-12 Math,South Region,Rep_07,3.26,Lead,Open,,,
LD-302354,05/20/2025 11:59,Referral,Competitive Exam Prep,West Region,Rep_13,1.58,Contacted,Open,,,
LD-302355,2025-02-07 11:35:00,Organic Search,K12 Math,South Region,Rep_07,6.01,Contacted,Open,,,
LD-302356,06/27/2025 13:30,Paid Search,Coding for Kids,South Region,Rep_02,4.35,Lead,Open,,,
LD-302357,01/01/2025 16:21,Referral,Competitive Exam Prep,North Region,Rep_01,2.77,Closed,Won,,$877.01,2025-02-02 16:54:45.794130
LD-302358,07-May-2025 16:57,Social Media,Competitive Exam Prep,South Region,Rep_12,2.36,Contacted,Open,,,
LD-302359,04/20/2026 11:22,Social Media,K-12 Math,South Region,Rep_07,1.31,Contacted,Open,,,
LD-302360,17-Jan-2025 11:56,Social Media,k-12 math,South Region,Rep_07,0.52,Proposal Sent,Lost,Price Objection,$466.88,2025-02-13 16:53:44.581265
LD-302361,30-Nov-2025 12:55,Social Media,Language Learning,North Region,Rep_01,5.7,Contacted,Open,,,
LD-302362,17-Apr-2025 07:59,Referral,Language Learning,North Region,Rep_01,3.25,Contacted,Open,,,
LD-302363,2025-10-15 13:11:00,Referral,Competitive Exam Prep,East Region,Rep_14,2.75,Contacted,Open,,,
LD-302364,06/20/2025 07:46,paid search,Study Abroad Prep,South Region,Rep_02,0.82,Contacted,Open,,,
LD-302365,02/14/2026 17:19,Organic Search,K-12 Math,North Region,Rep_06,3.42,Contacted,Open,,,
LD-302366,01/20/2026 17:39,Referral,Language Learning,East Region,Rep_09,1.3,Contacted,Open,,,
LD-302367,2025-12-31 11:30:00,SOCIAL MEDIA,Coding for Kids,East Region,Rep_14,1.95,Lead,Open,,,
LD-302368,11-Jul-2025 11:29,Partner Channel,K-12 Math,South Region,Rep_12,7.42,Negotiation,Lost,Bad Timing,558.57,2025-08-22 19:37:56.180762
LD-302369,02/05/2026 20:51,Partner Channel,K-12 Math,West Region,Rep_13,4.22,Negotiation,Lost,No Response / Ghosted,578.46,2026-03-20 21:30:02.619986
LD-302370,11/29/2025 12:49,Paid Search,K-12  Math,West Region,Rep_03,1.92,Contacted,Open,,,
LD-302371,09/30/2025 20:26,Paid Search,K-12 Math,South Region,Rep_07,3.76,Contacted,Open,,,
LD-302372,2026-05-20 12:32:00,Webinar,K-12 Math,West Region,Rep_13,1.94,Closed,Won,,467.3,2026-07-03 19:19:18.701312
LD-302373,05/01/2025 09:54,Paid  Search,k-12 math,North Region,Rep_11,4.12,Demo Completed,Lost,Price Objection,581.86,2025-06-03 21:03:02.462017
LD-302374,01/24/2025 18:13,Paid Search,K-12 Math,International,Rep_15,2.61,Proposal Sent,Lost,Price Objection,495.42,2025-03-10 17:43:25.790034
LD-302375,01/20/2026 11:20,Organic Search,Competitive Exam Prep,West Region,Rep_13,0.8,Negotiation,Lost,Bad Timing,1136.33,2026-03-13 04:08:14.943566
LD-302376,2025-02-22 13:48:00,Social Media,Study Abroad Prep,North Region,Rep_11,1.34,Demo Completed,Lost,Price Objection,"$1,659.86",2025-03-21 05:49:23.723376
LD-302377,20-Feb-2026 19:22,Webinar,Competitive Exam Prep,West Region,Rep_08,1.43,Closed,Won,,1079.56,2026-04-07 21:23:28.497592
LD-302378,07-Nov-2025 13:15,Webinar,Coding For Kids,North Region,Rep_06,10.03,Demo Completed,Lost,Bad Timing,631.37,2025-12-11 12:59:57.956155
LD-302379,08-Jul-2025 13:52,Partner Channel,Language Learning,North Region,Rep_06,1.06,Lead,Open,,,
LD-302380,25-Apr-2025 17:53,Organic Search,Coding for Kids,International,Rep_05,1.5,Contacted,Open,,,
LD-302381,04/09/2026 12:25,Partner Channel,Competitive Exam Prep,North Region,Rep_06,3.47,Lead,Open,,,
LD-302382,29-Jun-2025 14:11,Referral,K-12 Math,North Region,Rep_06,7.31,Contacted,Open,,,
LD-302383,2025-10-17 14:05:00,Paid Search,Language Learning,West Region,Rep_03,2.88,Contacted,Open,,,
LD-302384,2026-01-07 09:16:00,Organic Search,Language Learning,West Region,Rep_08,1.18,Negotiation,Lost,No Response / Ghosted,$385.58,2026-03-01 20:28:53.596462
LD-302385,06/19/2025 16:45,Referral,coding for kids,South Region,Rep_07,1.06,Contacted,Open,,,
LD-302386,29-Aug-2025 07:52,paid search,Study Abroad Prep,South Region,Rep_07,5.88,Contacted,Open,,,
LD-302387,2025-11-13 07:46:00,Organic Search,Language Learning,South Region,Rep_12,4.59,Negotiation,Lost,No Response / Ghosted,$328.67,2026-01-03 18:10:10.599169
LD-302388,2025-08-15 11:08:00,Webinar,Study Abroad Prep,South Region,Rep_07,0.62,Contacted,Open,,,
LD-302389,2025-05-02 09:45:00,SEO,Competitive Exam Prep,International,Rep_15,8.03,Contacted,Open,,,
LD-302390,04/25/2025 16:41,Paid Search,Language Learning,South Region,Rep_12,7.81,Contacted,Open,,,
LD-302391,27-Feb-2026 20:45,Referral,K-12 Math,East Region,Rep_04,2.58,Contacted,Open,,,
LD-302392,08-Aug-2025 12:55,social media,K-12 Math,East Region,Rep_04,15.0,Lead,Open,,,
LD-302393,18-Jun-2025 19:02,Cold Outreach,K12 Math,,Rep_14,3.62,Contacted,Open,,,
LD-302394,06-May-2026 20:02,Cold Outreach,K-12 Math,South Region,Rep_07,9.9,Negotiation,Lost,Bad Timing,$557.65,2026-06-22 01:45:29.186710
LD-302395,05-Feb-2025 17:28,Referral,K-12 Math,South Region,Rep_12,10.15,Closed,Won,,507.0,2025-04-05 12:23:07.192577
LD-302396,02/06/2026 13:39,Paid Search,Language Learning,South Region,Rep_07,1.66,Contacted,Open,,,
LD-302397,2025-07-11 11:18:00,Paid Search,Competitive Exam Prep,South Region,Rep_02,1.11,Contacted,Open,,,
LD-302398,10-Jul-2025 15:38,Webinar,Language Learning,South Region,Rep_07,2.77,Contacted,Open,,,
LD-302399,05/09/2026 18:27,Social Media,Study Abroad Prep,South Region,Rep_12,1.8,Lead,Open,,,
LD-302400,24-Oct-2025 20:25,Partner Channel,Competitive Exam Prep,South Region,Rep_02,0.85,Closed,Won,,$976.77,2025-11-26 02:15:00.093979
LD-302401,05/30/2025 19:06,PPC,Competitive Exam Prep,East Region,Rep_04,8.66,Demo Scheduled,Open,,,
LD-302402,09-Jan-2025 10:54,Partner Channel,K-12 Math,West Region,Rep_13,17.05,Contacted,Open,,,
LD-302403,2025-05-02 11:27:00,SEO,K-12 Math,South Region,Rep_07,1.01,Negotiation,Lost,No Response / Ghosted,582.12,2025-06-18 21:01:37.416142
LD-302404,2025-03-14 11:08:00,SEO,Competitive Exam Prep,West Region,Rep_08,2.75,Contacted,Open,,,
LD-302405,2025-03-05 19:15:00,Paid Search,Competitive Exam Prep,South Region,Rep_02,10.2,Contacted,Open,,,
LD-302406,19-Jun-2026 20:56,SEO,Coding for Kids,East Region,Rep_14,4.1,Contacted,Open,,,
LD-302407,14-Nov-2025 08:13,Referral,Coding for Kids,North Region,Rep_11,5.21,Contacted,Open,,,
LD-302408,04/10/2026 15:16,Social Media,Study Abroad Prep,North Region,Rep_06,7.05,Contacted,Open,,,
LD-302409,03/06/2026 07:03,Paid Search,Coding for Kids,International,Rep_05,4.16,Contacted,Open,,,
LD-302410,18-Mar-2026 07:39,Paid Search,K-12 Math,South Region,Rep_02,19.26,Contacted,Open,,,
LD-302411,03-Nov-2025 18:16,Partner Channel,Competitive Exam Prep,North Region,Rep_06,2.51,Contacted,Open,,,
LD-302412,09/24/2025 12:54,Webinar,Coding for Kids,East Region,Rep_09,5.46,Negotiation,Lost,Price Objection,640.33,2025-10-24 23:04:32.977691
LD-302413,06/18/2025 16:07,Organic Search,Coding for Kids,International,Rep_15,3.13,Contacted,Open,,,
LD-302414,2025-06-21 20:17:00,Referral,Coding for Kids,North Region,Rep_06,6.97,Contacted,Open,,,
LD-302415,2025-07-18 16:08:00,Paid Search,Coding for Kids,North Region,Rep_06,4.15,Lead,Open,,,
LD-302416,16-Jan-2026 07:31,Paid Search,Competitive Exam Prep,,Rep_05,2.8,Demo Completed,Lost,Went With Competitor,$929.64,2026-03-01 08:20:51.091182
LD-302417,2026-03-27 16:57:00,Webinar,Language Learning,West Region,Rep_13,2.68,Closed,Won,,385.68,2026-05-01 15:14:10.604303
LD-302418,06/02/2025 11:29,Webinar,Language Learning,North Region,Rep_11,1.38,Contacted,Open,,,
LD-302419,11/05/2025 20:08,Social Media,Coding for Kids,North Region,Rep_11,4.22,Proposal Sent,Lost,Price Objection,594.51,2025-12-17 01:28:22.869166
LD-302420,06-Mar-2026 20:11,Paid Search,K-12 Math,West Region,Rep_13,1.73,Lead,Open,,,
LD-302421,27-May-2026 17:24,Webinar,Language Learning,International,Rep_10,1.82,Proposal Sent,Lost,Price Objection,421.33,2026-06-24 09:14:20.691633
LD-302422,08/20/2025 08:26,Paid Search,K-12 Math,West Region,Rep_08,2.1,Contacted,Open,,,
LD-302423,17-Oct-2025 13:19,paid search,Study Abroad Prep,West Region,Rep_03,5.31,Contacted,Open,,,
LD-302424,23-May-2025 09:30,Referral,K-12  Math,South Region,Rep_02,1.99,Closed,Won,,457.17,2025-07-06 10:59:07.718300
LD-302425,04/02/2026 15:51,Webinar,Study Abroad Prep,,Rep_11,2.73,Closed,Won,,"$1,321.22",2026-05-20 19:23:06.911450
LD-302426,18-Jul-2025 11:30,Paid Search,Competitive Exam Prep,,Rep_02,2.33,Contacted,Open,,,
LD-302427,11/19/2025 15:37,Partner Channel,Coding for Kids,North Region,Rep_06,1.78,Contacted,Open,,,
LD-302428,2025-01-17 07:55:00,Webinar,K-12 Math,North Region,Rep_01,4.57,Contacted,Open,,,
LD-302429,2025-08-09 17:22:00,Organic Search,K-12 Math,East Region,Rep_09,5.9,Contacted,Open,,,
LD-302430,2025-05-02 15:06:00,Partner Channel,Competitive Exam Prep,North Region,Rep_06,4.79,Contacted,Open,,,
LD-302431,26-May-2025 11:41,Webinar,K-12 Math,East Region,Rep_04,4.43,Contacted,Open,,,
LD-302432,04/13/2026 11:48,Social Media,K-12 Math,West Region,Rep_13,3.77,Negotiation,Lost,Price Objection,408.89,2026-05-28 09:23:46.181027
LD-302433,02-May-2025 11:36,Social Media,Language Learning,East Region,Rep_14,16.52,Contacted,Open,,,
LD-302434,17-Aug-2025 20:15,Social Media,Study Abroad Prep,East Region,Rep_04,7.62,Contacted,Open,,,
LD-302435,11-Jul-2025 11:02,Partner Channel,Study Abroad Prep,North Region,Rep_01,5.12,Closed,Won,,"$1,236.69",2025-08-16 19:58:30.599482
LD-302436,2025-01-29 20:48:00,Webinar,K-12 Math,,Rep_01,7.29,Closed,Won,,541.82,2025-03-28 02:24:10.760090
LD-302437,02/02/2026 13:18,Organic Search,Competitive Exam Prep,South Region,Rep_12,4.7,Contacted,Open,,,
LD-302438,2026-05-06 10:59:00,Cold Outreach,Study Abroad Prep,West Region,Rep_08,1.43,Lead,Open,,,
LD-302439,10-Apr-2025 18:48,Webinar,Language Learning,North Region,Rep_06,9.9,Contacted,Open,,,
LD-302440,2026-04-12 19:23:00,Organic Search,K-12 Math,West Region,Rep_03,7.86,Contacted,Open,,,
LD-302441,18-Apr-2025 14:21,Cold Outreach,k-12 math,North Region,Rep_11,0.44,Demo Completed,Lost,Bad Timing,$470.49,2025-05-06 08:22:19.846478
LD-302442,2025-06-12 10:10:00,Organic Search,Study Abroad Prep,East Region,Rep_09,3.81,Closed,Won,,1268.98,2025-07-26 17:57:22.425005
LD-302443,01/29/2025 13:10,Paid Search,Language Learning,West Region,Rep_03,5.7,Lead,Open,,,
LD-302444,03-Jul-2025 12:18,Paid Search,coding for kids,South Region,Rep_07,8.68,Closed,Won,,762.06,2025-08-12 08:58:26.833427
LD-302445,10-Mar-2026 20:28,Cold Outreach,Coding for Kids,South Region,Rep_07,2.74,Proposal Sent,Lost,Budget Not Approved,$681.60,2026-04-19 01:25:57.194328
LD-302446,21-Apr-2025 08:45,Referral,Language Learning,East Region,Rep_09,13.96,Closed,Won,,$329.25,2025-06-04 19:56:18.588870
LD-302447,2025-02-09 10:34:00,Webinar,K-12 Math,East Region,Rep_09,2.05,Proposal Sent,Lost,Bad Timing,$473.10,2025-04-03 01:24:56.833135
LD-302448,09-Jan-2026 08:43,Paid Search,CODING FOR KIDS,,Rep_07,0.71,Contacted,Open,,,
LD-302449,06/24/2026 18:51,Webinar,Language Learning,East Region,Rep_14,5.05,Demo Completed,Lost,Went With Competitor,306.53,2026-07-20 12:41:24.998296
LD-302450,2025-10-21 17:02:00,Organic Search,K-12 Math,West Region,Rep_08,0.27,Contacted,Open,,,
LD-302451,07/30/2025 09:12,Partner Channel,K-12 Math,International,Rep_10,3.9,Demo Completed,Lost,No Response / Ghosted,$424.16,2025-08-30 08:12:55.296079
LD-302452,2026-03-13 15:02:00,Social Media,Study Abroad Prep,East Region,Rep_04,2.36,Lead,Open,,,
LD-302453,2025-03-25 14:15:00,Webinar,Coding for Kids,East Region,Rep_04,2.86,Demo Completed,Lost,Price Objection,$618.57,2025-05-08 02:00:47.136362
LD-302454,06/26/2026 12:28,Organic search,CODING FOR KIDS,South Region,Rep_07,0.79,Proposal Sent,Lost,No Response / Ghosted,702.17,2026-08-06 10:31:16.961591
LD-302455,2026-01-12 14:43:00,Referral,Coding for Kids,West Region,Rep_13,1.44,Negotiation,Lost,Budget Not Approved,771.12,2026-02-26 06:49:02.747960
LD-302456,01/09/2026 15:02,Referral,Competitive Exam Prep,North Region,Rep_06,5.87,Closed,Won,,1011.89,2026-02-28 11:00:34.676239
LD-302457,2026-04-03 19:56:00,Referral,Coding for Kids,South Region,Rep_12,7.88,Negotiation,Lost,Went With Competitor,661.16,2026-05-22 12:19:26.449760
LD-302458,10/02/2025 17:27,PPC,K-12 Math,South Region,Rep_07,2.98,Demo Scheduled,Open,,,
LD-302459,06-Dec-2025 12:07,Webinar,Language Learning,North Region,Rep_06,2.88,Demo Completed,Lost,Went With Competitor,398.96,2025-12-28 13:00:13.876212
LD-302460,05/07/2025 07:27,Paid Search,K-12 Math,East Region,Rep_14,4.3,Contacted,Open,,,
LD-302461,03/10/2025 18:51,Organic Search,Study Abroad Prep,South Region,Rep_07,4.85,Negotiation,Lost,Budget Not Approved,"$1,588.18",2025-05-01 18:52:12.182299
LD-302462,2025-06-09 12:58:00,Organic Search,K-12  Math,North Region,Rep_06,13.23,Contacted,Open,,,
LD-302463,2025-02-14 07:46:00,Organic Search,Competitive Exam Prep,West Region,Rep_13,2.58,Contacted,Open,,,
LD-302464,2026-02-16 14:56:00,Referral,Study Abroad Prep,North Region,Rep_11,7.74,Closed,Won,,1420.01,2026-04-09 01:45:11.523530
LD-302465,20-Feb-2025 08:53,Paid Search,Language Learning,South Region,Rep_12,24.77,Proposal Sent,Lost,Budget Not Approved,388.29,2025-03-28 13:22:28.063689
LD-302466,10/23/2025 07:29,Referral,Competitive Exam Prep,North Region,Rep_11,3.1,Closed,Won,,1037.41,2025-11-24 08:37:15.588802
LD-302467,26-Feb-2026 08:27,Referral,Language Learning,South Region,Rep_12,2.76,Closed,Won,,307.42,2026-04-07 17:43:53.918389
LD-302468,2025-05-30 13:55:00,Cold Outreach,Coding for Kids,West Region,Rep_13,1.67,Contacted,Open,,,
LD-302469,05/28/2025 20:21,Webinar,K-12 Math,North Region,Rep_11,1.74,Contacted,Open,,,
LD-302470,03/13/2026 14:37,Organic Search,Study Abroad Prep,South Region,Rep_07,1.36,Contacted,Open,,,
LD-302471,2026-06-26 14:17:00,Cold Outreach,Coding for Kids,South Region,Rep_07,4.14,Lead,Open,,,
LD-302472,03-Jan-2025 07:37,Partner Channel,K-12 Math,South Region,Rep_07,4.31,Negotiation,Lost,Price Objection,$437.98,2025-02-26 06:07:46.713640
LD-302473,2025-12-07 16:37:00,Partner Channel,Competitive Exam Prep,East Region,Rep_04,10.14,Contacted,Open,,,
LD-302474,09/10/2025 12:25,Referral,Study Abroad Prep,North Region,Rep_11,3.95,Closed,Won,,1529.89,2025-10-19 14:06:21.715375
LD-302475,02-Jan-2026 10:48,Cold Outreach,Competitive Exam Prep,South Region,Rep_02,0.72,Contacted,Open,,,
LD-302476,2025-03-01 16:09:00,Referral,Competitive Exam Prep,West Region,Rep_03,13.68,Contacted,Open,,,
LD-302477,01/23/2026 17:54,Webinar,K-12 Math,International,Rep_15,2.93,Contacted,Open,,,
LD-302478,24-Jul-2025 07:39,Paid Search,K-12 Math,North Region,Rep_06,3.67,Contacted,Open,,,
LD-302479,15-Oct-2025 11:44,organic search,Study Abroad Prep,West Region,Rep_03,3.67,Closed,Won,,1348.35,2025-11-19 01:04:08.145548
LD-302480,07/08/2025 14:17,Cold Outreach,Study Abroad Prep,West Region,Rep_08,1.6,Lead,Open,,,
LD-302481,2025-11-10 11:49:00,Social Media,K-12 Math,South Region,Rep_12,3.27,Demo Completed,Lost,No Response / Ghosted,595.64,2025-12-20 15:53:39.080179
LD-302482,2025-05-07 13:43:00,Social Media,Language Learning,South Region,Rep_12,8.56,Proposal Sent,Lost,Bad Timing,393.19,2025-06-07 21:23:47.079729
LD-302483,07/24/2025 12:39,Organic search,Language Learning,North Region,Rep_01,0.62,Contacted,Open,,,
LD-302484,2025-06-11 08:37:00,Referral,coding for kids,North Region,Rep_01,9.01,Negotiation,Lost,Bad Timing,$575.36,2025-08-05 11:43:15.047336
LD-302485,03/10/2026 15:30,Social Media,Competitive Exam Prep,West Region,Rep_03,2.6,Negotiation,Lost,Went With Competitor,961.91,2026-05-02 20:32:50.217059
LD-302486,04/17/2026 18:32,Organic Search,Coding for Kids,North Region,Rep_01,3.47,Contacted,Open,,,
LD-302487,02-Feb-2025 12:29,Paid Search,Language Learning,West Region,Rep_13,7.57,Proposal Sent,Lost,Bad Timing,308.93,2025-03-03 22:34:19.902562
LD-302488,24-Nov-2025 16:33,Cold Outreach,K-12 Math,East Region,Rep_04,4.46,Lead,Open,,,
LD-302489,08-May-2026 09:35,Referral,K-12 Math,South Region,Rep_07,2.9,Negotiation,Lost,Bad Timing,$468.60,2026-06-21 20:21:56.778650
LD-302490,2025-03-07 07:59:00,Webinar,K-12 Math,West Region,Rep_13,5.89,Contacted,Open,,,
LD-302491,03-Sep-2025 09:25,Organic Search,Study Abroad Prep,South Region,Rep_12,0.72,Contacted,Open,,,
LD-302492,01/20/2026 17:28,Paid Search,Coding for Kids,South Region,Rep_07,3.78,Contacted,Open,,,
LD-302493,11/22/2025 15:15,Partner Channel,Coding for Kids,West Region,Rep_03,3.68,Closed,Won,,$729.91,2025-12-27 12:41:17.082177
LD-302494,05/16/2025 08:23,Referral,K-12 Math,South Region,Rep_12,2.44,Contacted,Open,,,
LD-302495,10/22/2025 18:20,Paid Search,K-12 Math,South Region,Rep_07,2.69,Contacted,Open,,,
LD-302496,23-Mar-2026 20:16,Organic Search,Competitive Exam Prep,International,Rep_10,14.14,Contacted,Open,,,
LD-302497,2025-09-26 12:59:00,Webinar,Competitive Exam Prep,West Region,Rep_03,5.87,Proposal Sent,Lost,Price Objection,"$1,152.06",2025-11-08 06:43:47.026155
LD-302498,28-Feb-2025 11:41,Referral,K-12 Math,East Region,Rep_14,1.4,Proposal Sent,Lost,No Response / Ghosted,473.51,2025-04-15 21:39:17.921860
LD-302499,01/21/2025 20:22,Social Media,Coding for Kids,West Region,Rep_08,2.57,Contacted,Open,,,
LD-302500,2026-03-25 10:12:00,Organic Search,K-12 Math,North Region,Rep_01,1.05,Demo Completed,Lost,No Response / Ghosted,577.95,2026-05-02 19:00:39.149635
LD-302501,16-May-2025 20:59,Organic Search,K-12 Math,South Region,Rep_02,4.2,Contacted,Open,,,
LD-302502,13-Mar-2025 08:39,Cold Outreach,Coding for Kids,North Region,Rep_11,0.97,Lead,Open,,,
LD-302503,10-Dec-2025 17:26,Social Media,Coding for Kids,International,Rep_05,27.31,Lead,Open,,,
LD-302504,2026-06-24 17:22:00,Social Media,Study Abroad Prep,North Region,Rep_11,13.86,Contacted,Open,,,
LD-302505,2025-10-12 14:41:00,Organic Search,Competitive Exam Prep,International,Rep_15,6.02,Contacted,Open,,,
LD-302506,12/17/2025 15:19,Webinar,K-12 Math,South Region,Rep_12,3.45,Contacted,Open,,,
LD-302507,05/02/2026 08:04,Organic Search,Language Learning,North Region,Rep_01,1.43,Contacted,Open,,,
LD-302508,09/18/2025 15:44,Cold Outreach,Coding For Kids,North Region,Rep_01,2.08,Contacted,Open,,,
LD-302509,11/27/2025 14:22,Referral,Language Learning,International,Rep_15,1.56,Contacted,Open,,,
LD-302510,10/31/2025 07:54,Social Media,K-12 Math,North Region,Rep_06,4.07,Lead,Open,,,
LD-302511,2025-04-29 11:37:00,Paid Search,Competitive Exam Prep,West Region,Rep_13,1.2,Negotiation,Lost,Budget Not Approved,1140.99,2025-06-03 14:17:21.043899
LD-302512,2026-06-26 18:17:00,Social Media,Study Abroad Prep,East Region,Rep_14,3.1,Contacted,Open,,,
LD-302513,06/25/2025 07:17,SEO,K-12 Math,North Region,Rep_11,1.94,Demo Completed,Lost,Bad Timing,408.19,2025-07-22 17:03:05.269979
LD-302514,25-Nov-2025 20:53,Webinar,Competitive Exam Prep,West Region,Rep_03,12.23,Contacted,Open,,,
LD-302515,05-Jun-2026 18:49,Social,Study Abroad Prep,East Region,Rep_14,3.02,Contacted,Open,,,
LD-302516,2025-05-12 19:34:00,Organic Search,Study Abroad Prep,North Region,Rep_06,3.18,Lead,Open,,,
LD-302517,2025-03-21 17:31:00,Paid Search,K-12 Math,East Region,Rep_04,0.47,Contacted,Open,,,
LD-302518,06/01/2025 14:37,Cold Outreach,Competitive Exam Prep,East Region,Rep_09,4.16,Lead,Open,,,
LD-302519,2026-05-15 09:46:00,Webinar,Language Learning,International,Rep_10,2.95,Closed,Won,,$352.04,2026-06-16 09:18:51.328098
LD-302520,13-Aug-2025 09:27,Organic Search,Study Abroad Prep,North Region,Rep_11,3.01,Contacted,Open,,,
LD-302521,22-Jan-2026 16:36,Social Media,K-12 Math,East Region,Rep_04,1.99,Contacted,Open,,,
LD-302522,2025-08-29 08:13:00,Referral,Competitive Exam Prep,North Region,Rep_11,1.56,Closed,Won,,"$1,072.71",2025-10-16 17:20:51.955173
LD-302523,03-Jan-2025 13:56,Organic Search,Competitive Exam Prep,International,Rep_10,1.64,Contacted,Open,,,
LD-302524,30-Jan-2026 19:12,COLD OUTREACH,K-12 Math,West Region,Rep_03,12.4,Proposal Sent,Lost,Price Objection,$421.12,2026-03-07 17:10:06.503253
LD-302525,09-Dec-2025 09:23,Social Media,Language Learning,North Region,Rep_11,2.72,Contacted,Open,,,
LD-302526,24-Jun-2025 18:31,Referral,Coding for Kids,North Region,Rep_11,3.31,Contacted,Open,,,
LD-302527,2025-04-18 08:42:00,Referral,Competitive Exam Prep,West Region,Rep_03,8.11,Negotiation,Lost,No Response / Ghosted,1069.41,2025-06-06 23:45:48.124058
LD-302528,06-Oct-2025 15:21,Organic Search,Study Abroad Prep,International,Rep_10,1.75,Lead,Open,,,
LD-302529,2025-12-08 15:29:00,Organic Search,Competitive Exam Prep,South Region,Rep_02,3.95,Contacted,Open,,,
LD-302530,10/01/2025 08:16,Organic Search,Competitive Exam Prep,South Region,Rep_12,2.58,Contacted,Open,,,
LD-302531,01/05/2026 17:03,Partner Channel,Study Abroad Prep,South Region,Rep_02,5.55,Negotiation,Lost,Budget Not Approved,1333.76,2026-02-16 13:32:43.972673
LD-302532,2025-09-03 11:58:00,Referral,Coding for Kids,North Region,Rep_06,3.35,Contacted,Open,,,
LD-302533,09-May-2025 09:36,PPC,Language Learning,North Region,Rep_01,1.15,Contacted,Open,,,
LD-302534,06/10/2025 16:36,Referral,Language Learning,South Region,Rep_02,6.19,Lead,Open,,,
LD-302535,2026-02-06 14:15:00,Social Media,K-12 Math,East Region,Rep_14,1.95,Contacted,Open,,,
LD-302536,17-May-2025 11:40,Referral,Coding for Kids,International,Rep_05,6.1,Contacted,Open,,,
LD-302537,04/28/2026 07:56,Organic Search,Coding for Kids,International,Rep_05,1.46,Contacted,Open,,,
LD-302538,06/03/2025 11:49,Organic Search,Language Learning,South Region,Rep_07,32.16,Contacted,Open,,,
LD-302539,2025-10-25 15:14:00,Social Media,Language Learning,International,Rep_15,2.75,Negotiation,Lost,Price Objection,330.94,2025-12-09 19:59:44.337235
LD-302540,04/24/2026 13:00,Organic Search,K-12 Math,South Region,Rep_07,0.34,Closed,Won,,446.07,2026-06-06 19:08:20.543614
LD-302541,12-Sep-2025 16:00,Paid Search,Language Learning,East Region,Rep_04,2.47,Demo Completed,Lost,Budget Not Approved,$336.97,2025-10-06 10:03:34.482846
LD-302542,05/05/2025 07:12,Paid Search,Competitive Exam Prep,West Region,Rep_08,1.53,Closed,Won,,873.83,2025-06-19 15:34:03.874643
LD-302543,2025-06-29 19:18:00,Referral,K-12  Math,South Region,Rep_07,2.57,Closed,Won,,537.54,2025-08-21 12:23:49.295311
LD-302544,2026-04-08 10:40:00,Social Media,Study Abroad Prep,,Rep_04,1.12,Contacted,Open,,,
LD-302545,2025-08-23 17:57:00,Webinar,Competitive Exam Prep,South Region,Rep_07,2.96,Contacted,Open,,,
LD-302546,09-Mar-2026 13:33,Organic Search,Competitive Exam Prep,West Region,Rep_08,1.38,Closed,Won,,874.91,2026-04-16 04:46:01.296534
LD-302547,01/30/2026 17:23,Social Media,K-12 Math,South Region,Rep_12,7.71,Proposal Sent,Lost,Went With Competitor,468.17,2026-03-07 09:31:17.905364
LD-302548,02-Jan-2026 15:29,Partner Channel,K-12 Math,West Region,Rep_08,10.74,Lead,Open,,,
LD-302549,29-Apr-2025 14:50,Referral,K-12 Math,West Region,Rep_08,4.45,Closed,Won,,474.59,2025-05-31 03:13:48.920088
LD-302550,2025-03-01 15:42:00,Paid Search,Study Abroad Prep,North Region,Rep_11,1.81,Demo Completed,Lost,Bad Timing,1522.23,2025-04-11 11:53:53.550126
LD-302551,2025-10-07 07:08:00,Cold Outreach,Coding for Kids,South Region,Rep_02,0.83,Contacted,Open,,,
LD-302552,01/29/2025 08:27,Organic Search,Study Abroad Prep,East Region,Rep_04,0.92,Closed,Won,,"$1,347.69",2025-03-03 20:25:31.669005
LD-302553,2025-04-26 08:28:00,Referral,Study Abroad Prep,West Region,Rep_13,9.45,Negotiation,Lost,Price Objection,1679.11,2025-06-09 23:22:08.115602
LD-302554,2025-11-02 09:46:00,Paid Search,Competitive Exam Prep,,Rep_03,0.6,Demo Completed,Lost,Bad Timing,1079.91,2025-12-10 13:44:33.434768
LD-302555,12/26/2025 18:09,Webinar,Coding for Kids,South Region,Rep_12,2.95,Contacted,Open,,,
LD-302556,06-Jun-2025 12:40,Webinar,Competitive Exam Prep,International,Rep_10,7.72,Contacted,Open,,,
LD-302557,2025-09-22 13:25:00,Organic Search,Coding for Kids,West Region,Rep_08,1.82,Demo Scheduled,Open,,,
LD-302558,02/21/2025 12:44,Social Media,Language Learning,International,Rep_10,5.64,Lead,Open,,,
LD-302559,01-Sep-2025 09:17,Social Media,K-12 Math,North Region,Rep_11,4.1,Proposal Sent,Lost,No Response / Ghosted,$534.03,2025-10-03 09:31:19.903521
LD-302560,10/29/2025 20:38,Webinar,K12 Math,South Region,Rep_07,1.72,Contacted,Open,,,
LD-302561,12-Jan-2026 17:52,Partner Channel,Coding for Kids,,Rep_10,13.89,Demo Completed,Lost,No Response / Ghosted,$659.92,2026-02-09 05:55:02.623528
LD-302562,14-Nov-2025 20:24,Cold Outreach,Language Learning,International,Rep_15,2.34,Contacted,Open,,,
LD-302563,02/18/2025 11:07,Social,Competitive Exam Prep,South Region,Rep_12,2.06,Lead,Open,,,
LD-302564,2025-08-09 07:43:00,Social Media,Competitive Exam Prep,North Region,Rep_01,14.45,Lead,Open,,,
LD-302565,06/05/2025 20:22,Social Media,Study Abroad Prep,International,Rep_15,6.84,Lead,Open,,,
LD-302566,04/07/2026 17:16,Webinar,Study Abroad Prep,South Region,Rep_02,3.18,Contacted,Open,,,
LD-302567,2026-05-06 07:20:00,Cold-Outreach,Study Abroad Prep,North Region,Rep_11,4.94,Lead,Open,,,
LD-302568,04/04/2025 15:18,Partner Channel,K-12 Math,International,Rep_15,1.37,Contacted,Open,,,
LD-302569,06/13/2025 16:33,Organic Search,Competitive Exam Prep,North Region,Rep_11,0.99,Negotiation,Lost,Bad Timing,1027.9,2025-07-26 13:43:17.465322
LD-302570,30-Apr-2025 14:22,Organic Search,Competitive Exam Prep,South Region,Rep_07,2.2,Closed,Won,,1180.69,2025-06-20 02:52:44.334887
LD-302571,14-Aug-2025 09:36,Organic Search,Competitive Exam Prep,South Region,Rep_02,29.55,Contacted,Open,,,
LD-302572,05/30/2025 15:42,Paid Search,Language Learning,,Rep_03,9.54,Contacted,Open,,,
LD-302573,2025-07-30 20:04:00,Webinar,Language Learning,South Region,Rep_07,2.72,Negotiation,Lost,No Response / Ghosted,$339.66,2025-09-11 04:21:47.110597
LD-302574,2025-06-14 17:08:00,Cold Outreach,K-12 Math,International,Rep_10,-1.63,Lead,Open,,,
LD-302575,2025-08-19 13:00:00,Organic Search,k-12 math,East Region,Rep_04,3.66,Contacted,Open,,,
LD-302576,2025-06-12 07:16:00,SEO,k-12 math,South Region,Rep_02,1.66,Negotiation,Lost,No Response / Ghosted,$445.83,2025-07-28 20:02:53.216835
LD-302577,03/03/2025 19:39,Cold Outreach,Coding for Kids,North Region,Rep_01,1.22,Contacted,Open,,,
LD-302578,01/26/2025 16:41,Organic Search,Competitive Exam Prep,North Region,Rep_11,2.33,Demo Completed,Lost,Price Objection,924.42,2025-03-02 11:16:02.452903
LD-302579,2025-09-08 12:16:00,Webinar,K-12 Math,West Region,Rep_03,12.7,Contacted,Open,,,
LD-302580,05-Feb-2026 15:26,Cold Outreach,Language Learning,East Region,Rep_09,1.72,Lead,Open,,,
LD-302581,05/06/2026 20:47,Organic search,Competitive Exam Prep,International,Rep_05,2.58,Proposal Sent,Lost,No Response / Ghosted,1065.5,2026-06-15 15:37:32.170646
LD-302582,04/10/2025 12:44,Referral,Competitive Exam Prep,West Region,Rep_03,1.31,Negotiation,Lost,No Response / Ghosted,946.96,2025-05-28 01:30:01.484067
LD-302583,2025-03-08 08:53:00,Paid Search,Coding for Kids,International,Rep_15,7.94,Lead,Open,,,
LD-302584,01/03/2025 20:21,Paid Search,K-12 Math,North Region,Rep_01,6.06,Contacted,Open,,,
LD-302585,11-Jul-2025 18:24,Social,Competitive Exam Prep,North Region,Rep_01,1.5,Contacted,Open,,,
LD-302586,12/24/2025 16:26,Referral,Study Abroad Prep,International,Rep_10,3.38,Contacted,Open,,,
LD-302587,2025-05-08 19:10:00,organic search,Competitive Exam Prep,,Rep_02,5.15,Contacted,Open,,,
LD-302588,2026-06-22 16:30:00,Paid Search,Competitive Exam Prep,South Region,Rep_02,4.05,Demo Completed,Lost,Bad Timing,$990.85,2026-07-14 13:04:52.940273
LD-302589,13-Apr-2026 11:32,Social Media,Study Abroad Prep,East Region,Rep_09,45.53,Lead,Open,,,
LD-302590,2025-05-02 09:11:00,Organic Search,Language Learning,West Region,Rep_13,11.36,Proposal Sent,Lost,No Response / Ghosted,$346.97,2025-05-31 20:59:08.766569
LD-302591,03/12/2026 13:56,Paid Search,coding for kids,West Region,Rep_08,3.93,Closed,Won,,597.95,2026-04-16 12:47:12.963385
LD-302592,06/12/2025 14:31,Paid Search,Language Learning,East Region,Rep_04,12.37,Demo Scheduled,Open,,,
LD-302593,25-Jul-2025 12:25,Paid Search,Competitive Exam Prep,,Rep_07,7.54,Closed,Won,,$890.67,2025-09-10 02:45:02.344595
LD-302594,28-Jul-2025 14:41,Referral,Competitive Exam Prep,North Region,Rep_06,0.95,Contacted,Open,,,
LD-302595,18-Feb-2025 08:00,Referral,K12 Math,South Region,Rep_12,3.45,Negotiation,Lost,Price Objection,569.49,2025-03-14 16:31:03.546704
LD-302596,03/04/2026 19:31,Webinar,Language Learning,North Region,Rep_01,18.98,Contacted,Open,,,
LD-302597,10-Jan-2025 07:04,Paid Search,K12 Math,West Region,Rep_03,1.95,Contacted,Open,,,
LD-302598,28-Jan-2026 19:41,Organic Search,Coding for Kids,East Region,Rep_04,5.81,Lead,Open,,,
LD-302599,03/01/2026 12:48,Referral,Competitive Exam Prep,International,Rep_10,1.66,Contacted,Open,,,
LD-302600,13-Feb-2026 18:57,Referral,Competitive Exam Prep,North Region,Rep_01,3.57,Closed,Won,,865.73,2026-04-02 07:30:06.096377
LD-302601,2025-10-22 13:29:00,Referral,Language Learning,North Region,Rep_11,2.47,Closed,Won,,314.58,2025-12-01 20:42:55.571703
LD-302602,11/13/2025 17:16,Cold Outreach,Coding for Kids,West Region,Rep_03,1.54,Demo Completed,Lost,Price Objection,745.1,2025-12-09 03:53:22.434012
LD-302603,2026-04-07 13:32:00,Paid Search,Study Abroad Prep,North Region,Rep_01,1.86,Contacted,Open,,,
LD-302604,05-Feb-2025 08:18,SEO,Competitive Exam Prep,West Region,Rep_03,1.94,Contacted,Open,,,
LD-302605,04/10/2026 08:21,Organic Search,K-12 Math,East Region,Rep_04,1.81,Lead,Open,,,
LD-302606,02/13/2026 15:31,Organic Search,Study Abroad Prep,South Region,Rep_02,1.46,Contacted,Open,,,
LD-302607,02/12/2026 11:01,Cold Outreach,K-12 Math,North Region,Rep_06,2.44,Contacted,Open,,,
LD-302608,10-Jun-2026 07:38,Social Media,Competitive Exam Prep,East Region,Rep_04,4.63,Closed,Won,,1030.62,2026-07-07 19:09:51.488871
LD-302609,03-Aug-2025 18:01,paid search,K-12 Math,West Region,Rep_13,4.59,Negotiation,Lost,Bad Timing,$475.78,2025-09-13 10:10:51.521290
LD-302610,2026-05-28 12:53:00,Paid Search,Language Learning,South Region,Rep_02,0.45,Demo Completed,Lost,Bad Timing,$306.52,2026-07-09 15:49:03.355322
LD-302611,2025-10-31 11:50:00,Referral,Language Learning,West Region,Rep_08,1.44,Closed,Won,,$299.19,2025-12-14 02:07:08.311754
LD-302612,11/21/2025 14:42,Organic Search,Competitive Exam Prep,South Region,Rep_02,5.77,Contacted,Open,,,
LD-302613,2026-03-25 09:18:00,Paid Search,Coding for Kids,,Rep_13,1.04,Contacted,Open,,,
LD-302614,04/30/2025 19:52,Partner Channel,Competitive Exam Prep,South Region,Rep_12,1.51,Contacted,Open,,,
LD-302615,2026-02-07 13:26:00,Referral,Competitive Exam Prep,South Region,Rep_12,2.93,Closed,Won,,"$1,002.38",2026-03-29 18:45:52.079847
LD-302616,2026-06-12 07:09:00,Cold Outreach,Competitive Exam Prep,South Region,Rep_12,1.25,Contacted,Open,,,
LD-302617,02-Feb-2026 07:27,Paid  Search,Competitive Exam Prep,West Region,Rep_03,7.44,Demo Completed,Lost,Went With Competitor,1107.57,2026-03-06 05:42:48.907652
LD-302618,2026-05-07 20:01:00,Cold Outreach,Coding for Kids,International,Rep_15,1.44,Demo Scheduled,Open,,,
LD-302619,2025-01-28 17:31:00,Social Media,Competitive Exam Prep,International,Rep_10,7.89,Lead,Open,,,
LD-302620,03/12/2025 16:32,Webinar,K-12  Math,,Rep_02,1.31,Contacted,Open,,,
LD-302621,01/30/2025 07:23,Paid Search,Competitive Exam Prep,South Region,Rep_12,1.37,Negotiation,Lost,Went With Competitor,"$1,145.95",2025-03-15 13:49:29.965838
LD-302622,02-Jan-2025 20:43,Organic Search,Study Abroad Prep,South Region,Rep_02,6.28,Contacted,Open,,,
LD-302623,18-Nov-2025 16:03,Webinar,Competitive Exam Prep,South Region,Rep_12,2.81,Lead,Open,,,
LD-302624,08-Sep-2025 16:42,Referral,coding for kids,North Region,Rep_06,26.36,Contacted,Open,,,
LD-302625,2026-04-16 18:30:00,Cold Outreach,K-12 Math,North Region,Rep_01,4.29,Contacted,Open,,,
LD-302626,28-May-2026 14:46,Organic Search,Study Abroad Prep,South Region,Rep_02,0.63,Negotiation,Lost,No Response / Ghosted,1211.66,2026-06-25 06:33:40.837137
LD-302627,01/09/2026 08:55,Social,Coding for Kids,,Rep_07,0.82,Negotiation,Lost,Price Objection,676.52,2026-02-17 03:30:54.344560
LD-302628,08-Apr-2026 10:23,Organic Search,Competitive Exam Prep,East Region,Rep_09,0.61,Contacted,Open,,,
LD-302629,2025-02-14 17:06:00,Paid Search,Language Learning,International,Rep_10,3.13,Lead,Open,,,
LD-302630,2025-09-24 18:36:00,Paid Search,Coding For Kids,South Region,Rep_07,4.99,Proposal Sent,Lost,Went With Competitor,743.86,2025-10-22 00:18:25.338107
LD-302631,03/03/2025 08:24,Social Media,Coding for Kids,International,Rep_05,1.28,Lead,Open,,,
LD-302632,01/17/2025 12:36,Social Media,Language Learning,West Region,Rep_08,5.86,Demo Completed,Lost,Price Objection,$294.94,2025-02-09 08:05:28.206547
LD-302633,24-Apr-2026 19:08,Social Media,Competitive Exam Prep,West Region,Rep_03,19.16,Contacted,Open,,,
LD-302634,02/27/2026 09:56,Social Media,K-12 Math,East Region,Rep_09,4.23,Lead,Open,,,
LD-302635,01-Jul-2025 12:12,Social Media,Competitive Exam Prep,North Region,Rep_11,2.26,Proposal Sent,Lost,Price Objection,"$1,060.01",2025-07-29 00:39:53.371043
LD-302636,2025-08-20 09:04:00,Cold Outreach,Competitive Exam Prep,North Region,Rep_01,4.41,Lead,Open,,,
LD-302637,24-Feb-2025 10:30,Cold Outreach,k-12 math,North Region,Rep_06,2.75,Lead,Open,,,
LD-302638,21-Aug-2025 17:07,Paid Search,Language Learning,West Region,Rep_03,17.25,Lead,Open,,,
LD-302639,29-Apr-2026 19:21,organic search,K-12 Math,East Region,Rep_09,1.68,Contacted,Open,,,
LD-302640,08-Apr-2026 14:44,Referral,K-12 Math,East Region,Rep_04,0.79,Contacted,Open,,,
LD-302641,01/16/2026 07:17,Paid Search,Language Learning,West Region,Rep_08,5.1,Closed,Won,,342.17,2026-03-02 11:27:42.977535
LD-302642,2025-11-13 12:36:00,Paid Search,coding for kids,West Region,Rep_08,20.93,Contacted,Open,,,
LD-302643,11-Mar-2025 17:45,Organic Search,Competitive Exam Prep,North Region,Rep_06,3.81,Contacted,Open,,,
LD-302644,04/29/2026 17:09,Organic Search,Competitive Exam Prep,North Region,Rep_01,2.79,Proposal Sent,Lost,Budget Not Approved,981.71,2026-06-14 06:51:54.629217
LD-302645,05/01/2026 11:00,Social Media,Study Abroad Prep,West Region,Rep_03,4.41,Lead,Open,,,
LD-302646,03/26/2025 14:28,Webinar,Study Abroad Prep,South Region,Rep_02,0.92,Closed,Won,,1678.4,2025-04-27 08:08:03.765990
LD-302647,04/03/2026 10:44,Organic Search,Coding for Kids,East Region,Rep_14,3.97,Lead,Open,,,
LD-302648,2025-03-04 09:08:00,Organic Search,Competitive Exam Prep,South Region,Rep_07,1.28,Contacted,Open,,,
LD-302649,03-Jan-2025 14:27,Cold Outreach,Coding for Kids,North Region,Rep_01,3.63,Contacted,Open,,,
LD-302650,17-Jan-2025 12:56,Webinar,Competitive Exam Prep,West Region,Rep_13,1.3,Contacted,Open,,,
LD-302651,06/24/2025 15:29,Webinar,Study Abroad Prep,North Region,Rep_01,3.35,Contacted,Open,,,
LD-302652,2025-04-18 20:26:00,Social Media,Study Abroad Prep,International,Rep_05,1.62,Lead,Open,,,
LD-302653,2026-06-02 19:33:00,Webinar,Competitive Exam Prep,North Region,Rep_11,1.68,Contacted,Open,,,
LD-302654,2026-05-08 14:25:00,Referral,Coding for Kids,East Region,Rep_14,3.32,Contacted,Open,,,
LD-302655,2025-12-05 10:39:00,Referral,Coding for Kids,North Region,Rep_01,0.6,Closed,Won,,753.21,2026-01-10 20:32:23.945659
LD-302656,04/03/2026 18:52,Webinar,Language Learning,,Rep_11,10.13,Contacted,Open,,,
LD-302657,2025-08-20 20:09:00,Organic Search,Competitive Exam Prep,International,Rep_05,2.5,Contacted,Open,,,
LD-302658,29-Oct-2025 19:05,cold outreach,Competitive Exam Prep,West Region,Rep_13,1.6,Lead,Open,,,
LD-302659,09/24/2025 11:28,Paid Search,Competitive Exam Prep,North Region,Rep_11,13.14,Contacted,Open,,,
LD-302660,2025-08-23 12:52:00,Social Media,Coding for Kids,,Rep_07,1.51,Demo Scheduled,Open,,,
LD-302661,2025-07-25 11:50:00,Webinar,Language Learning,South Region,Rep_12,3.9,Contacted,Open,,,
LD-302662,2025-05-05 13:31:00,Organic Search,Language Learning,South Region,Rep_02,1.53,Contacted,Open,,,
LD-302663,03/24/2026 20:11,Webinar,Competitive Exam Prep,South Region,Rep_02,2.03,Closed,Won,,971.46,2026-04-30 05:24:00.825437
LD-302664,17-Jan-2025 10:06,Organic Search,K-12  Math,West Region,Rep_13,0.17,Closed,Won,,572.75,2025-02-22 22:37:07.001410
LD-302665,2025-10-25 18:32:00,Paid Search,Coding for Kids,International,Rep_05,12.52,Contacted,Open,,,
LD-302666,09/22/2025 15:36,Paid Search,K-12 Math,West Region,Rep_13,3.2,Contacted,Open,,,
LD-302667,02-May-2025 12:01,Partner Channel,Competitive Exam Prep,West Region,Rep_03,1.41,Negotiation,Lost,Bad Timing,1087.77,2025-05-31 01:08:26.561116
LD-302668,17-Mar-2025 19:41,Organic Search,K12 Math,South Region,Rep_07,3.78,Contacted,Open,,,
LD-302669,2026-06-29 10:22:00,Cold Outreach,Competitive Exam Prep,North Region,Rep_06,3.93,Lead,Open,,,
LD-302670,02/13/2025 13:46,Partner Channel,K-12 Math,South Region,Rep_02,1.53,Contacted,Open,,,
LD-302671,08/15/2025 11:58,Social Media,Competitive Exam Prep,North Region,Rep_01,7.42,Contacted,Open,,,
LD-302672,09/25/2025 19:25,Organic Search,Coding for Kids,West Region,Rep_13,4.43,Contacted,Open,,,
LD-302673,07/25/2025 09:15,Organic Search,Language Learning,East Region,Rep_14,1.62,Lead,Open,,,
LD-302674,28-Apr-2026 07:27,Paid Search,Competitive Exam Prep,North Region,Rep_11,10.28,Negotiation,Lost,Went With Competitor,1017.34,2026-06-03 08:48:14.879681
LD-302675,03/19/2025 11:42,Social Media,Competitive Exam Prep,East Region,Rep_14,13.94,Lead,Open,,,
LD-302676,20-Feb-2026 18:06,Social Media,Language Learning,West Region,Rep_03,5.42,Contacted,Open,,,
LD-302677,11-Jul-2025 12:24,Referral,Competitive Exam Prep,East Region,Rep_09,1.58,Proposal Sent,Lost,No Response / Ghosted,"$1,157.10",2025-08-19 19:11:36.965322
LD-302678,07/06/2025 16:32,Social Media,Study Abroad Prep,,Rep_04,0.89,Demo Scheduled,Open,,,
LD-302679,2025-08-15 15:27:00,Webinar,K-12 Math,East Region,Rep_14,0.9,Closed,Won,,577.75,2025-09-21 05:57:13.080562
LD-302680,05/02/2025 19:00,Paid Search,Competitive Exam Prep,North Region,Rep_01,3.31,Contacted,Open,,,
LD-302681,2026-03-17 09:41:00,Referral,K-12 Math,West Region,Rep_03,9.07,Closed,Won,,$597.24,2026-04-29 00:56:41.606289
LD-302682,03/27/2026 17:25,Social Media,Coding for Kids,East Region,Rep_09,2.88,Contacted,Open,,,
LD-302683,17-Jan-2025 19:44,Partner Channel,Language Learning,International,Rep_10,4.18,Demo Completed,Lost,Budget Not Approved,336.61,2025-02-14 21:52:43.379283
LD-302684,06/04/2026 09:42,Organic search,Language Learning,South Region,Rep_02,0.68,Lead,Open,,,
LD-302685,03/06/2026 10:05,Cold Outreach,Study Abroad Prep,West Region,Rep_08,1.59,Demo Scheduled,Open,,,
LD-302686,2026-04-02 12:40:00,Webinar,k-12 math,West Region,Rep_08,13.28,Contacted,Open,,,
LD-302687,08/09/2025 07:00,Organic Search,Language Learning,North Region,Rep_11,0.97,Contacted,Open,,,
LD-302688,01-Dec-2025 18:01,SOCIAL MEDIA,Study Abroad Prep,North Region,Rep_06,1.58,Lead,Open,,,
LD-302689,10/08/2025 07:51,Partner Channel,Study Abroad Prep,International,Rep_05,11.49,Contacted,Open,,,
LD-302690,02/27/2026 20:04,Paid Search,Coding for Kids,East Region,Rep_04,7.79,Lead,Open,,,
LD-302691,2025-08-26 20:09:00,Paid Search,Coding for Kids,East Region,Rep_09,9.05,Contacted,Open,,,
LD-302692,06/18/2025 17:09,Organic Search,K-12 Math,North Region,Rep_01,2.82,Proposal Sent,Lost,Went With Competitor,$489.09,2025-07-24 19:21:53.461403
LD-302693,10/31/2025 08:29,Referral,Coding for Kids,East Region,Rep_14,3.14,Contacted,Open,,,
LD-302694,2025-04-18 10:30:00,paid search,Coding for Kids,South Region,Rep_12,2.34,Contacted,Open,,,
LD-302695,2026-04-06 18:32:00,Cold Outreach,K-12 Math,International,Rep_05,4.58,Lead,Open,,,
LD-302696,02-Jan-2026 18:14,Cold Outreach,Competitive Exam Prep,South Region,Rep_02,4.64,Lead,Open,,,
LD-302697,02/10/2025 15:43,Organic Search,K-12  Math,North Region,Rep_01,1.08,Proposal Sent,Lost,Went With Competitor,$582.04,2025-03-21 12:49:26.886706
LD-302698,2025-06-08 17:58:00,Webinar,Language Learning,North Region,Rep_01,4.01,Proposal Sent,Lost,Price Objection,$375.06,2025-07-04 01:26:51.874087
LD-302699,2025-04-30 13:02:00,Referral,K-12 Math,,Rep_14,11.56,Contacted,Open,,,
LD-302700,12/05/2025 08:54,Partner Channel,Language Learning,North Region,Rep_06,5.72,Lead,Open,,,
LD-302701,16-Dec-2025 13:26,Cold Outreach,Coding for Kids,North Region,Rep_01,6.04,Lead,Open,,,
LD-302702,30-Aug-2025 14:21,Paid Search,Coding for Kids,North Region,Rep_11,1.11,Proposal Sent,Lost,Went With Competitor,714.18,2025-09-29 00:04:28.671267
LD-302703,06-May-2025 12:47,Social Media,K-12 Math,South Region,Rep_07,9.61,Contacted,Open,,,
LD-302704,19-Mar-2025 09:51,Paid Search,Competitive Exam Prep,South Region,Rep_07,2.76,Demo Scheduled,Open,,,
LD-302705,24-Sep-2025 15:44,Paid Search,Study Abroad Prep,South Region,Rep_02,17.53,Contacted,Open,,,
LD-302706,12/10/2025 19:44,SOCIAL MEDIA,Coding for Kids,East Region,Rep_09,0.52,Lead,Open,,,
LD-302707,07/17/2025 20:56,SEO,K-12 Math,South Region,Rep_02,1.17,Negotiation,Lost,Went With Competitor,$444.18,2025-08-26 22:18:06.639596
LD-302708,07/22/2025 18:43,Organic Search,K-12 Math,International,Rep_05,8.04,Contacted,Open,,,
LD-302709,2026-03-06 13:16:00,Social Media,K-12  Math,International,Rep_10,2.05,Demo Completed,Lost,Bad Timing,500.38,2026-03-31 00:32:04.215839
LD-302710,08/08/2025 14:32,Referral,Coding for Kids,,Rep_03,4.58,Negotiation,Lost,Bad Timing,773.46,2025-10-08 11:49:32.329192
LD-302711,01/09/2026 08:19,Cold Outreach,Competitive Exam Prep,,Rep_07,1.21,Lead,Open,,,
LD-302712,02-Oct-2025 11:35,Paid Search,Study Abroad Prep,South Region,Rep_02,3.34,Contacted,Open,,,
LD-302713,2025-10-24 12:03:00,Webinar,Coding for Kids,South Region,Rep_12,11.7,Demo Scheduled,Open,,,
LD-302714,2026-01-30 15:04:00,Paid Search,K-12 Math,South Region,Rep_07,1.21,Closed,Won,,448.58,2026-02-20 09:17:50.403629
LD-302715,19-Jun-2026 18:43,Paid Search,CODING FOR KIDS,East Region,Rep_04,7.73,Lead,Open,,,
LD-302716,08/12/2025 20:43,Referral,Study Abroad Prep,International,Rep_15,1.43,Contacted,Open,,,
LD-302717,03/06/2026 12:31,Referral,K-12 Math,North Region,Rep_06,1.88,Contacted,Open,,,
LD-302718,10-Jun-2026 16:15,Paid Search,Coding for Kids,West Region,Rep_13,1.32,Demo Completed,Lost,Bad Timing,$746.11,2026-07-12 21:14:03.570805
LD-302719,27-Jun-2026 15:48,Webinar,Competitive Exam Prep,East Region,Rep_04,5.71,Demo Completed,Lost,Price Objection,$838.46,2026-08-07 07:12:24.237503
LD-302720,2025-04-06 16:51:00,Partner Channel,K-12 Math,West Region,Rep_13,1.37,Closed,Won,,$446.05,2025-05-10 15:11:45.072034
LD-302721,30-Dec-2025 10:41,Organic Search,K-12 Math,East Region,Rep_04,2.86,Contacted,Open,,,
LD-302722,2026-03-06 16:04:00,Organic Search,Language Learning,West Region,Rep_13,2.4,Closed,Won,,303.38,2026-04-22 01:33:32.424208
LD-302723,26-Feb-2026 07:53,Webinar,Coding for Kids,North Region,Rep_11,2.33,Closed,Won,,762.04,2026-04-03 06:00:58.937582
LD-302724,10/30/2025 19:06,Paid Search,Language Learning,West Region,Rep_08,3.5,Negotiation,Lost,No Response / Ghosted,323.88,2025-12-18 16:48:25.505389
LD-302725,28-Feb-2025 19:19,Social Media,Competitive Exam Prep,East Region,Rep_14,6.75,Contacted,Open,,,
LD-302726,03-Oct-2025 13:13,Social Media,Study Abroad Prep,,Rep_06,4.26,Lead,Open,,,
LD-302727,10-Mar-2025 10:16,Partner Channel,Competitive Exam Prep,East Region,Rep_09,3.12,Closed,Won,,989.98,2025-04-19 01:46:20.572241
LD-302728,12/15/2025 08:17,Organic Search,K-12 Math,East Region,Rep_04,1.95,Demo Completed,Lost,No Response / Ghosted,568.83,2026-01-23 02:00:53.706735
LD-302729,08/18/2025 17:15,Cold Outreach,K-12 Math,East Region,Rep_14,3.26,Contacted,Open,,,
LD-302730,21-Feb-2025 14:35,Cold Outreach,Language Learning,South Region,Rep_07,4.52,Lead,Open,,,
LD-302731,2025-05-02 20:20:00,Paid Search,Competitive Exam Prep,South Region,Rep_07,1.23,Proposal Sent,Lost,No Response / Ghosted,1012.29,2025-06-09 14:55:26.861640
LD-302732,12-Oct-2025 18:31,Referral,Coding for Kids,International,Rep_05,2.84,Contacted,Open,,,
LD-302733,04/04/2025 15:22,Organic Search,K-12 Math,West Region,Rep_03,0.82,Contacted,Open,,,
LD-302734,19-Jun-2026 20:40,Webinar,K-12 Math,North Region,Rep_01,2.15,Contacted,Open,,,
LD-302735,15-Feb-2025 08:19,Partner Channel,Coding for Kids,North Region,Rep_06,2.99,Proposal Sent,Lost,Bad Timing,547.14,2025-03-22 05:45:29.432462
LD-302736,2025-06-02 07:21:00,Paid Search,Language Learning,,Rep_02,1.15,Demo Completed,Lost,No Response / Ghosted,$337.22,2025-07-01 14:39:42.412324
LD-302737,2025-07-04 16:25:00,Referral,K-12 Math,International,Rep_05,0.79,Negotiation,Lost,Price Objection,518.92,2025-08-11 21:25:28.292064
LD-302738,2025-08-28 19:52:00,Organic Search,K-12 Math,International,Rep_05,1.32,Contacted,Open,,,
LD-302739,06/27/2025 09:48,Webinar,K-12  Math,North Region,Rep_01,3.16,Closed,Won,,497.89,2025-07-28 07:46:45.143450
LD-302740,27-May-2026 11:52,SOCIAL MEDIA,Competitive Exam Prep,North Region,Rep_06,6.29,Lead,Open,,,
LD-302741,03-Mar-2026 17:32,Webinar,Language Learning,International,Rep_05,5.31,Closed,Won,,367.25,2026-03-26 00:03:30.581935
LD-302742,05/12/2025 19:58,Partner Channel,Study Abroad Prep,South Region,Rep_07,2.54,Contacted,Open,,,
LD-302743,06/06/2026 19:11,Paid Search,Competitive Exam Prep,North Region,Rep_01,4.66,Demo Scheduled,Open,,,
LD-302744,02/22/2026 17:04,Social Media,Competitive Exam Prep,North Region,Rep_01,1.87,Lead,Open,,,
LD-302745,05/15/2026 12:20,Social Media,Study Abroad Prep,East Region,Rep_04,10.71,Lead,Open,,,
LD-302746,06/22/2026 20:37,Paid Search,K-12 Math,West Region,Rep_03,1.85,Contacted,Open,,,
LD-302747,29-Aug-2025 15:28,Webinar,Coding for Kids,North Region,Rep_06,8.69,Contacted,Open,,,
LD-302748,10/11/2025 17:00,Social Media,K-12 Math,East Region,Rep_14,3.02,Contacted,Open,,,
LD-302749,05/26/2026 15:46,Organic Search,K-12 Math,West Region,Rep_13,1.19,Contacted,Open,,,
LD-302750,08-Jun-2026 08:24,Paid Search,Study Abroad Prep,North Region,Rep_11,4.18,Contacted,Open,,,
LD-302751,03/25/2025 16:08,Paid Search,Language Learning,West Region,Rep_03,4.92,Contacted,Open,,,
LD-302752,04/09/2025 19:58,Organic Search,Study Abroad Prep,East Region,Rep_04,3.46,Contacted,Open,,,
LD-302753,2026-04-21 07:36:00,Paid Search,K-12 Math,South Region,Rep_07,1.6,Demo Completed,Lost,Bad Timing,$514.17,2026-05-23 03:45:49.552199
LD-302754,05/26/2026 11:19,Social Media,Competitive Exam Prep,South Region,Rep_02,2.12,Contacted,Open,,,
LD-302755,2025-06-13 14:04:00,Paid Search,Competitive Exam Prep,East Region,Rep_14,13.81,Contacted,Open,,,
LD-302756,02/17/2026 16:09,Cold Outreach,Coding for Kids,North Region,Rep_11,2.14,Lead,Open,,,
LD-302757,2026-03-10 10:59:00,Cold Outreach,Coding for Kids,South Region,Rep_02,1.7,Lead,Open,,,
LD-302758,14-Jan-2026 07:21,Referral,K-12 Math,South Region,Rep_12,2.59,Negotiation,Lost,Went With Competitor,$439.45,2026-02-25 10:05:09.278084
LD-302759,27-Aug-2025 20:46,Referral,Coding for Kids,North Region,Rep_11,2.74,Contacted,Open,,,
LD-302760,06/13/2025 12:36,Webinar,Language Learning,North Region,Rep_06,0.5,Closed,Won,,418.66,2025-07-23 00:40:38.936458
LD-302761,2025-07-21 10:30:00,Partner Channel,Coding for Kids,East Region,Rep_09,1.13,Lead,Open,,,
LD-302762,09/19/2025 16:49,Paid Search,Competitive Exam Prep,North Region,Rep_06,3.89,Proposal Sent,Lost,Price Objection,808.66,2025-10-17 01:06:17.108297
LD-302763,03/04/2025 12:09,Cold Outreach,Coding for Kids,South Region,Rep_12,7.69,Lead,Open,,,
LD-302764,17-Nov-2025 15:37,Webinar,K-12 Math,International,Rep_05,5.15,Contacted,Open,,,
LD-302765,2025-11-29 17:58:00,Social Media,Study Abroad Prep,West Region,Rep_03,10.51,Contacted,Open,,,
LD-302766,2025-02-07 17:25:00,Organic Search,Study Abroad Prep,West Region,Rep_08,0.79,Closed,Won,,1408.78,2025-03-29 08:43:45.444311
LD-302767,15-Jun-2026 14:39,Social Media,Competitive Exam Prep,West Region,Rep_03,7.65,Contacted,Open,,,
LD-302768,06/17/2025 07:03,Referral,Competitive Exam Prep,West Region,Rep_13,4.19,Contacted,Open,,,
LD-302769,20-May-2026 11:35,Paid Search,Coding for Kids,South Region,Rep_07,5.02,Negotiation,Lost,No Response / Ghosted,743.45,2026-06-27 19:38:56.604232
LD-302770,2025-05-09 20:17:00,Paid Search,Study Abroad Prep,South Region,Rep_07,4.16,Lead,Open,,,
LD-302771,11/17/2025 09:23,Partner Channel,K-12 Math,South Region,Rep_07,1.15,Negotiation,Lost,Bad Timing,435.77,2025-12-23 03:14:43.486459
LD-302772,06/11/2025 20:02,Organic Search,Coding for Kids,International,Rep_10,5.51,Negotiation,Lost,No Response / Ghosted,$658.20,2025-07-24 13:55:07.830708
LD-302773,25-Dec-2025 11:04,Organic Search,Language Learning,East Region,Rep_04,2.21,Lead,Open,,,
LD-302774,2025-04-19 17:29:00,Organic Search,Study Abroad Prep,North Region,Rep_06,2.52,Lead,Open,,,
LD-302775,02/10/2026 15:55,Social Media,coding for kids,International,Rep_10,10.02,Lead,Open,,,
LD-302776,19-Sep-2025 14:00,Social Media,K-12 Math,,Rep_11,0.72,Contacted,Open,,,
LD-302777,11/14/2025 18:49,Organic Search,K-12 Math,,Rep_03,3.41,Lead,Open,,,
LD-302778,11-Jun-2026 19:05,Referral,K-12 Math,East Region,Rep_04,0.88,Contacted,Open,,,
LD-302779,12/05/2025 10:51,Organic search,Competitive Exam Prep,North Region,Rep_01,2.03,Contacted,Open,,,
LD-302780,05-Apr-2025 16:38,Organic Search,Coding for Kids,North Region,Rep_06,5.93,Contacted,Open,,,
LD-302781,11-Feb-2026 16:13,Referral,Coding for Kids,North Region,Rep_01,14.99,Closed,Won,,685.64,2026-04-03 01:55:52.086187
LD-302782,01/26/2026 16:04,Cold Outreach,Competitive Exam Prep,South Region,Rep_07,3.3,Contacted,Open,,,
LD-302783,2025-02-01 07:14:00,Paid  Search,K-12 Math,East Region,Rep_14,9.13,Lead,Open,,,
LD-302784,2025-01-03 16:10:00,Referral,Language Learning,East Region,Rep_09,3.97,Closed,Won,,385.41,2025-02-10 22:06:33.140962
LD-302785,2025-09-29 12:38:00,organic search,Study Abroad Prep,West Region,Rep_08,1.35,Contacted,Open,,,
LD-302786,22-Nov-2025 19:37,Webinar,K-12 Math,North Region,Rep_11,4.68,Closed,Won,,409.73,2026-01-03 10:41:35.978655
LD-302787,01/06/2025 18:39,Paid Search,K-12 Math,East Region,Rep_14,2.41,Lead,Open,,,
LD-302788,04/18/2025 20:49,Referral,Competitive Exam Prep,West Region,Rep_03,21.27,Negotiation,Lost,Bad Timing,1183.73,2025-06-11 05:05:25.169714
LD-302789,2025-11-26 19:42:00,Referral,Competitive Exam Prep,East Region,Rep_04,2.16,Closed,Won,,1109.56,2026-01-21 04:46:19.746770
LD-302790,2025-06-25 19:23:00,PPC,Competitive Exam Prep,East Region,Rep_04,2.47,Demo Scheduled,Open,,,
LD-302791,2026-05-30 08:34:00,Partner Channel,Coding for Kids,South Region,Rep_02,3.04,Contacted,Open,,,
LD-302792,01/10/2025 11:38,Referral,Competitive Exam Prep,South Region,Rep_12,1.58,Closed,Won,,$953.78,2025-02-17 17:34:48.755440
LD-302793,08/22/2025 18:53,Webinar,Language Learning,West Region,Rep_03,3.65,Contacted,Open,,,
LD-302794,04/24/2026 17:37,Webinar,Competitive Exam Prep,North Region,Rep_11,7.36,Negotiation,Lost,Price Objection,1177.56,2026-06-05 18:30:32.496473
LD-302795,2025-11-07 08:53:00,Webinar,Language Learning,East Region,Rep_04,15.4,Demo Scheduled,Open,,,
LD-302796,01/15/2026 19:26,Social Media,Competitive Exam Prep,North Region,Rep_06,4.51,Closed,Won,,1043.54,2026-02-12 00:42:38.538461
LD-302797,05/22/2026 18:49,PPC,Study Abroad Prep,East Region,Rep_14,6.63,Demo Scheduled,Open,,,
LD-302798,04/02/2025 14:52,Organic Search,Coding for Kids,South Region,Rep_12,5.43,Contacted,Open,,,
LD-302799,2025-08-21 08:42:00,Organic Search,Language Learning,East Region,Rep_14,0.82,Contacted,Open,,,
LD-302800,01/21/2025 13:07,Cold Outreach,Competitive Exam Prep,North Region,Rep_06,2.61,Lead,Open,,,
LD-302801,2025-09-26 14:29:00,Referral,K-12 Math,South Region,Rep_12,7.96,Contacted,Open,,,
LD-302802,09/17/2025 15:46,Paid Search,Coding for Kids,North Region,Rep_01,0.67,Contacted,Open,,,
LD-302803,2026-05-22 11:56:00,Partner Channel,K-12 Math,West Region,Rep_13,4.46,Contacted,Open,,,
LD-302804,06/19/2026 15:53,Cold-Outreach,Coding for Kids,South Region,Rep_12,3.41,Demo Completed,Lost,Price Objection,578.07,2026-07-21 09:36:09.791137
LD-302805,17-Jan-2025 18:05,Cold Outreach,K-12 Math,East Region,Rep_14,4.82,Lead,Open,,,
LD-302806,03-Oct-2025 12:07,Referral,coding for kids,North Region,Rep_06,8.6,Proposal Sent,Lost,Bad Timing,677.21,2025-11-06 15:11:45.434201
LD-302807,11/21/2025 12:30,Social Media,K-12 Math,International,Rep_15,5.99,Contacted,Open,,,
LD-302808,10/14/2025 18:40,Organic Search,Competitive Exam Prep,International,Rep_10,2.11,Contacted,Open,,,
LD-302809,10/22/2025 18:44,Organic Search,Competitive Exam Prep,West Region,Rep_13,6.22,Lead,Open,,,
LD-302810,04/17/2025 19:57,Cold Outreach,K-12 Math,South Region,Rep_07,3.86,Contacted,Open,,,
LD-302811,19-Jul-2025 08:55,Referral,Competitive Exam Prep,,Rep_08,4.14,Lead,Open,,,
LD-302812,03-Dec-2025 11:21,Social Media,Coding for Kids,East Region,Rep_09,4.22,Demo Completed,Lost,Price Objection,$534.71,2025-12-19 06:03:44.994916
LD-302813,05/26/2025 20:31,Referral,k-12 math,South Region,Rep_12,3.1,Contacted,Open,,,
LD-302814,17-Jun-2026 14:16,Referral,Study Abroad Prep,North Region,Rep_01,1.91,Contacted,Open,,,
LD-302815,2025-11-08 10:34:00,cold outreach,Coding for Kids,South Region,Rep_02,0.7,Lead,Open,,,
LD-302816,05-Jun-2026 09:18,Partner Channel,K-12 Math,North Region,Rep_01,11.81,Negotiation,Lost,Price Objection,408.77,2026-07-19 20:03:21.355335
LD-302817,18-Nov-2025 13:40,Referral,Competitive Exam Prep,West Region,Rep_13,7.72,Closed,Won,,808.42,2025-12-24 18:14:18.549093
LD-302818,01/20/2025 11:59,Paid Search,Language Learning,West Region,Rep_08,2.14,Closed,Won,,361.89,2025-02-18 12:51:20.418953
LD-302819,2025-08-07 11:15:00,Partner Channel,Language Learning,South Region,Rep_07,2.01,Contacted,Open,,,
LD-302820,04/22/2026 08:52,Social Media,Coding for Kids,North Region,Rep_06,1.73,Contacted,Open,,,
LD-302821,05/30/2025 14:29,Referral,Study Abroad Prep,South Region,Rep_12,3.86,Demo Completed,Lost,Price Objection,"$1,614.16",2025-06-24 08:04:14.798217
LD-302822,2025-08-22 13:50:00,Organic Search,Coding for Kids,International,Rep_15,1.66,Negotiation,Lost,Bad Timing,641.68,2025-09-18 22:59:44.613583
LD-302823,2025-08-18 12:33:00,Organic Search,K-12 Math,West Region,Rep_08,0.9,Contacted,Open,,,
LD-302824,24-Jun-2026 16:53,Paid Search,Coding for Kids,South Region,Rep_12,3.94,Lead,Open,,,
LD-302825,03-Mar-2026 12:39,Social Media,Coding for Kids,West Region,Rep_08,1.49,Proposal Sent,Lost,Bad Timing,$562.12,2026-04-14 22:27:55.150239
LD-302826,2026-06-26 14:06:00,Organic Search,K-12 Math,North Region,Rep_06,3.31,Demo Scheduled,Open,,,
LD-302827,2025-05-28 12:55:00,Partner Channel,Coding for Kids,West Region,Rep_03,1.37,Contacted,Open,,,
LD-302828,02-Dec-2025 11:26,Webinar,Coding for Kids,North Region,Rep_11,2.17,Contacted,Open,,,
LD-302829,01-Jun-2026 20:55,Organic Search,Competitive Exam Prep,South Region,Rep_12,0.76,Contacted,Open,,,
LD-302830,2025-02-26 18:18:00,Webinar,Competitive Exam Prep,West Region,Rep_08,6.02,Contacted,Open,,,
LD-302831,05/28/2025 09:18,Partner Channel,Study Abroad Prep,North Region,Rep_06,4.77,Lead,Open,,,
LD-302832,03/17/2025 16:45,Social Media,Competitive Exam Prep,North Region,Rep_06,6.74,Contacted,Open,,,
LD-302833,29-Sep-2025 08:44,Webinar,Competitive Exam Prep,South Region,Rep_02,2.2,Negotiation,Lost,Price Objection,1051.28,2025-11-09 09:32:13.380354
LD-302834,09-Aug-2025 20:55,Cold Outreach,Language Learning,East Region,Rep_04,17.96,Lead,Open,,,
LD-302835,07-May-2025 16:32,Organic Search,K-12 Math,West Region,Rep_03,5.66,Negotiation,Lost,Went With Competitor,595.88,2025-06-01 02:28:43.996091
LD-302836,2026-03-12 10:55:00,Webinar,K-12  Math,North Region,Rep_11,1.52,Contacted,Open,,,
LD-302837,2025-02-19 09:06:00,Cold Outreach,Language Learning,South Region,Rep_12,2.93,Contacted,Open,,,
LD-302838,28-Apr-2025 08:19,Organic Search,Competitive Exam Prep,West Region,Rep_13,8.29,Contacted,Open,,,
LD-302839,07-Jan-2026 08:59,Referral,K-12 Math,International,Rep_10,1.35,Negotiation,Lost,Price Objection,$469.34,2026-02-21 23:57:53.930477
LD-302840,2025-09-24 08:07:00,Organic Search,Coding for Kids,,Rep_04,8.25,Proposal Sent,Lost,Went With Competitor,725.98,2025-10-19 17:46:00.473807
LD-302841,01-Jun-2026 11:06,Paid Search,Coding for Kids,West Region,Rep_08,4.87,Contacted,Open,,,
LD-302842,18-Feb-2025 16:02,Webinar,Language Learning,South Region,Rep_02,0.6,Closed,Won,,397.29,2025-03-27 21:37:12.922280
LD-302843,19-Apr-2025 07:20,Referral,Coding for Kids,North Region,Rep_11,34.12,Closed,Won,,$712.74,2025-05-30 10:34:34.855731
LD-302844,10/31/2025 16:22,Organic Search,Competitive Exam Prep,South Region,Rep_07,7.98,Contacted,Open,,,
LD-302845,01/26/2025 13:30,Organic Search,Competitive Exam Prep,North Region,Rep_01,3.49,Contacted,Open,,,
LD-302846,2025-02-05 19:48:00,Partner Channel,Competitive Exam Prep,International,Rep_10,1.43,Proposal Sent,Lost,No Response / Ghosted,1181.56,2025-03-17 01:49:34.945588
LD-302847,12/02/2025 13:39,Partner Channel,Competitive Exam Prep,South Region,Rep_12,-2.02,Demo Completed,Lost,Budget Not Approved,"$1,085.29",2025-12-28 10:49:56.580862
LD-302848,06/06/2025 11:31,Referral,K-12 Math,North Region,Rep_11,3.42,Contacted,Open,,,
LD-302849,09/19/2025 13:10,Cold Outreach,K-12 Math,South Region,Rep_12,1.64,Lead,Open,,,
LD-302850,13-Jan-2025 09:29,Referral,Coding for Kids,North Region,Rep_06,5.33,Demo Completed,Lost,Went With Competitor,726.26,2025-02-01 09:51:03.700802
LD-302851,10-Apr-2026 15:26,Partner Channel,Competitive Exam Prep,South Region,Rep_07,3.1,Closed,Won,,"$1,183.14",2026-05-15 20:52:30.389782
LD-302852,09/12/2025 18:50,Organic Search,Coding for Kids,West Region,Rep_08,5.97,Contacted,Open,,,
LD-302853,2026-04-12 09:31:00,Paid Search,Study Abroad Prep,East Region,Rep_04,7.76,Lead,Open,,,
LD-302854,25-Apr-2025 08:09,Paid Search,Study Abroad Prep,East Region,Rep_04,1.38,Contacted,Open,,,
LD-302855,2025-03-28 20:28:00,Referral,Coding for Kids,North Region,Rep_11,2.23,Proposal Sent,Lost,No Response / Ghosted,684.17,2025-05-11 02:37:28.494989
LD-302856,03/07/2025 15:22,Organic Search,Competitive Exam Prep,South Region,Rep_02,7.82,Proposal Sent,Lost,Price Objection,$819.09,2025-03-30 17:02:03.298739
LD-302857,01/21/2026 11:28,Organic Search,K-12 Math,,Rep_02,4.49,Contacted,Open,,,
LD-302858,06-Apr-2025 14:32,Social Media,Study Abroad Prep,South Region,Rep_12,7.09,Contacted,Open,,,
LD-302859,04-May-2026 13:18,Organic Search,Coding for Kids,International,Rep_15,1.32,Contacted,Open,,,
LD-302860,22-May-2025 19:31,Referral,k-12 math,North Region,Rep_06,8.03,Negotiation,Lost,Budget Not Approved,446.44,2025-06-23 11:55:25.292017
LD-302861,2025-06-02 19:10:00,Organic Search,K-12 Math,North Region,Rep_06,8.85,Contacted,Open,,,
LD-302862,08-May-2026 12:38,Social Media,Language Learning,North Region,Rep_11,8.04,Lead,Open,,,
LD-302863,16-Jun-2025 09:46,Paid Search,K-12 Math,East Region,Rep_09,2.61,Lead,Open,,,
LD-302864,2025-03-08 08:05:00,Organic search,Competitive Exam Prep,International,Rep_05,13.82,Proposal Sent,Lost,Bad Timing,849.76,2025-03-30 21:09:54.868762
LD-302865,2025-03-22 12:24:00,Webinar,Competitive Exam Prep,North Region,Rep_06,2.47,Demo Scheduled,Open,,,
LD-302866,01-Mar-2026 08:53,Webinar,Competitive Exam Prep,East Region,Rep_04,1.65,Contacted,Open,,,
LD-302867,2025-06-01 17:51:00,Social,CODING FOR KIDS,International,Rep_10,0.61,Contacted,Open,,,
LD-302868,07-Nov-2025 20:30,Cold Outreach,Coding for Kids,West Region,Rep_03,10.07,Lead,Open,,,
LD-302869,11/27/2025 19:53,Cold Outreach,Coding for Kids,South Region,Rep_12,3.79,Lead,Open,,,
LD-302870,17-Mar-2026 13:33,Referral,Study Abroad Prep,West Region,Rep_13,2.43,Demo Completed,Lost,Bad Timing,1467.26,2026-04-08 09:26:51.670005
LD-302871,05/01/2025 20:08,Social Media,Language Learning,South Region,Rep_12,1.53,Contacted,Open,,,
LD-302872,07-Mar-2025 14:55,Organic Search,K-12 Math,North Region,Rep_01,3.63,Negotiation,Lost,Price Objection,588.21,2025-04-03 20:03:47.845237
LD-302873,2025-08-25 15:25:00,Social Media,Competitive Exam Prep,East Region,Rep_04,1.64,Contacted,Open,,,
LD-302874,07/15/2025 11:33,Webinar,Competitive Exam Prep,South Region,Rep_07,10.25,Negotiation,Lost,No Response / Ghosted,"$1,040.10",2025-09-07 05:39:56.920475
LD-302875,02/01/2025 07:46,Webinar,Language Learning,West Region,Rep_08,3.15,Negotiation,Lost,Budget Not Approved,$402.14,2025-03-06 23:37:19.492088
LD-302876,2025-02-04 20:43:00,Social Media,Coding for Kids,South Region,Rep_02,1.02,Contacted,Open,,,
LD-302877,12/19/2025 20:41,PPC,Study Abroad Prep,North Region,Rep_06,2.24,Contacted,Open,,,
LD-302878,08/06/2025 09:45,Social Media,K-12 Math,International,Rep_05,3.19,Contacted,Open,,,
LD-302879,12/09/2025 07:59,Paid Search,Language Learning,West Region,Rep_13,8.3,Contacted,Open,,,
LD-302880,09/20/2025 15:07,Organic Search,Coding for Kids,South Region,Rep_07,1.1,Contacted,Open,,,
LD-302881,2026-03-11 16:07:00,Paid Search,Language Learning,South Region,Rep_07,2.01,Contacted,Open,,,
LD-302882,2025-04-14 12:32:00,Paid Search,Competitive Exam Prep,East Region,Rep_14,3.69,Contacted,Open,,,
LD-302883,26-Feb-2025 19:18,Referral,Competitive Exam Prep,West Region,Rep_08,3.77,Closed,Won,,913.67,2025-04-13 19:27:29.721894
LD-302884,2025-06-03 08:12:00,Social Media,K-12 Math,,Rep_10,0.42,Contacted,Open,,,
LD-302885,2026-01-02 15:31:00,organic search,Competitive Exam Prep,West Region,Rep_03,2.79,Proposal Sent,Lost,No Response / Ghosted,$893.99,2026-02-04 17:32:55.917991
LD-302886,02/01/2025 10:53,Cold Outreach,Competitive Exam Prep,International,Rep_15,1.61,Lead,Open,,,
LD-302887,2026-01-30 10:05:00,Cold Outreach,Study Abroad Prep,South Region,Rep_07,0.59,Demo Scheduled,Open,,,
LD-302888,2026-01-22 12:04:00,social media,Language Learning,South Region,Rep_02,11.91,Contacted,Open,,,
LD-302889,02/07/2025 18:46,Webinar,Language Learning,North Region,Rep_11,7.4,Closed,Won,,$406.46,2025-03-25 04:36:25.912074
LD-302890,04-Jul-2025 07:10,Referral,K-12  Math,South Region,Rep_07,2.23,Closed,Won,,$568.10,2025-08-15 14:10:00.752658
LD-302891,12/01/2025 19:15,Cold Outreach,Competitive Exam Prep,North Region,Rep_06,0.49,Lead,Open,,,
LD-302892,2025-05-23 15:29:00,cold outreach,Competitive Exam Prep,West Region,Rep_03,1.81,Lead,Open,,,
LD-302893,07-Jul-2025 07:58,Organic search,K-12 Math,North Region,Rep_06,3.16,Lead,Open,,,
LD-302894,17-Dec-2025 11:26,Cold Outreach,Coding for Kids,West Region,Rep_03,1.15,Lead,Open,,,
LD-302895,03/24/2026 12:48,Partner Channel,K12 Math,West Region,Rep_13,1.55,Proposal Sent,Lost,No Response / Ghosted,$515.95,2026-05-01 08:49:25.677182
LD-302896,27-Jan-2026 14:15,Cold-Outreach,K-12 Math,South Region,Rep_02,1.65,Contacted,Open,,,
LD-302897,28-Apr-2025 14:33,Organic Search,Competitive Exam Prep,,Rep_14,1.42,Contacted,Open,,,
LD-302898,2026-02-12 19:56:00,Partner Channel,Coding for Kids,West Region,Rep_03,2.25,Negotiation,Lost,Went With Competitor,658.0,2026-03-12 10:08:10.632151
LD-302899,05/22/2025 12:27,Organic search,Competitive Exam Prep,North Region,Rep_06,64.05,Contacted,Open,,,
LD-302900,2025-01-08 18:11:00,Social Media,K-12 Math,,Rep_07,0.74,Contacted,Open,,,
LD-302901,26-Feb-2026 07:45,Referral,K-12 Math,East Region,Rep_09,2.49,Lead,Open,,,
LD-302902,2025-12-11 10:27:00,Referral,Competitive Exam Prep,South Region,Rep_07,0.63,Contacted,Open,,,
LD-302903,05/12/2025 08:03,Webinar,Language Learning,West Region,Rep_13,25.52,Contacted,Open,,,
LD-302904,03/13/2026 12:03,Cold Outreach,Coding for Kids,,Rep_13,9.04,Lead,Open,,,
LD-302905,12/26/2025 09:32,Referral,Competitive Exam Prep,South Region,Rep_12,1.0,Contacted,Open,,,
LD-302906,26-Jan-2026 08:13,Cold Outreach,Coding for Kids,International,Rep_05,88.05,Contacted,Open,,,
LD-302907,06/13/2025 07:42,Social Media,Competitive Exam Prep,East Region,Rep_09,15.3,Demo Completed,Lost,No Response / Ghosted,1165.23,2025-07-18 03:38:15.838062
LD-302908,07/04/2025 10:21,social media,Competitive Exam Prep,North Region,Rep_11,21.65,Contacted,Open,,,
LD-302909,2025-03-06 14:14:00,Paid Search,CODING FOR KIDS,,Rep_09,5.94,Contacted,Open,,,
LD-302910,10-Jul-2025 16:02,Paid Search,Study Abroad Prep,International,Rep_10,1.94,Contacted,Open,,,
LD-302911,18-Nov-2025 16:51,Social Media,Coding for Kids,International,Rep_05,0.78,Lead,Open,,,
LD-302912,2026-04-24 08:02:00,Social Media,Coding For Kids,West Region,Rep_13,1.22,Contacted,Open,,,
LD-302913,2025-12-16 18:54:00,Referral,Competitive Exam Prep,International,Rep_05,2.68,Contacted,Open,,,
LD-302914,2025-07-10 09:30:00,Social Media,Competitive Exam Prep,South Region,Rep_12,1.68,Contacted,Open,,,
LD-302915,23-Jul-2025 12:23,Cold Outreach,Competitive Exam Prep,South Region,Rep_07,4.78,Proposal Sent,Lost,Budget Not Approved,1155.02,2025-08-29 08:37:08.191007
LD-302916,2025-07-18 20:03:00,Referral,Coding for Kids,West Region,Rep_13,2.64,Closed,Won,,697.11,2025-08-26 03:41:42.390305
LD-302917,2025-06-06 10:10:00,Paid Search,Competitive Exam Prep,South Region,Rep_12,5.89,Contacted,Open,,,
LD-302918,17-Dec-2025 12:07,Paid Search,Competitive Exam Prep,International,Rep_15,2.61,Demo Completed,Lost,Price Objection,$943.94,2026-01-27 14:40:08.225944
LD-302919,06-May-2026 18:09,Webinar,Coding For Kids,East Region,Rep_14,13.91,Demo Completed,Lost,Price Objection,555.52,2026-06-15 07:40:45.121014
LD-302920,01/12/2026 13:00,Referral,Coding for Kids,South Region,Rep_07,4.72,Negotiation,Lost,Budget Not Approved,700.8,2026-02-21 12:04:32.210931
LD-302921,02/27/2025 20:57,Cold Outreach,K-12 Math,East Region,Rep_14,12.21,Contacted,Open,,,
LD-302922,2026-06-29 17:57:00,Social Media,Language Learning,North Region,Rep_11,7.23,Proposal Sent,Lost,Went With Competitor,$421.71,2026-08-05 02:48:56.189327
LD-302923,04/15/2026 19:08,Paid Search,Competitive Exam Prep,West Region,Rep_03,4.82,Contacted,Open,,,
LD-302924,03/18/2025 08:48,Webinar,K-12 Math,South Region,Rep_07,16.86,Negotiation,Lost,Price Objection,475.9,2025-05-06 15:48:54.972038
LD-302925,04-Mar-2025 14:20,paid search,K12 Math,East Region,Rep_04,1.59,Lead,Open,,,
LD-302926,02/06/2025 13:45,Paid Search,Language Learning,South Region,Rep_12,2.86,Contacted,Open,,,
LD-302927,02/16/2025 07:11,Organic Search,Competitive Exam Prep,South Region,Rep_12,1.2,Contacted,Open,,,
LD-302928,10-Jun-2026 20:12,Referral,Competitive Exam Prep,East Region,Rep_09,12.72,Contacted,Open,,,
LD-302929,02-May-2026 08:35,Cold Outreach,Competitive Exam Prep,International,Rep_10,5.81,Lead,Open,,,
LD-302930,11/25/2025 13:35,Social Media,Competitive Exam Prep,South Region,Rep_12,0.49,Closed,Won,,1081.55,2026-01-10 15:23:49.419039
LD-302931,09-Jun-2026 17:27,Referral,Coding for Kids,North Region,Rep_11,0.92,Closed,Won,,649.84,2026-07-19 20:41:39.969312
LD-302932,10/11/2025 16:58,Webinar,Language Learning,North Region,Rep_06,1.28,Lead,Open,,,
LD-302933,01/16/2026 17:03,Webinar,Competitive Exam Prep,North Region,Rep_11,1.18,Demo Scheduled,Open,,,
LD-302934,05/16/2025 19:09,Organic Search,Competitive Exam Prep,North Region,Rep_11,0.82,Demo Completed,Lost,Price Objection,"$1,153.21",2025-06-04 08:12:59.754655
LD-302935,02/14/2025 09:26,Webinar,K-12 Math,West Region,Rep_13,4.76,Negotiation,Lost,Went With Competitor,423.65,2025-03-23 16:52:09.536399
LD-302936,06/09/2025 12:59,Webinar,Language Learning,South Region,Rep_02,1.42,Contacted,Open,,,
LD-302937,11-Apr-2025 07:57,Organic Search,Competitive Exam Prep,North Region,Rep_01,3.42,Negotiation,Lost,Went With Competitor,$905.26,2025-06-23 03:45:16.675768
LD-302938,2025-08-17 18:43:00,Partner Channel,Coding for Kids,East Region,Rep_14,0.65,Contacted,Open,,,
LD-302939,2026-06-27 14:48:00,Partner Channel,Coding for Kids,North Region,Rep_06,8.55,Contacted,Open,,,
LD-302940,2025-06-20 12:59:00,Referral,K-12 Math,,Rep_04,2.48,Demo Completed,Lost,No Response / Ghosted,574.87,2025-07-18 15:41:34.552797
LD-302941,04-Jun-2025 11:39,Referral,Competitive Exam Prep,North Region,Rep_11,1.61,Closed,Won,,$939.84,2025-07-13 23:49:10.639237
LD-302942,05/10/2026 16:58,Paid Search,Coding for Kids,International,Rep_05,5.62,Demo Completed,Lost,Price Objection,693.94,2026-05-31 19:01:02.469840
LD-302943,2025-09-26 13:48:00,Organic Search,Coding For Kids,South Region,Rep_12,8.54,Negotiation,Lost,Price Objection,675.04,2025-11-17 04:07:02.545173
LD-302944,2025-09-05 10:57:00,Organic search,Coding for Kids,International,Rep_15,7.46,Demo Completed,Lost,Bad Timing,583.58,2025-10-09 23:19:35.161284
LD-302945,2025-08-19 12:40:00,Referral,Language Learning,North Region,Rep_01,3.35,Closed,Won,,310.05,2025-10-05 06:10:58.504881
LD-302946,20-Oct-2025 18:27,Organic Search,K-12 Math,International,Rep_05,0.63,Contacted,Open,,,
LD-302947,2026-04-12 14:07:00,Organic Search,Competitive Exam Prep,South Region,Rep_12,3.37,Contacted,Open,,,
LD-302948,08/18/2025 18:28,Paid Search,Competitive Exam Prep,South Region,Rep_02,1.81,Contacted,Open,,,
LD-302949,2025-03-28 07:02:00,Paid Search,Coding for Kids,West Region,Rep_08,3.19,Contacted,Open,,,
LD-302950,23-Feb-2026 19:49,Cold Outreach,Competitive Exam Prep,South Region,Rep_12,1.85,Contacted,Open,,,
LD-302951,25-Mar-2026 07:33,Social Media,Coding for Kids,North Region,Rep_06,34.28,Lead,Open,,,
LD-302952,11/03/2025 08:29,Organic Search,Coding for Kids,South Region,Rep_02,3.84,Demo Completed,Lost,Price Objection,753.09,2025-12-10 22:29:01.578668
LD-302953,2026-06-15 09:45:00,COLD OUTREACH,Study Abroad Prep,South Region,Rep_12,6.84,Lead,Open,,,
LD-302954,02-May-2025 10:17,Organic Search,Competitive Exam Prep,South Region,Rep_02,2.27,Proposal Sent,Lost,Bad Timing,1124.97,2025-06-03 20:58:36.644075
LD-302955,2026-06-25 14:35:00,Social Media,Language Learning,North Region,Rep_11,3.55,Lead,Open,,,
LD-302956,2025-11-22 11:07:00,Organic Search,Language Learning,South Region,Rep_07,1.24,Closed,Won,,$416.41,2025-12-30 09:12:06.234667
LD-302957,17-Oct-2025 20:53,Referral,Coding for Kids,West Region,Rep_13,8.11,Contacted,Open,,,
LD-302958,2026-06-22 07:03:00,Partner Channel,K-12 Math,South Region,Rep_07,0.89,Closed,Won,,499.92,2026-07-27 21:38:54.162548
LD-302959,16-Jan-2026 08:01,Partner Channel,Language Learning,North Region,Rep_11,1.07,Closed,Won,,374.38,2026-03-06 09:12:58.383231
LD-302960,09/22/2025 09:50,Partner Channel,Language Learning,West Region,Rep_13,8.18,Contacted,Open,,,
LD-302961,15-Aug-2025 14:41,Cold Outreach,K-12 Math,North Region,Rep_01,1.73,Lead,Open,,,
LD-302962,12/15/2025 07:13,Webinar,K-12 Math,International,Rep_10,2.84,Contacted,Open,,,
LD-302963,22-Mar-2025 07:25,Webinar,Competitive Exam Prep,International,Rep_10,5.77,Contacted,Open,,,
LD-302964,08/07/2025 08:39,Paid Search,Competitive Exam Prep,North Region,Rep_06,7.92,Proposal Sent,Lost,No Response / Ghosted,1133.77,2025-09-04 20:03:18.389224
LD-302965,20-May-2025 17:50,Paid Search,Coding for Kids,,Rep_05,3.71,Lead,Open,,,
LD-302966,2025-10-10 09:17:00,Social Media,K-12 Math,North Region,Rep_06,2.88,Contacted,Open,,,
LD-302967,02/25/2026 08:58,Cold Outreach,Language Learning,,Rep_03,3.33,Demo Completed,Lost,No Response / Ghosted,399.9,2026-04-09 00:40:05.327692
LD-302968,2025-01-24 16:38:00,Social Media,Study Abroad Prep,South Region,Rep_12,5.83,Contacted,Open,,,
LD-302969,06/18/2025 10:03,Cold-Outreach,K-12 Math,International,Rep_15,0.49,Proposal Sent,Lost,Budget Not Approved,482.95,2025-07-22 03:49:46.837582
LD-302970,05/13/2026 19:37,Cold Outreach,Competitive Exam Prep,South Region,Rep_12,1.46,Contacted,Open,,,
LD-302971,2025-01-23 11:34:00,paid search,Coding for Kids,South Region,Rep_07,0.66,Demo Completed,Lost,No Response / Ghosted,568.79,2025-02-26 05:49:07.893482
LD-302972,2026-06-07 18:57:00,Referral,Language Learning,South Region,Rep_12,2.58,Contacted,Open,,,
LD-302973,05/22/2026 08:51,Referral,Language Learning,West Region,Rep_03,0.54,Contacted,Open,,,
LD-302974,27-Mar-2026 13:51,Organic Search,Study Abroad Prep,North Region,Rep_06,1.15,Lead,Open,,,
LD-302975,09/26/2025 08:47,Organic search,Study Abroad Prep,East Region,Rep_14,3.52,Lead,Open,,,
LD-302976,11-Jun-2025 12:32,Paid Search,Competitive Exam Prep,International,Rep_05,5.81,Lead,Open,,,
LD-302977,17-Jan-2025 15:29,Webinar,Coding for Kids,North Region,Rep_06,6.89,Negotiation,Lost,No Response / Ghosted,712.72,2025-03-03 06:32:07.373119
LD-302978,06-Aug-2025 08:57,Organic Search,Competitive Exam Prep,North Region,Rep_11,12.28,Contacted,Open,,,
LD-302979,02-Jan-2026 17:45,Cold Outreach,K-12 Math,South Region,Rep_07,12.7,Proposal Sent,Lost,Budget Not Approved,571.06,2026-02-08 23:52:59.349416
LD-302980,22-Sep-2025 16:07,Paid Search,Language Learning,West Region,Rep_03,4.47,Contacted,Open,,,
LD-302981,2025-06-11 11:07:00,Organic Search,Competitive Exam Prep,North Region,Rep_11,2.16,Lead,Open,,,
LD-302982,2025-10-08 10:29:00,Webinar,K-12 Math,West Region,Rep_08,2.15,Closed,Won,,474.86,2025-11-28 14:17:09.205832
LD-302983,02-May-2025 08:09,Webinar,Coding for Kids,North Region,Rep_11,1.89,Negotiation,Lost,Bad Timing,$533.66,2025-06-19 19:09:43.964835
LD-302984,14-Mar-2025 17:01,Webinar,K-12 Math,South Region,Rep_07,6.91,Demo Completed,Lost,Went With Competitor,576.31,2025-04-11 10:33:53.901675
LD-302985,16-Apr-2025 10:15,PPC,Language Learning,West Region,Rep_03,2.77,Contacted,Open,,,
LD-302986,2025-08-15 13:31:00,Social Media,Coding for Kids,South Region,Rep_02,4.83,Demo Completed,Lost,Went With Competitor,$664.88,2025-09-14 12:52:38.701390
LD-302987,2026-02-13 07:03:00,Organic Search,Coding for Kids,East Region,Rep_09,10.41,Contacted,Open,,,
LD-302988,2026-05-31 07:21:00,Social Media,Language Learning,West Region,Rep_03,1.65,Contacted,Open,,,
LD-302989,22-Sep-2025 16:27,Referral,K-12 Math,West Region,Rep_13,5.34,Closed,Won,,551.99,2025-11-04 10:51:43.109911
LD-302990,2025-04-27 16:17:00,Organic Search,Coding for Kids,South Region,Rep_12,2.02,Contacted,Open,,,
LD-302991,03-Apr-2026 07:46,organic search,K-12 Math,,Rep_01,1.72,Contacted,Open,,,
LD-302992,2026-06-16 07:49:00,Organic Search,K-12 Math,East Region,Rep_04,2.01,Contacted,Open,,,
LD-302993,05/23/2025 09:45,Partner Channel,Language Learning,West Region,Rep_03,8.95,Demo Completed,Lost,Went With Competitor,393.71,2025-07-04 23:20:07.198426
LD-302994,05-Feb-2026 12:35,Organic Search,K12 Math,West Region,Rep_13,4.58,Contacted,Open,,,
LD-302995,2025-03-26 07:03:00,Social Media,Competitive Exam Prep,North Region,Rep_01,2.8,Demo Scheduled,Open,,,
LD-302996,03-Feb-2025 11:05,Referral,Coding for Kids,International,Rep_10,2.69,Closed,Won,,767.67,2025-03-08 07:17:13.130825
LD-302997,02/04/2025 18:27,Social Media,Competitive Exam Prep,South Region,Rep_02,1.16,Closed,Won,,984.53,2025-03-20 14:39:29.793023
LD-302998,06/01/2026 13:47,Organic Search,Study Abroad Prep,South Region,Rep_07,7.76,Contacted,Open,,,
LD-302999,03/08/2025 17:34,Webinar,Study Abroad Prep,North Region,Rep_06,1.47,Contacted,Open,,,
LD-303000,08/28/2025 15:30,Organic Search,Competitive Exam Prep,International,Rep_15,1.1,Negotiation,Lost,Bad Timing,1108.89,2025-10-09 08:21:20.925436
LD-303001,2025-11-05 20:01:00,Organic Search,Study Abroad Prep,North Region,Rep_01,3.05,Lead,Open,,,
LD-303002,02-Jun-2026 14:04,Organic Search,Competitive Exam Prep,,Rep_02,0.7,Closed,Won,,1078.88,2026-07-24 13:55:06.577507
LD-303003,2026-02-24 07:52:00,Organic Search,coding for kids,International,Rep_10,0.63,Contacted,Open,,,
LD-303004,26-Sep-2025 13:37,Paid Search,Competitive Exam Prep,International,Rep_10,1.05,Contacted,Open,,,
LD-303005,2026-04-01 12:21:00,Social,Competitive Exam Prep,,Rep_12,6.87,Lead,Open,,,
LD-303006,18-May-2025 10:23,Social Media,Study Abroad Prep,South Region,Rep_02,5.87,Lead,Open,,,
LD-303007,26-May-2025 11:40,Paid Search,Competitive Exam Prep,South Region,Rep_12,3.44,Contacted,Open,,,
LD-303008,2025-01-15 09:39:00,Paid Search,Coding for Kids,International,Rep_15,9.6,Contacted,Open,,,
LD-303009,06/20/2026 10:43,Organic Search,K-12 Math,West Region,Rep_13,3.92,Contacted,Open,,,
LD-303010,01-Dec-2025 14:38,cold outreach,Language Learning,South Region,Rep_07,1.84,Contacted,Open,,,
LD-303011,2025-02-04 10:53:00,Paid Search,Language Learning,North Region,Rep_01,3.16,Demo Completed,Lost,Price Objection,308.05,2025-03-11 01:17:16.612080
LD-303012,05/22/2025 08:21,Paid Search,Coding for Kids,North Region,Rep_06,16.72,Contacted,Open,,,
LD-303013,2026-05-15 09:26:00,Paid Search,Competitive Exam Prep,South Region,Rep_07,3.63,Contacted,Open,,,
LD-303014,2025-06-03 19:02:00,Paid Search,K-12 Math,West Region,Rep_03,4.99,Lead,Open,,,
LD-303015,2025-01-24 17:11:00,Organic Search,K-12 Math,International,Rep_15,2.11,Closed,Won,,$561.37,2025-03-02 22:29:17.522817
LD-303016,06/18/2026 20:38,Webinar,Coding for Kids,North Region,Rep_06,5.16,Contacted,Open,,,
LD-303017,2025-04-28 19:46:00,Organic Search,Coding for Kids,East Region,Rep_14,5.94,Proposal Sent,Lost,No Response / Ghosted,682.36,2025-06-06 19:50:48.108781
LD-303018,08-May-2026 07:01,Organic Search,Coding for Kids,South Region,Rep_12,0.87,Closed,Won,,738.17,2026-06-11 05:50:42.989168
LD-303019,2026-06-11 08:12:00,Webinar,K-12 Math,West Region,Rep_08,1.31,Closed,Won,,559.6,2026-08-02 13:09:44.448136
LD-303020,26-Jun-2026 19:41,Paid Search,Language Learning,West Region,Rep_03,7.13,Negotiation,Lost,Bad Timing,$421.26,2026-08-07 00:03:33.896932
LD-303021,19-Sep-2025 19:31,Organic search,Study Abroad Prep,South Region,Rep_07,3.77,Contacted,Open,,,
LD-303022,2025-09-22 13:48:00,Social Media,Competitive Exam Prep,West Region,Rep_13,0.54,Lead,Open,,,
LD-303023,26-Jun-2026 16:45,Organic Search,Competitive Exam Prep,,Rep_11,1.69,Proposal Sent,Lost,Budget Not Approved,1077.2,2026-08-08 14:26:37.426682
LD-303024,2026-02-06 12:26:00,Organic Search,Coding for Kids,South Region,Rep_12,0.47,Negotiation,Lost,Bad Timing,609.09,2026-03-27 19:43:13.776047
LD-303025,07/11/2025 18:59,SOCIAL MEDIA,Competitive Exam Prep,East Region,Rep_09,5.67,Lead,Open,,,
LD-303026,29-Sep-2025 09:40,Cold Outreach,Language Learning,West Region,Rep_08,3.89,Contacted,Open,,,
LD-303027,01/05/2026 07:16,Organic Search,K-12 Math,South Region,Rep_02,4.07,Demo Scheduled,Open,,,
LD-303028,2025-05-07 11:24:00,Referral,K-12 Math,South Region,Rep_02,9.49,Lead,Open,,,
LD-303029,2025-03-21 12:49:00,Paid Search,Competitive Exam Prep,International,Rep_05,1.98,Lead,Open,,,
LD-303030,2025-02-07 17:24:00,Cold Outreach,K-12 Math,South Region,Rep_07,2.05,Contacted,Open,,,
LD-303031,2025-05-28 16:43:00,Referral,Language Learning,North Region,Rep_01,4.42,Demo Scheduled,Open,,,
LD-303032,04/10/2026 12:53,Partner Channel,Competitive Exam Prep,South Region,Rep_12,0.79,Contacted,Open,,,
LD-303033,04/07/2026 15:50,Webinar,Coding for Kids,,Rep_12,1.14,Demo Scheduled,Open,,,
LD-303034,11/07/2025 20:40,Social Media,CODING FOR KIDS,East Region,Rep_04,1.71,Contacted,Open,,,
LD-303035,19-Mar-2025 18:24,Organic Search,K-12 Math,West Region,Rep_03,11.52,Negotiation,Lost,No Response / Ghosted,$529.42,2025-05-07 01:46:33.361699
LD-303036,26-Jul-2025 13:27,Cold Outreach,Coding for Kids,West Region,Rep_03,1.89,Lead,Open,,,
LD-303037,06/05/2026 13:26,Referral,K-12 Math,South Region,Rep_07,1.36,Negotiation,Lost,Price Objection,482.09,2026-07-24 09:52:22.036288
LD-303038,2025-03-18 16:12:00,Referral,Language Learning,West Region,Rep_13,1.23,Demo Completed,Lost,Bad Timing,353.42,2025-04-06 21:05:15.381130
LD-303039,06/13/2025 18:57,Organic Search,K-12 Math,East Region,Rep_14,1.71,Contacted,Open,,,
LD-303040,08/24/2025 09:47,Social Media,Competitive Exam Prep,East Region,Rep_09,3.1,Contacted,Open,,,
LD-303041,07/14/2025 20:37,Organic Search,Language Learning,North Region,Rep_01,3.27,Contacted,Open,,,
LD-303042,04-Aug-2025 07:40,Social Media,Language Learning,East Region,Rep_04,2.43,Proposal Sent,Lost,Budget Not Approved,$299.98,2025-09-11 12:13:32.013048
LD-303043,28-Mar-2025 16:07,Social Media,Language Learning,West Region,Rep_13,2.96,Contacted,Open,,,
LD-303044,2025-06-20 08:22:00,Paid Search,K-12 Math,North Region,Rep_01,9.73,Contacted,Open,,,
LD-303045,07/13/2025 07:04,Organic Search,Competitive Exam Prep,West Region,Rep_08,2.08,Contacted,Open,,,
LD-303046,2025-08-19 19:58:00,Organic Search,Competitive Exam Prep,South Region,Rep_02,15.68,Demo Completed,Lost,Budget Not Approved,912.32,2025-09-13 13:07:46.944593
LD-303047,05-Sep-2025 19:39,Partner Channel,Study Abroad Prep,North Region,Rep_01,3.1,Contacted,Open,,,
LD-303048,05/29/2026 20:21,Webinar,Language Learning,International,Rep_05,1.53,Contacted,Open,,,
LD-303049,27-Jun-2026 17:54,Partner Channel,K-12 Math,North Region,Rep_01,2.56,Closed,Won,,584.25,2026-07-27 14:47:43.991401
LD-303050,2025-04-15 13:59:00,Referral,K-12  Math,East Region,Rep_04,1.5,Contacted,Open,,,
LD-303051,2025-05-02 16:33:00,Paid Search,Language Learning,North Region,Rep_11,2.03,Contacted,Open,,,
LD-303052,2025-11-28 10:05:00,Social Media,K-12 Math,West Region,Rep_13,0.78,Contacted,Open,,,
LD-303053,06/23/2026 09:16,Social Media,K-12 Math,West Region,Rep_08,3.85,Negotiation,Lost,Bad Timing,$535.01,2026-07-30 12:03:19.092902
LD-303054,09/19/2025 12:13,Cold Outreach,Competitive Exam Prep,West Region,Rep_08,4.19,Lead,Open,,,
LD-303055,03/03/2026 17:14,Partner Channel,Coding for Kids,South Region,Rep_02,2.61,Negotiation,Lost,Price Objection,578.6,2026-04-19 12:39:40.567921
LD-303056,22-Oct-2025 11:34,SEO,K-12 Math,West Region,Rep_08,1.3,Closed,Won,,$537.23,2025-12-09 13:36:21.931303
LD-303057,2026-01-13 13:32:00,Social Media,Competitive Exam Prep,South Region,Rep_07,4.67,Contacted,Open,,,
LD-303058,04/25/2025 07:22,Paid Search,Coding for Kids,West Region,Rep_13,3.1,Contacted,Open,,,
LD-303059,2026-04-13 15:21:00,Webinar,K-12 Math,South Region,Rep_12,3.97,Closed,Won,,435.34,2026-05-25 05:03:12.910969
LD-303060,2025-07-25 20:57:00,PPC,Competitive Exam Prep,East Region,Rep_09,0.5,Lead,Open,,,
LD-303061,21-Jan-2026 18:06,Referral,K-12 Math,West Region,Rep_13,4.27,Proposal Sent,Lost,Went With Competitor,433.09,2026-03-09 17:11:27.648948
LD-303062,02-Apr-2026 14:07,Social Media,Competitive Exam Prep,North Region,Rep_01,6.49,Contacted,Open,,,
LD-303063,2026-04-01 10:13:00,Webinar,Study Abroad Prep,West Region,Rep_13,2.67,Proposal Sent,Lost,Price Objection,1353.76,2026-05-15 10:43:44.220336
LD-303064,24-Apr-2026 13:42,Referral,Study Abroad Prep,East Region,Rep_09,5.38,Contacted,Open,,,
LD-303065,2026-01-14 10:52:00,Social Media,coding for kids,West Region,Rep_03,2.16,Contacted,Open,,,
LD-303066,2025-09-13 17:11:00,Paid  Search,K-12 Math,South Region,Rep_02,3.76,Closed,Won,,$566.17,2025-10-14 19:52:23.000022
LD-303067,2025-04-02 09:38:00,Paid Search,Competitive Exam Prep,West Region,Rep_13,3.46,Demo Completed,Lost,Price Objection,874.11,2025-05-05 14:53:59.263409
LD-303068,2026-05-14 18:46:00,Referral,K-12 Math,South Region,Rep_02,1.79,Negotiation,Lost,Price Objection,457.95,2026-06-18 13:12:14.215462
LD-303069,12/28/2025 09:57,Paid Search,Language Learning,North Region,Rep_11,16.51,Closed,Won,,$330.33,2026-02-07 21:47:03.049761
LD-303070,2025-05-23 14:37:00,Social Media,Competitive Exam Prep,North Region,Rep_06,0.39,Lead,Open,,,
LD-303071,13-Jun-2025 18:27,Social Media,Study Abroad Prep,South Region,Rep_02,13.72,Lead,Open,,,
LD-303072,2025-05-09 16:13:00,Social Media,Coding for Kids,South Region,Rep_12,14.29,Demo Scheduled,Open,,,
LD-303073,03/21/2025 20:17,Paid Search,K-12 Math,North Region,Rep_06,4.41,Contacted,Open,,,
LD-303074,10/17/2025 09:19,cold outreach,Study Abroad Prep,North Region,Rep_01,2.56,Lead,Open,,,
LD-303075,05/15/2026 09:38,Referral,K-12 Math,,Rep_06,3.57,Contacted,Open,,,
LD-303076,13-Mar-2026 07:14,Referral,K-12 Math,North Region,Rep_11,10.98,Demo Completed,Lost,Went With Competitor,558.44,2026-04-14 11:38:50.980916
LD-303077,10/17/2025 15:41,Social,CODING FOR KIDS,West Region,Rep_08,-1.9,Contacted,Open,,,
LD-303078,2025-03-28 19:34:00,Paid Search,K12 Math,North Region,Rep_11,2.54,Demo Scheduled,Open,,,
LD-303079,2026-06-07 07:44:00,Social Media,Competitive Exam Prep,South Region,Rep_02,1.88,Proposal Sent,Lost,No Response / Ghosted,974.69,2026-07-18 18:13:06.138589
LD-303080,2026-02-08 14:13:00,Organic Search,Competitive Exam Prep,,Rep_06,3.11,Contacted,Open,,,
LD-303081,18-Mar-2025 11:49,Social Media,Coding for Kids,North Region,Rep_11,10.08,Negotiation,Lost,Bad Timing,705.96,2025-05-12 02:05:35.339859
LD-303082,2025-01-16 18:32:00,Paid Search,K-12 Math,South Region,Rep_07,4.53,Demo Scheduled,Open,,,
LD-303083,06-Jan-2026 18:44,Organic Search,coding for kids,South Region,Rep_02,7.33,Demo Completed,Lost,Bad Timing,627.1,2026-02-02 18:15:37.812747
LD-303084,02/20/2026 18:09,Organic Search,Coding for Kids,International,Rep_15,9.06,Contacted,Open,,,
LD-303085,2025-08-13 18:56:00,Organic Search,Study Abroad Prep,International,Rep_05,0.99,Contacted,Open,,,
LD-303086,03/13/2026 07:17,Cold Outreach,Coding for Kids,West Region,Rep_03,2.26,Contacted,Open,,,
LD-303087,06/08/2026 17:45,Paid Search,Study Abroad Prep,South Region,Rep_02,3.92,Lead,Open,,,
LD-303088,14-Mar-2025 14:31,Social Media,Coding for Kids,South Region,Rep_12,0.33,Lead,Open,,,
LD-303089,04-Jul-2025 17:02,Cold Outreach,K-12 Math,West Region,Rep_08,1.33,Contacted,Open,,,
LD-303090,25-May-2026 13:16,organic search,Study Abroad Prep,North Region,Rep_01,0.27,Negotiation,Lost,Bad Timing,1290.77,2026-07-09 13:51:31.973235
LD-303091,04/10/2025 07:36,Social Media,Study Abroad Prep,North Region,Rep_11,2.9,Negotiation,Lost,Bad Timing,1368.88,2025-06-10 03:34:03.851611
LD-303092,05/03/2025 09:41,Partner Channel,Competitive Exam Prep,South Region,Rep_07,4.69,Contacted,Open,,,
LD-303093,2026-02-27 07:33:00,Paid Search,Coding for Kids,South Region,Rep_12,2.53,Negotiation,Lost,No Response / Ghosted,774.36,2026-04-16 05:11:54.779683
LD-303094,2026-05-02 07:07:00,Partner Channel,Competitive Exam Prep,,Rep_11,2.37,Negotiation,Lost,Budget Not Approved,863.64,2026-06-14 16:27:24.506881
LD-303095,2025-11-28 12:56:00,Paid Search,K-12 Math,East Region,Rep_04,2.08,Contacted,Open,,,
LD-303096,2026-03-26 16:21:00,Social Media,Language Learning,West Region,Rep_08,21.74,Contacted,Open,,,
LD-303097,2025-01-22 09:45:00,Webinar,Coding for Kids,West Region,Rep_08,0.81,Closed,Won,,760.37,2025-03-04 10:46:07.399694
LD-303098,10-Sep-2025 07:51,Paid Search,Language Learning,West Region,Rep_13,1.99,Closed,Won,,$326.33,2025-10-19 09:25:31.736154
LD-303099,16-Jan-2026 16:30,Organic Search,K-12 Math,North Region,Rep_01,7.76,Contacted,Open,,,
LD-303100,2026-04-03 10:55:00,Cold Outreach,Competitive Exam Prep,West Region,Rep_13,1.34,Demo Scheduled,Open,,,
LD-303101,2025-08-09 12:19:00,Webinar,Coding for Kids,South Region,Rep_07,6.99,Contacted,Open,,,
LD-303102,2026-02-16 19:15:00,Partner Channel,Language Learning,International,Rep_10,1.83,Demo Completed,Lost,Price Objection,354.15,2026-03-21 00:05:03.291792
LD-303103,14-May-2026 20:39,Referral,Coding for Kids,South Region,Rep_02,4.03,Closed,Won,,682.02,2026-06-12 17:05:36.962817
LD-303104,14-Mar-2025 20:17,Organic Search,Study Abroad Prep,West Region,Rep_13,3.71,Negotiation,Lost,Budget Not Approved,1230.06,2025-04-27 18:30:06.728332
LD-303105,2025-03-09 17:05:00,Cold Outreach,K-12 Math,North Region,Rep_01,14.17,Lead,Open,,,
LD-303106,2026-06-01 18:51:00,Social Media,Language Learning,North Region,Rep_06,1.18,Lead,Open,,,
LD-303107,2025-08-04 11:37:00,Webinar,K-12 Math,International,Rep_05,3.67,Closed,Won,,$585.78,2025-09-13 15:40:41.333075
LD-303108,2025-03-21 08:55:00,Organic Search,K12 Math,North Region,Rep_11,0.16,Contacted,Open,,,
LD-303109,01/30/2026 07:53,Organic Search,Competitive Exam Prep,North Region,Rep_01,1.75,Closed,Won,,$833.09,2026-03-10 09:38:14.346842
LD-303110,24-Aug-2025 20:25,Paid Search,K-12 Math,East Region,Rep_14,1.56,Lead,Open,,,
LD-303111,05/02/2025 11:44,Organic Search,Study Abroad Prep,North Region,Rep_01,1.2,Contacted,Open,,,
LD-303112,12/10/2025 20:53,Social Media,Coding for Kids,,Rep_04,3.87,Lead,Open,,,
LD-303113,01/29/2025 18:12,Paid Search,Study Abroad Prep,West Region,Rep_08,0.83,Lead,Open,,,
LD-303114,2025-10-31 12:17:00,Referral,Study Abroad Prep,West Region,Rep_13,2.43,Closed,Won,,1236.92,2025-12-02 14:17:09.291188
LD-303115,03/05/2026 20:44,Referral,K-12 Math,,Rep_07,2.36,Contacted,Open,,,
LD-303116,25-Jul-2025 08:37,Organic Search,Competitive Exam Prep,East Region,Rep_04,4.96,Contacted,Open,,,
LD-303117,2025-05-24 09:10:00,Paid Search,Coding for Kids,,Rep_04,4.3,Negotiation,Lost,Bad Timing,$562.82,2025-07-09 00:06:04.855576
LD-303118,2025-11-12 20:25:00,social media,Study Abroad Prep,North Region,Rep_01,3.33,Contacted,Open,,,
LD-303119,04/25/2026 10:08,Webinar,Competitive Exam Prep,East Region,Rep_09,6.27,Closed,Won,,1185.78,2026-05-22 09:12:42.550232
LD-303120,2026-02-04 18:56:00,Organic Search,K-12 Math,International,Rep_15,1.36,Lead,Open,,,
LD-303121,2025-03-18 08:53:00,Referral,K-12 Math,North Region,Rep_01,4.17,Closed,Won,,474.99,2025-04-23 15:21:14.399110
LD-303122,12-Sep-2025 18:08,organic search,Study Abroad Prep,West Region,Rep_08,0.67,Closed,Won,,1361.69,2025-10-11 00:56:21.076418
LD-303123,11-Nov-2025 07:08,paid search,Language Learning,South Region,Rep_12,0.67,Contacted,Open,,,
LD-303124,11/23/2025 17:28,Organic Search,Language Learning,East Region,Rep_09,5.13,Demo Completed,Lost,Bad Timing,$307.51,2025-12-27 22:33:17.323210
LD-303125,2025-01-22 18:01:00,Social Media,Language Learning,South Region,Rep_02,3.18,Negotiation,Lost,Bad Timing,327.21,2025-03-09 02:02:52.547880
LD-303126,06/20/2025 11:43,Organic Search,Language Learning,South Region,Rep_07,1.26,Contacted,Open,,,
LD-303127,12/03/2025 13:01,Referral,Coding for Kids,South Region,Rep_07,4.1,Contacted,Open,,,
LD-303128,02-May-2025 16:14,Referral,K-12 Math,North Region,Rep_06,4.08,Closed,Won,,559.95,2025-06-06 12:05:13.655089
LD-303129,2025-04-15 17:13:00,Paid Search,Coding for Kids,North Region,Rep_06,2.28,Contacted,Open,,,
LD-303130,02-Apr-2026 15:55,Paid Search,Study Abroad Prep,West Region,Rep_13,3.37,Closed,Won,,1428.93,2026-05-08 12:24:52.938823
LD-303131,04/07/2025 19:12,Social,K-12 Math,East Region,Rep_14,2.27,Lead,Open,,,
LD-303132,09/03/2025 10:45,Referral,K-12 Math,North Region,Rep_06,4.33,Contacted,Open,,,
LD-303133,12/05/2025 10:32,cold outreach,Coding for Kids,South Region,Rep_07,3.72,Lead,Open,,,
LD-303134,12/29/2025 14:35,Paid Search,Study Abroad Prep,International,Rep_10,2.52,Contacted,Open,,,
LD-303135,18-May-2025 09:53,Paid Search,K-12 Math,South Region,Rep_12,2.05,Lead,Open,,,
LD-303136,04/30/2026 13:39,Organic Search,K-12 Math,International,Rep_15,1.66,Contacted,Open,,,
LD-303137,02-Jul-2025 17:10,Paid Search,Competitive Exam Prep,North Region,Rep_06,1.94,Contacted,Open,,,
LD-303138,12/06/2025 12:20,Referral,Study Abroad Prep,South Region,Rep_02,1.55,Closed,Won,,"$1,407.39",2026-02-02 18:16:32.975506
LD-303139,2025-04-17 19:12:00,SEO,K-12 Math,North Region,Rep_11,3.08,Contacted,Open,,,
LD-303140,03/08/2025 11:57,Webinar,K-12  Math,East Region,Rep_14,2.07,Contacted,Open,,,
LD-303141,2025-01-12 15:58:00,Organic Search,Competitive Exam Prep,South Region,Rep_02,2.05,Contacted,Open,,,
LD-303142,09-Apr-2025 18:01,Organic Search,K-12  Math,East Region,Rep_04,1.24,Lead,Open,,,
LD-303143,05/05/2026 17:05,Social Media,Competitive Exam Prep,West Region,Rep_13,10.87,Contacted,Open,,,
LD-303144,07-Feb-2025 11:24,Referral,Study Abroad Prep,West Region,Rep_13,3.58,Contacted,Open,,,
LD-303145,11/22/2025 08:21,Social Media,Competitive Exam Prep,South Region,Rep_07,0.73,Lead,Open,,,
LD-303146,2026-04-27 16:12:00,Cold Outreach,Study Abroad Prep,International,Rep_15,3.22,Contacted,Open,,,
LD-303147,01/22/2026 19:53,Organic Search,Coding for Kids,North Region,Rep_11,0.81,Closed,Won,,$566.09,2026-02-19 04:05:33.217420
LD-303148,2025-02-21 08:54:00,Referral,Competitive Exam Prep,West Region,Rep_03,2.39,Closed,Won,,857.98,2025-04-09 04:20:26.746842
LD-303149,2025-04-02 10:12:00,Paid  Search,Competitive Exam Prep,North Region,Rep_11,7.16,Contacted,Open,,,
LD-303150,2025-09-22 16:57:00,Referral,Coding for Kids,South Region,Rep_02,1.06,Lead,Open,,,
LD-303151,2025-09-23 10:41:00,Organic Search,K-12 Math,South Region,Rep_07,1.97,Contacted,Open,,,
LD-303152,12/24/2025 17:53,Social Media,Language Learning,North Region,Rep_01,4.33,Negotiation,Lost,Price Objection,385.41,2026-01-28 23:41:45.655366
LD-303153,06/05/2026 09:32,SEO,Coding for Kids,West Region,Rep_03,1.48,Demo Completed,Lost,No Response / Ghosted,565.92,2026-07-12 14:17:33.379528
LD-303154,2025-05-16 16:16:00,Organic Search,K-12 Math,West Region,Rep_13,0.7,Contacted,Open,,,
LD-303155,26-Mar-2026 16:33,Social Media,K-12 Math,,Rep_08,1.13,Contacted,Open,,,
LD-303156,09-Mar-2026 15:42,organic search,Coding for Kids,West Region,Rep_13,7.0,Contacted,Open,,,
LD-303157,11-Nov-2025 09:42,Paid Search,Competitive Exam Prep,South Region,Rep_12,18.43,Contacted,Open,,,
LD-303158,20-Nov-2025 18:09,Social,CODING FOR KIDS,West Region,Rep_08,2.38,Closed,Won,,648.07,2026-01-03 10:03:22.990707
LD-303159,2025-02-22 19:25:00,Paid Search,Coding for Kids,East Region,Rep_09,-2.71,Lead,Open,,,
LD-303160,05/04/2026 18:36,Social Media,K-12 Math,East Region,Rep_04,11.39,Contacted,Open,,,
LD-303161,2026-05-24 18:21:00,Social Media,Coding for Kids,South Region,Rep_02,6.99,Contacted,Open,,,
LD-303162,08/13/2025 17:48,Social,coding for kids,North Region,Rep_01,5.17,Demo Completed,Lost,Price Objection,$534.76,2025-09-10 04:00:34.846556
LD-303163,17-Feb-2026 10:10,Social Media,Study Abroad Prep,,Rep_12,4.3,Proposal Sent,Lost,No Response / Ghosted,1352.61,2026-03-17 18:30:17.958981
LD-303164,2026-06-25 09:50:00,Referral,Language Learning,South Region,Rep_07,3.76,Negotiation,Lost,Budget Not Approved,$322.46,2026-08-15 17:34:16.616987
LD-303165,12/21/2025 13:14,Organic Search,K-12 Math,West Region,Rep_13,1.9,Demo Completed,Lost,No Response / Ghosted,591.96,2026-01-19 11:56:11.955997
LD-303166,2026-03-06 10:59:00,Paid Search,Coding for Kids,South Region,Rep_12,4.09,Lead,Open,,,
LD-303167,04/01/2025 10:45,Referral,CODING FOR KIDS,North Region,Rep_01,10.72,Contacted,Open,,,
LD-303168,28-May-2026 07:02,Partner Channel,K-12 Math,East Region,Rep_04,3.29,Negotiation,Lost,Bad Timing,472.67,2026-07-21 13:35:02.252534
LD-303169,09-Apr-2026 20:29,Paid Search,Coding for Kids,West Region,Rep_03,6.32,Contacted,Open,,,
LD-303170,2025-03-24 17:35:00,Webinar,Study Abroad Prep,,Rep_15,0.61,Contacted,Open,,,
LD-303171,12/31/2025 07:10,Partner Channel,Competitive Exam Prep,International,Rep_05,2.63,Lead,Open,,,
LD-303172,07/25/2025 09:17,Organic Search,Language Learning,North Region,Rep_06,1.21,Lead,Open,,,
LD-303173,21-May-2025 16:02,Paid Search,Coding for Kids,North Region,Rep_11,7.63,Closed,Won,,646.48,2025-06-25 13:12:16.780977
LD-303174,05/25/2026 13:44,Organic Search,Coding for Kids,North Region,Rep_11,5.66,Closed,Won,,706.4,2026-07-07 05:51:16.012236
LD-303175,11-Sep-2025 12:28,Webinar,Competitive Exam Prep,West Region,Rep_08,1.01,Closed,Won,,1088.33,2025-10-24 06:17:25.658623
LD-303176,03/25/2025 20:34,Paid Search,Coding for Kids,South Region,Rep_02,6.75,Negotiation,Lost,Price Objection,570.85,2025-05-15 11:28:55.306907
LD-303177,23-Jan-2026 15:38,Paid Search,Language Learning,West Region,Rep_13,23.74,Contacted,Open,,,
LD-303178,12-Sep-2025 13:39,Organic Search,Competitive Exam Prep,South Region,Rep_12,1.81,Contacted,Open,,,
LD-303179,2025-07-01 13:33:00,Organic Search,Coding For Kids,International,Rep_10,3.74,Lead,Open,,,
LD-303180,03/06/2026 19:44,Social Media,Study Abroad Prep,,Rep_12,2.99,Closed,Won,,"$1,237.90",2026-04-23 22:59:50.316776
LD-303181,2026-04-21 14:49:00,Partner Channel,K-12 Math,West Region,Rep_03,2.49,Contacted,Open,,,
LD-303182,2025-06-13 09:36:00,Paid Search,Language Learning,South Region,Rep_07,1.42,Contacted,Open,,,
LD-303183,16-Sep-2025 10:22,Social Media,Coding for Kids,East Region,Rep_09,9.4,Contacted,Open,,,
LD-303184,01/26/2026 16:46,Organic Search,K12 Math,West Region,Rep_13,2.14,Proposal Sent,Lost,Price Objection,424.5,2026-03-04 17:54:01.064357
LD-303185,09-Jul-2025 14:25,Organic Search,Language Learning,West Region,Rep_03,1.9,Contacted,Open,,,
LD-303186,01-Jan-2026 14:18,Cold-Outreach,Coding for Kids,International,Rep_10,3.59,Lead,Open,,,
LD-303187,2025-06-27 14:34:00,Organic Search,Competitive Exam Prep,West Region,Rep_08,3.14,Closed,Won,,887.77,2025-08-18 15:22:16.282587
LD-303188,19-Dec-2025 18:41,Organic Search,Coding for Kids,East Region,Rep_09,6.39,Closed,Won,,757.97,2026-01-22 10:52:04.597064
LD-303189,07-Dec-2025 15:21,Social Media,coding for kids,South Region,Rep_07,0.89,Proposal Sent,Lost,Bad Timing,528.76,2026-01-11 04:31:40.077982
LD-303190,27-May-2026 09:02,Organic Search,Language Learning,North Region,Rep_06,2.6,Contacted,Open,,,
LD-303191,04/15/2025 13:52,Social Media,Competitive Exam Prep,East Region,Rep_09,2.19,Contacted,Open,,,
LD-303192,04/30/2025 09:32,Cold Outreach,Competitive Exam Prep,International,Rep_15,8.85,Lead,Open,,,
LD-303193,2025-02-17 11:10:00,Referral,Coding for Kids,East Region,Rep_04,2.36,Negotiation,Lost,Bad Timing,542.15,2025-03-28 17:28:13.384183
LD-303194,22-Aug-2025 11:11,Paid Search,Coding for Kids,North Region,Rep_11,1.8,Contacted,Open,,,
LD-303195,03/28/2026 18:19,Organic Search,K-12 Math,North Region,Rep_01,0.43,Negotiation,Lost,Bad Timing,512.76,2026-04-29 10:35:03.867095
LD-303196,2026-04-17 08:05:00,COLD OUTREACH,Language Learning,West Region,Rep_08,18.32,Lead,Open,,,
LD-303197,02/25/2025 16:15,Partner Channel,Coding for Kids,South Region,Rep_12,7.2,Contacted,Open,,,
LD-303198,2025-01-28 20:50:00,Cold Outreach,Coding for Kids,South Region,Rep_07,3.68,Contacted,Open,,,
LD-303199,2025-07-17 10:14:00,Paid Search,Language Learning,North Region,Rep_11,7.08,Demo Completed,Lost,Price Objection,343.8,2025-08-22 17:11:48.130000
LD-303200,04/09/2026 12:26,Social Media,Competitive Exam Prep,East Region,Rep_14,2.0,Contacted,Open,,,
LD-303201,06/18/2025 11:39,Partner Channel,Coding for Kids,South Region,Rep_12,1.25,Closed,Won,,589.91,2025-07-22 05:25:52.795654
LD-303202,07/29/2025 12:26,Webinar,K-12 Math,South Region,Rep_12,0.69,Closed,Won,,423.41,2025-09-09 17:44:44.189704
LD-303203,08/08/2025 19:30,Referral,Study Abroad Prep,South Region,Rep_02,1.96,Closed,Won,,1225.87,2025-10-08 07:56:35.014285
LD-303204,2025-03-01 14:10:00,Organic search,Language Learning,South Region,Rep_02,8.83,Contacted,Open,,,
LD-303205,07/15/2025 14:48,Webinar,K-12 Math,West Region,Rep_13,2.99,Contacted,Open,,,
LD-303206,25-Oct-2025 14:35,Cold Outreach,Competitive Exam Prep,East Region,Rep_09,1.42,Contacted,Open,,,
LD-303207,04/29/2026 12:39,Organic Search,Coding for Kids,West Region,Rep_03,4.65,Contacted,Open,,,
LD-303208,10/28/2025 07:12,Organic Search,Language Learning,International,Rep_05,4.49,Demo Completed,Lost,Bad Timing,363.04,2025-12-07 20:34:29.202154
LD-303209,2025-02-28 20:06:00,Organic Search,K-12 Math,International,Rep_15,2.31,Contacted,Open,,,
LD-303210,2025-09-23 16:43:00,Organic Search,Language Learning,,Rep_11,8.89,Demo Completed,Lost,Went With Competitor,315.15,2025-10-21 07:04:15.814953
LD-303211,05/25/2025 18:50,Paid Search,Study Abroad Prep,North Region,Rep_01,3.89,Contacted,Open,,,
LD-303212,23-Apr-2026 15:27,Organic Search,Study Abroad Prep,West Region,Rep_13,1.99,Lead,Open,,,
LD-303213,06-Feb-2026 17:40,Organic Search,K-12 Math,South Region,Rep_02,8.05,Demo Completed,Lost,Price Objection,563.69,2026-03-12 03:25:23.319038
LD-303214,02-Mar-2026 19:58,Paid Search,Competitive Exam Prep,West Region,Rep_08,0.68,Closed,Won,,876.52,2026-04-10 14:27:31.889729
LD-303215,11-Feb-2026 17:19,Partner Channel,Competitive Exam Prep,North Region,Rep_01,2.24,Closed,Won,,868.8,2026-03-11 17:08:17.192219
LD-303216,02/02/2026 09:16,Paid Search,K-12 Math,West Region,Rep_03,2.79,Demo Scheduled,Open,,,
LD-303217,16-Mar-2026 11:25,Organic Search,K-12 Math,North Region,Rep_11,8.39,Contacted,Open,,,
LD-303218,04/24/2026 17:01,PPC,Study Abroad Prep,South Region,Rep_12,8.63,Lead,Open,,,
LD-303219,25-Sep-2025 11:59,Paid Search,Competitive Exam Prep,International,Rep_05,6.77,Demo Completed,Lost,Bad Timing,862.24,2025-11-01 03:50:17.565266
LD-303220,01-Oct-2025 19:20,Social Media,Coding for Kids,North Region,Rep_01,1.05,Contacted,Open,,,
LD-303221,06/03/2026 15:28,Webinar,Study Abroad Prep,South Region,Rep_02,1.72,Closed,Won,,"$1,462.15",2026-07-16 07:54:00.653245
LD-303222,06/18/2026 11:47,Partner Channel,K-12 Math,East Region,Rep_09,12.68,Contacted,Open,,,
LD-303223,2026-01-27 07:50:00,Social Media,Competitive Exam Prep,West Region,Rep_08,3.99,Contacted,Open,,,
LD-303224,09/10/2025 17:43,Webinar,K-12 Math,,Rep_06,5.78,Demo Scheduled,Open,,,
LD-303225,01/16/2026 17:27,Organic Search,K-12 Math,North Region,Rep_06,3.45,Contacted,Open,,,
LD-303226,2026-03-16 18:56:00,Paid Search,Coding for Kids,International,Rep_15,2.27,Contacted,Open,,,
LD-303227,05/22/2025 16:00,Partner Channel,K-12 Math,East Region,Rep_14,2.53,Contacted,Open,,,
LD-303228,2025-11-24 18:10:00,Social Media,Language Learning,South Region,Rep_12,1.15,Negotiation,Lost,Price Objection,382.28,2026-01-11 16:43:52.015328
LD-303229,10-Apr-2025 12:48,Organic Search,Competitive Exam Prep,International,Rep_05,3.55,Negotiation,Lost,Went With Competitor,1085.33,2025-06-07 13:06:05.237376
LD-303230,06/12/2026 15:29,Organic Search,Coding for Kids,West Region,Rep_03,2.18,Contacted,Open,,,
LD-303231,01/05/2026 09:09,Paid Search,K-12 Math,International,Rep_05,6.89,Contacted,Open,,,
LD-303232,2025-05-16 07:20:00,organic search,k-12 math,,Rep_11,0.32,Contacted,Open,,,
LD-303233,02/26/2025 14:51,Paid Search,Coding for Kids,South Region,Rep_07,1.85,Contacted,Open,,,
LD-303234,2025-06-09 16:57:00,Partner Channel,Study Abroad Prep,North Region,Rep_06,1.16,Contacted,Open,,,
LD-303235,06/05/2025 07:50,Organic Search,Competitive Exam Prep,North Region,Rep_11,2.38,Contacted,Open,,,
LD-303236,27-Mar-2025 13:33,COLD OUTREACH,CODING FOR KIDS,,Rep_14,2.43,Lead,Open,,,
LD-303237,03/10/2025 15:44,Referral,Study Abroad Prep,East Region,Rep_04,1.11,Negotiation,Lost,Price Objection,1742.06,2025-04-29 01:50:23.412803
LD-303238,13-Jun-2025 20:50,organic search,K-12 Math,North Region,Rep_06,5.45,Lead,Open,,,
LD-303239,28-Apr-2025 15:39,Cold Outreach,Coding for Kids,West Region,Rep_08,5.37,Lead,Open,,,
LD-303240,01/27/2026 20:54,Paid Search,Language Learning,North Region,Rep_11,5.65,Lead,Open,,,
LD-303241,05/22/2025 20:31,Organic Search,Language Learning,West Region,Rep_13,3.86,Contacted,Open,,,
LD-303242,06/05/2026 19:31,Organic Search,Language Learning,South Region,Rep_12,2.67,Closed,Won,,389.75,2026-07-05 13:04:34.737521
LD-303243,2026-05-01 07:57:00,Paid Search,Language Learning,West Region,Rep_13,6.39,Demo Completed,Lost,Price Objection,355.95,2026-05-24 12:50:19.684082
LD-303244,2025-10-31 10:50:00,Partner Channel,Competitive Exam Prep,West Region,Rep_08,2.07,Lead,Open,,,
LD-303245,2025-12-04 08:16:00,Partner Channel,K-12 Math,South Region,Rep_07,2.04,Negotiation,Lost,Went With Competitor,484.2,2026-01-26 07:49:08.858030
LD-303246,04/30/2025 16:10,Organic Search,k-12 math,West Region,Rep_13,8.87,Closed,Won,,$411.43,2025-05-31 19:09:26.714180
LD-303247,13-Mar-2025 20:00,Organic Search,Coding for Kids,South Region,Rep_02,5.89,Contacted,Open,,,
LD-303248,2026-06-11 17:08:00,Cold Outreach,Study Abroad Prep,International,Rep_15,0.56,Proposal Sent,Lost,Price Objection,1365.31,2026-07-20 22:47:23.054838
LD-303249,06-May-2025 07:07,Social Media,K-12 Math,South Region,Rep_02,1.96,Lead,Open,,,
LD-303250,02/17/2026 20:53,Organic Search,Language Learning,,Rep_07,3.16,Contacted,Open,,,
LD-303251,2025-09-04 09:13:00,organic search,Competitive Exam Prep,East Region,Rep_04,2.27,Lead,Open,,,
LD-303252,2026-03-23 12:42:00,Cold Outreach,Coding For Kids,West Region,Rep_13,1.45,Demo Scheduled,Open,,,
LD-303253,14-Feb-2025 14:32,Referral,Language Learning,South Region,Rep_12,2.64,Demo Completed,Lost,Went With Competitor,410.52,2025-03-23 11:12:41.278644
LD-303254,04/02/2026 20:04,Referral,Language Learning,South Region,Rep_07,7.74,Contacted,Open,,,
LD-303255,13-Nov-2025 15:52,Referral,Coding for Kids,North Region,Rep_06,4.72,Contacted,Open,,,
LD-303256,06-Feb-2026 07:16,cold outreach,Language Learning,West Region,Rep_03,7.69,Demo Scheduled,Open,,,
LD-303257,05-May-2025 09:39,Social Media,Study Abroad Prep,North Region,Rep_06,5.06,Contacted,Open,,,
LD-303258,06-Apr-2026 20:00,Webinar,Study Abroad Prep,International,Rep_15,0.11,Negotiation,Lost,Price Objection,1533.7,2026-05-23 04:26:18.828030
LD-303259,04/11/2025 09:50,Social Media,Language Learning,South Region,Rep_07,16.89,Demo Completed,Lost,No Response / Ghosted,349.1,2025-05-16 02:58:14.513665
LD-303260,04-Feb-2026 07:50,Organic Search,Competitive Exam Prep,West Region,Rep_13,1.27,Contacted,Open,,,
LD-303261,05/15/2026 16:58,Organic Search,K12 Math,,Rep_07,0.42,Contacted,Open,,,
LD-303262,2025-06-19 13:07:00,Paid Search,Coding for Kids,North Region,Rep_11,3.47,Demo Completed,Lost,Price Objection,730.35,2025-07-25 02:46:05.647601
LD-303263,24-Mar-2026 11:09,Partner Channel,K-12  Math,South Region,Rep_07,1.7,Closed,Won,,554.44,2026-05-08 18:03:51.558896
LD-303264,22-Jul-2025 19:05,Referral,K-12 Math,South Region,Rep_07,2.58,Contacted,Open,,,
LD-303265,09/10/2025 19:33,Referral,k-12 math,International,Rep_15,6.02,Contacted,Open,,,
LD-303266,2025-06-18 10:55:00,Organic Search,Coding for Kids,South Region,Rep_02,3.07,Contacted,Open,,,
LD-303267,09/11/2025 09:26,Organic Search,Coding for Kids,North Region,Rep_06,0.72,Contacted,Open,,,
LD-303268,08/28/2025 15:34,Referral,Competitive Exam Prep,West Region,Rep_08,7.34,Lead,Open,,,
LD-303269,13-Jan-2026 20:51,Organic Search,K12 Math,West Region,Rep_13,1.08,Contacted,Open,,,
LD-303270,2025-04-15 10:13:00,Paid Search,Language Learning,South Region,Rep_07,1.57,Lead,Open,,,
LD-303271,2026-05-15 07:43:00,Paid Search,Language Learning,South Region,Rep_07,2.36,Contacted,Open,,,
LD-303272,05/01/2026 18:33,Paid Search,Competitive Exam Prep,South Region,Rep_02,1.76,Contacted,Open,,,
LD-303273,2026-03-20 10:33:00,Paid Search,Coding for Kids,East Region,Rep_09,4.75,Contacted,Open,,,
LD-303274,2025-04-04 13:44:00,Organic search,Competitive Exam Prep,East Region,Rep_09,5.45,Demo Scheduled,Open,,,
LD-303275,01/05/2026 12:12,Referral,K-12 Math,North Region,Rep_11,0.23,Closed,Won,,$539.01,2026-02-04 20:43:56.779291
LD-303276,01/13/2026 07:35,Social Media,Coding for Kids,West Region,Rep_13,1.76,Contacted,Open,,,
LD-303277,2026-06-15 13:51:00,paid search,K-12 Math,North Region,Rep_11,2.93,Negotiation,Lost,Bad Timing,565.83,2026-08-01 22:32:51.437255
LD-303278,04/21/2025 11:07,Webinar,Language Learning,,Rep_02,3.04,Closed,Won,,411.69,2025-06-08 09:12:17.790891
LD-303279,2025-10-07 11:18:00,Paid Search,Language Learning,West Region,Rep_08,3.77,Contacted,Open,,,
LD-303280,2026-04-04 17:15:00,Cold Outreach,K-12 Math,North Region,Rep_11,5.58,Lead,Open,,,
LD-303281,04/09/2026 11:00,Paid Search,K-12 Math,,Rep_01,6.45,Negotiation,Lost,Price Objection,577.2,2026-05-10 03:55:21.863877
LD-303282,13-Jun-2025 12:50,Paid Search,Language Learning,International,Rep_10,1.26,Contacted,Open,,,
LD-303283,2025-03-04 12:03:00,Paid Search,k-12 math,East Region,Rep_04,0.71,Proposal Sent,Lost,Bad Timing,$560.64,2025-04-18 11:50:20.756749
LD-303284,02/25/2026 10:34,Webinar,Competitive Exam Prep,International,Rep_05,1.51,Negotiation,Lost,Went With Competitor,954.78,2026-04-16 07:57:39.966455
LD-303285,07-Feb-2025 19:51,Partner Channel,Competitive Exam Prep,West Region,Rep_13,4.28,Contacted,Open,,,
LD-303286,22-Jun-2026 14:43,Partner Channel,K-12 Math,North Region,Rep_01,4.29,Contacted,Open,,,
LD-303287,05/23/2025 18:11,Social Media,Competitive Exam Prep,North Region,Rep_11,6.33,Proposal Sent,Lost,Price Objection,904.38,2025-06-18 04:18:22.996652
LD-303288,12/26/2025 12:32,Paid Search,K-12 Math,South Region,Rep_12,1.35,Contacted,Open,,,
LD-303289,21-Dec-2025 10:47,Webinar,Coding for Kids,South Region,Rep_02,1.65,Contacted,Open,,,
LD-303290,12/23/2025 18:50,Cold Outreach,Language Learning,International,Rep_15,1.52,Contacted,Open,,,
LD-303291,24-Oct-2025 20:50,Partner Channel,Competitive Exam Prep,West Region,Rep_03,17.85,Contacted,Open,,,
LD-303292,14-Feb-2025 09:29,Organic Search,Language Learning,West Region,Rep_08,3.09,Closed,Won,,$408.84,2025-03-25 18:34:26.613554
LD-303293,04/17/2026 19:49,Organic Search,Coding for Kids,East Region,Rep_09,1.32,Contacted,Open,,,
LD-303294,25-Apr-2025 09:20,Paid Search,K-12 Math,North Region,Rep_06,16.31,Demo Completed,Lost,Bad Timing,526.33,2025-05-18 04:37:44.861706
LD-303295,06/15/2026 15:37,Paid Search,Language Learning,East Region,Rep_09,5.12,Lead,Open,,,
LD-303296,06/09/2026 13:17,Referral,K-12  Math,South Region,Rep_12,7.07,Closed,Won,,478.83,2026-07-20 21:40:39.315516
LD-303297,2025-05-25 14:26:00,Social Media,Study Abroad Prep,North Region,Rep_06,11.87,Contacted,Open,,,
LD-303298,17-Apr-2026 10:11,Organic Search,Competitive Exam Prep,South Region,Rep_02,0.86,Closed,Won,,1182.57,2026-05-24 10:14:45.021540
LD-303299,2025-06-26 16:28:00,Cold Outreach,Competitive Exam Prep,North Region,Rep_11,6.75,Contacted,Open,,,
LD-303300,2026-01-28 19:57:00,Referral,Competitive Exam Prep,East Region,Rep_09,2.5,Contacted,Open,,,
LD-303301,01/12/2026 13:02,organic search,Study Abroad Prep,South Region,Rep_07,3.45,Negotiation,Lost,Budget Not Approved,"$1,362.74",2026-03-02 10:31:31.221430
LD-303302,08-Aug-2025 14:56,Organic Search,K12 Math,East Region,Rep_04,3.84,Lead,Open,,,
LD-303303,07-Mar-2025 17:00,Social Media,Coding for Kids,North Region,Rep_01,2.59,Lead,Open,,,
LD-303304,06/19/2025 10:23,Referral,Competitive Exam Prep,North Region,Rep_11,14.99,Demo Completed,Lost,Budget Not Approved,932.13,2025-07-11 02:15:17.876394
LD-303305,28-Oct-2025 16:57,Organic Search,Competitive Exam Prep,,Rep_11,13.91,Contacted,Open,,,
LD-303306,24-Apr-2026 08:15,Paid Search,Study Abroad Prep,South Region,Rep_07,19.36,Contacted,Open,,,
LD-303307,03/24/2026 18:59,Referral,Coding for Kids,South Region,Rep_12,2.13,Contacted,Open,,,
LD-303308,08-Nov-2025 12:31,Social Media,Language Learning,North Region,Rep_11,3.1,Proposal Sent,Lost,No Response / Ghosted,356.45,2025-12-30 03:43:21.504865
LD-303309,2025-02-06 07:33:00,Paid Search,Coding for Kids,North Region,Rep_01,2.69,Contacted,Open,,,
LD-303310,06/19/2026 07:20,Social Media,K-12 Math,South Region,Rep_12,5.17,Contacted,Open,,,
LD-303311,01/01/2026 13:03,Referral,K12 Math,East Region,Rep_04,2.87,Contacted,Open,,,
LD-303312,06/07/2025 17:02,Cold Outreach,k-12 math,,Rep_12,2.49,Contacted,Open,,,
LD-303313,07-May-2026 09:03,Paid Search,K-12 Math,South Region,Rep_07,4.31,Negotiation,Lost,No Response / Ghosted,598.58,2026-06-18 17:20:57.443390
LD-303314,2026-01-22 10:41:00,Webinar,Coding for Kids,East Region,Rep_04,4.13,Contacted,Open,,,
LD-303315,05/13/2025 11:06,Partner Channel,Study Abroad Prep,East Region,Rep_14,0.54,Lead,Open,,,
LD-303316,09/01/2025 20:17,Social Media,Competitive Exam Prep,South Region,Rep_07,2.23,Contacted,Open,,,
LD-303317,2026-05-26 20:31:00,Webinar,Competitive Exam Prep,North Region,Rep_06,0.74,Closed,Won,,1057.02,2026-06-27 17:05:41.134631
LD-303318,2025-10-17 08:24:00,SEO,Coding for Kids,West Region,Rep_03,1.38,Lead,Open,,,
LD-303319,11/15/2025 18:11,Cold Outreach,K-12  Math,West Region,Rep_13,3.62,Demo Completed,Lost,Budget Not Approved,482.28,2025-12-08 06:43:35.113031
LD-303320,14-Feb-2025 13:36,Social Media,Competitive Exam Prep,South Region,Rep_02,3.68,Demo Scheduled,Open,,,
LD-303321,26-Jun-2026 19:37,SOCIAL MEDIA,Coding For Kids,West Region,Rep_13,1.89,Contacted,Open,,,
LD-303322,06-Nov-2025 09:19,Paid Search,Coding for Kids,East Region,Rep_14,2.69,Negotiation,Lost,Price Objection,768.81,2025-12-13 07:09:28.109275
LD-303323,12-Aug-2025 19:29,Paid Search,Study Abroad Prep,,Rep_12,3.24,Contacted,Open,,,
LD-303324,2025-09-30 09:09:00,Organic Search,Competitive Exam Prep,North Region,Rep_06,10.1,Demo Scheduled,Open,,,
LD-303325,22-Apr-2026 13:52,Paid Search,K-12 Math,East Region,Rep_09,0.97,Contacted,Open,,,
LD-303326,05/22/2026 20:54,Social Media,Competitive Exam Prep,South Region,Rep_07,3.25,Lead,Open,,,
LD-303327,26-Feb-2026 19:15,Webinar,K-12 Math,North Region,Rep_01,9.74,Demo Scheduled,Open,,,
LD-303328,01-May-2026 20:11,Social Media,Language Learning,West Region,Rep_03,9.36,Contacted,Open,,,
LD-303329,09/05/2025 11:20,Organic Search,CODING FOR KIDS,West Region,Rep_08,2.85,Contacted,Open,,,
LD-303330,25-Jun-2026 11:00,Organic Search,K-12 Math,East Region,Rep_04,1.94,Contacted,Open,,,
LD-303331,08-Jan-2025 08:41,Organic Search,K-12 Math,International,Rep_10,9.17,Contacted,Open,,,
LD-303332,27-Jun-2025 17:46,Organic Search,Study Abroad Prep,West Region,Rep_08,5.95,Closed,Won,,1670.59,2025-08-15 21:46:15.092709
LD-303333,2025-08-24 14:47:00,Webinar,Language Learning,North Region,Rep_11,1.77,Contacted,Open,,,
LD-303334,2025-11-04 17:13:00,Partner Channel,K-12 Math,West Region,Rep_08,5.95,Contacted,Open,,,
LD-303335,24-Jul-2025 09:00,Paid Search,K-12 Math,North Region,Rep_11,1.49,Contacted,Open,,,
LD-303336,02/20/2025 18:54,Organic Search,Coding for Kids,West Region,Rep_08,1.53,Contacted,Open,,,
LD-303337,12/12/2025 19:51,Paid Search,Coding for Kids,,Rep_09,2.33,Demo Completed,Lost,No Response / Ghosted,675.0,2026-01-07 19:14:45.902551
LD-303338,12/09/2025 08:29,paid search,K-12  Math,South Region,Rep_12,8.63,Demo Completed,Lost,Price Objection,472.18,2026-01-13 17:48:01.121104
LD-303339,07/21/2025 17:57,Organic Search,Competitive Exam Prep,South Region,Rep_02,0.78,Contacted,Open,,,
LD-303340,2025-11-07 09:26:00,Referral,Competitive Exam Prep,,Rep_13,1.53,Lead,Open,,,
LD-303341,2026-01-02 12:08:00,Organic Search,Coding for Kids,,Rep_12,5.15,Contacted,Open,,,
LD-303342,18-Jul-2025 08:26,Organic search,Competitive Exam Prep,East Region,Rep_14,1.47,Contacted,Open,,,
LD-303343,2025-11-23 15:41:00,Cold Outreach,Competitive Exam Prep,West Region,Rep_08,4.37,Contacted,Open,,,
LD-303344,06-Sep-2025 17:39,Referral,K-12 Math,East Region,Rep_04,3.77,Negotiation,Lost,No Response / Ghosted,485.12,2025-10-16 10:16:16.444289
LD-303345,22-Oct-2025 17:11,Paid Search,Language Learning,North Region,Rep_01,0.77,Lead,Open,,,
LD-303346,03-Apr-2026 20:07,Referral,Language Learning,South Region,Rep_02,2.49,Closed,Won,,396.45,2026-05-13 00:18:16.613806
LD-303347,01/28/2026 14:26,Referral,K-12 Math,South Region,Rep_02,0.78,Closed,Won,,514.73,2026-03-01 17:13:40.352749
LD-303348,19-Dec-2025 18:58,Paid Search,Coding for Kids,West Region,Rep_08,0.83,Negotiation,Lost,Bad Timing,532.59,2026-02-18 06:03:23.207674
LD-303349,11/18/2025 12:33,Organic Search,K-12 Math,North Region,Rep_11,11.35,Contacted,Open,,,
LD-303350,10/31/2025 14:29,Social Media,Study Abroad Prep,West Region,Rep_08,21.73,Demo Completed,Lost,Bad Timing,1540.57,2025-12-01 09:44:52.103126
LD-303351,22-Oct-2025 17:59,Social,K-12 Math,West Region,Rep_13,0.65,Demo Completed,Lost,Went With Competitor,573.41,2025-11-29 19:05:16.956374
LD-303352,14-Nov-2025 07:54,Referral,Coding for Kids,East Region,Rep_14,52.16,Contacted,Open,,,
LD-303353,22-May-2025 12:01,Webinar,Competitive Exam Prep,South Region,Rep_12,0.84,Contacted,Open,,,
LD-303354,17-Apr-2026 18:25,Partner Channel,Coding for Kids,East Region,Rep_09,6.29,Proposal Sent,Lost,No Response / Ghosted,$671.20,2026-05-22 21:39:02.436113
LD-303355,03/27/2026 08:48,Referral,K-12 Math,South Region,Rep_07,9.54,Closed,Won,,536.4,2026-04-29 07:29:40.416352
LD-303356,2026-06-26 13:01:00,Organic Search,Coding for Kids,South Region,Rep_12,0.48,Closed,Won,,657.91,2026-07-26 18:19:42.278777
LD-303357,2025-10-14 16:36:00,Referral,K-12 Math,West Region,Rep_13,3.97,Closed,Won,,$470.94,2025-11-20 07:28:51.526993
LD-303358,2025-06-27 15:05:00,Paid Search,Study Abroad Prep,North Region,Rep_01,5.8,Contacted,Open,,,
LD-303359,31-Dec-2025 09:58,Organic Search,K-12 Math,South Region,Rep_12,2.6,Contacted,Open,,,
LD-303360,05-Jan-2025 19:01,organic search,Study Abroad Prep,South Region,Rep_12,0.53,Closed,Won,,1428.26,2025-02-12 07:07:22.655118
LD-303361,06-Mar-2026 11:30,SOCIAL MEDIA,Coding for Kids,East Region,Rep_14,1.97,Lead,Open,,,
LD-303362,2026-03-13 19:11:00,Cold Outreach,Coding for Kids,West Region,Rep_03,2.43,Proposal Sent,Lost,Bad Timing,723.2,2026-04-07 16:02:54.622947
LD-303363,05/29/2026 12:21,Referral,Study Abroad Prep,West Region,Rep_13,0.18,Contacted,Open,,,
LD-303364,2026-03-20 12:38:00,Paid Search,Competitive Exam Prep,North Region,Rep_11,8.94,Proposal Sent,Lost,No Response / Ghosted,893.39,2026-04-23 04:01:46.891444
LD-303365,02/09/2026 13:38,Referral,Language Learning,South Region,Rep_12,2.35,Closed,Won,,347.28,2026-03-23 23:27:35.328744
LD-303366,2025-11-28 07:59:00,Referral,K-12 Math,North Region,Rep_06,1.72,Contacted,Open,,,
LD-303367,2025-09-24 10:28:00,Organic Search,Coding for Kids,East Region,Rep_09,4.72,Contacted,Open,,,
LD-303368,11/04/2025 16:08,Paid Search,Coding for Kids,North Region,Rep_01,5.3,Contacted,Open,,,
LD-303369,23-Oct-2025 13:10,Paid Search,K-12 Math,North Region,Rep_06,2.06,Lead,Open,,,
LD-303370,03-Oct-2025 19:18,Paid Search,Coding for Kids,East Region,Rep_09,1.17,Contacted,Open,,,
LD-303371,2025-08-08 19:36:00,Referral,K-12 Math,East Region,Rep_14,14.05,Contacted,Open,,,
LD-303372,2025-11-05 15:28:00,Referral,K-12 Math,International,Rep_05,1.59,Contacted,Open,,,
LD-303373,19-Nov-2025 19:29,Paid Search,Language Learning,North Region,Rep_06,0.93,Lead,Open,,,
LD-303374,03/05/2025 14:38,Webinar,K-12 Math,West Region,Rep_13,1.52,Proposal Sent,Lost,No Response / Ghosted,$471.63,2025-03-31 00:20:27.818015
LD-303375,24-Jun-2026 16:20,Cold Outreach,Coding for Kids,International,Rep_15,0.43,Demo Scheduled,Open,,,
LD-303376,2026-03-06 10:40:00,Social Media,Study Abroad Prep,,Rep_08,1.98,Demo Completed,Lost,Bad Timing,1312.02,2026-04-06 16:33:23.239434
LD-303377,18-May-2025 15:18,Paid Search,Study Abroad Prep,South Region,Rep_02,0.67,Proposal Sent,Lost,Bad Timing,1701.88,2025-07-05 16:27:38.597119
LD-303378,11-Apr-2025 15:33,Social Media,K-12 Math,South Region,Rep_02,1.29,Contacted,Open,,,
LD-303379,2026-06-12 16:11:00,Cold Outreach,Coding for Kids,East Region,Rep_09,6.45,Lead,Open,,,
LD-303380,24-Feb-2025 07:54,Cold Outreach,Competitive Exam Prep,,Rep_11,2.12,Contacted,Open,,,
LD-303381,2025-10-12 11:15:00,Paid Search,coding for kids,West Region,Rep_08,12.61,Contacted,Open,,,
LD-303382,07/11/2025 10:17,Paid Search,Language Learning,North Region,Rep_01,0.55,Contacted,Open,,,
LD-303383,02/13/2026 18:39,Paid Search,Study Abroad Prep,East Region,Rep_09,0.58,Proposal Sent,Lost,Price Objection,1235.78,2026-03-12 18:50:57.179641
LD-303384,01/17/2025 08:37,Social Media,K-12 Math,International,Rep_10,1.39,Lead,Open,,,
LD-303385,2026-05-06 15:26:00,Paid Search,Competitive Exam Prep,South Region,Rep_07,4.55,Contacted,Open,,,
LD-303386,25-Mar-2025 08:27,Organic Search,K-12 Math,North Region,Rep_01,5.96,Closed,Won,,477.93,2025-05-06 06:43:40.120605
LD-303387,12/14/2025 18:54,Organic Search,Competitive Exam Prep,North Region,Rep_11,4.48,Contacted,Open,,,
LD-303388,29-Apr-2026 07:37,Organic search,Competitive Exam Prep,East Region,Rep_09,3.69,Closed,Won,,1027.34,2026-06-10 03:54:46.050122
LD-303389,2025-10-14 13:57:00,Paid Search,Study Abroad Prep,North Region,Rep_01,2.25,Proposal Sent,Lost,Price Objection,"$1,269.71",2025-11-23 08:12:29.966196
LD-303390,11/03/2025 10:00,Paid  Search,CODING FOR KIDS,North Region,Rep_01,5.92,Contacted,Open,,,
LD-303391,03-Oct-2025 10:14,Paid Search,K-12 Math,North Region,Rep_06,3.32,Lead,Open,,,
LD-303392,2025-07-03 14:38:00,Referral,Competitive Exam Prep,West Region,Rep_08,3.67,Closed,Won,,886.49,2025-08-12 22:46:14.877608
LD-303393,2025-09-22 16:23:00,Organic Search,Competitive Exam Prep,International,Rep_10,4.65,Lead,Open,,,
LD-303394,31-Mar-2025 14:02,Paid Search,Language Learning,North Region,Rep_01,5.66,Contacted,Open,,,
LD-303395,02/22/2026 11:20,Social Media,Competitive Exam Prep,,Rep_14,7.78,Contacted,Open,,,
LD-303396,2025-05-23 16:11:00,Social Media,K-12 Math,East Region,Rep_04,6.83,Lead,Open,,,
LD-303397,2026-04-24 15:04:00,Paid Search,Study Abroad Prep,North Region,Rep_11,5.37,Contacted,Open,,,
LD-303398,27-Dec-2025 07:26,Paid Search,Language Learning,,Rep_12,2.8,Contacted,Open,,,
LD-303399,2026-02-02 13:30:00,PPC,Competitive Exam Prep,West Region,Rep_03,2.49,Contacted,Open,,,
LD-303400,22-Aug-2025 11:09,Referral,K-12 Math,North Region,Rep_01,3.82,Closed,Won,,420.32,2025-10-16 09:56:06.537431
LD-303401,2025-12-19 17:57:00,Cold-Outreach,K-12 Math,West Region,Rep_03,1.65,Lead,Open,,,
LD-303402,05/27/2026 08:00,Partner Channel,Competitive Exam Prep,North Region,Rep_11,1.39,Contacted,Open,,,
LD-303403,03-Feb-2025 12:37,Paid Search,Language Learning,South Region,Rep_02,4.84,Proposal Sent,Lost,Price Objection,346.4,2025-02-25 04:49:08.130039
LD-303404,26-Aug-2025 14:04,Cold Outreach,Study Abroad Prep,South Region,Rep_02,4.71,Lead,Open,,,
LD-303405,2025-11-14 07:42:00,Organic Search,Language Learning,,Rep_08,1.15,Closed,Won,,422.04,2025-12-23 05:26:57.108884
LD-303406,12-Sep-2025 14:22,PPC,Coding For Kids,West Region,Rep_13,15.67,Proposal Sent,Lost,Price Objection,720.2,2025-10-19 17:42:39.303099
LD-303407,06/05/2026 09:35,Partner Channel,Competitive Exam Prep,North Region,Rep_01,2.75,Proposal Sent,Lost,Price Objection,981.73,2026-07-11 04:46:00.885053
LD-303408,17-Jan-2026 19:41,Paid Search,Language Learning,East Region,Rep_09,6.25,Contacted,Open,,,
LD-303409,07/15/2025 20:48,Paid Search,Coding for Kids,East Region,Rep_09,3.1,Contacted,Open,,,
LD-303410,05/22/2025 13:05,organic search,Study Abroad Prep,North Region,Rep_11,20.12,Negotiation,Lost,No Response / Ghosted,1190.45,2025-07-09 05:30:43.115885
LD-303411,2025-12-04 11:56:00,Webinar,Coding for Kids,,Rep_11,1.29,Closed,Won,,704.58,2026-01-15 10:41:03.882805
LD-303412,2025-10-22 13:43:00,Social Media,Coding for Kids,West Region,Rep_08,2.44,Contacted,Open,,,
LD-303413,24-Jul-2025 18:17,Referral,K-12 Math,,Rep_13,13.28,Negotiation,Lost,Budget Not Approved,551.32,2025-09-03 05:52:14.943785
LD-303414,24-May-2026 14:21,Organic Search,Study Abroad Prep,International,Rep_05,1.95,Contacted,Open,,,
LD-303415,20-Jun-2025 18:18,Organic Search,Competitive Exam Prep,East Region,Rep_14,5.53,Lead,Open,,,
LD-303416,2026-05-04 15:11:00,Cold Outreach,K-12 Math,South Region,Rep_07,3.29,Lead,Open,,,
LD-303417,14-Jun-2025 17:40,Paid Search,K-12 Math,South Region,Rep_02,0.57,Demo Completed,Lost,No Response / Ghosted,482.17,2025-07-02 11:31:17.260957
LD-303418,21-Feb-2025 16:25,Organic search,Coding for Kids,West Region,Rep_13,2.65,Contacted,Open,,,
LD-303419,09-May-2025 13:30,Social Media,Language Learning,South Region,Rep_12,4.02,Contacted,Open,,,
LD-303420,28-Jul-2025 09:42,Social,k-12 math,North Region,Rep_01,9.49,Contacted,Open,,,
LD-303421,2025-01-20 13:22:00,Webinar,Competitive Exam Prep,South Region,Rep_12,3.22,Closed,Won,,1001.2,2025-03-06 09:38:58.135348
LD-303422,04/08/2025 17:54,Referral,Coding for Kids,West Region,Rep_03,5.96,Contacted,Open,,,
LD-303423,2025-03-25 10:26:00,Organic search,Competitive Exam Prep,South Region,Rep_02,0.42,Negotiation,Lost,Price Objection,$972.99,2025-04-26 10:59:11.381095
LD-303424,2025-10-02 11:43:00,Social Media,Competitive Exam Prep,West Region,Rep_08,3.68,Contacted,Open,,,
LD-303425,18-Sep-2025 18:16,Webinar,Coding for Kids,East Region,Rep_04,3.62,Closed,Won,,707.57,2025-10-21 21:25:11.113666
LD-303426,17-Oct-2025 13:16,paid search,Language Learning,West Region,Rep_08,2.52,Negotiation,Lost,No Response / Ghosted,371.57,2025-12-13 18:55:23.234759
LD-303427,30-Nov-2025 20:28,cold outreach,Study Abroad Prep,International,Rep_10,3.59,Contacted,Open,,,
LD-303428,05/16/2025 17:46,COLD OUTREACH,Coding for Kids,South Region,Rep_02,2.44,Lead,Open,,,
LD-303429,02/14/2025 16:40,Referral,K-12 Math,East Region,Rep_14,4.54,Closed,Won,,476.94,2025-04-03 23:50:24.765604
LD-303430,06/27/2025 08:57,Cold Outreach,Competitive Exam Prep,South Region,Rep_02,1.94,Contacted,Open,,,
LD-303431,02/21/2025 19:08,Referral,Competitive Exam Prep,,Rep_11,9.66,Closed,Won,,1080.73,2025-04-18 16:15:12.510969
LD-303432,30-Dec-2025 15:30,Organic search,K-12 Math,South Region,Rep_02,7.99,Closed,Won,,$550.50,2026-02-18 21:01:53.729607
LD-303433,17-Oct-2025 07:22,Social Media,Competitive Exam Prep,West Region,Rep_08,2.57,Negotiation,Lost,Went With Competitor,1088.39,2025-11-26 23:22:00.683470
LD-303434,24-Dec-2025 08:02,Partner Channel,k-12 math,East Region,Rep_09,0.6,Contacted,Open,,,
LD-303435,11/05/2025 12:21,Referral,Language Learning,North Region,Rep_11,2.0,Closed,Won,,$328.42,2025-12-12 10:03:56.410758
LD-303436,10/03/2025 09:20,Social Media,Competitive Exam Prep,South Region,Rep_02,5.31,Negotiation,Lost,Price Objection,$990.60,2025-11-20 08:54:06.686753
LD-303437,03/31/2025 09:57,Paid Search,K12 Math,South Region,Rep_02,3.54,Demo Scheduled,Open,,,
LD-303438,17-Nov-2025 16:13,Organic Search,Study Abroad Prep,North Region,Rep_11,1.11,Negotiation,Lost,Price Objection,"$1,600.16",2025-12-18 12:18:28.045514
LD-303439,2026-02-09 08:09:00,Cold Outreach,Coding for Kids,East Region,Rep_14,1.85,Lead,Open,,,
LD-303440,2025-04-28 08:29:00,Partner Channel,Language Learning,South Region,Rep_02,15.08,Closed,Won,,293.53,2025-06-09 19:45:24.590609
LD-303441,20-Apr-2026 17:06,Paid Search,K-12 Math,East Region,Rep_09,7.59,Contacted,Open,,,
LD-303442,04/10/2026 15:05,Organic Search,K-12 Math,East Region,Rep_04,4.78,Lead,Open,,,
LD-303443,05/08/2026 14:12,Paid Search,Coding for Kids,South Region,Rep_12,1.93,Contacted,Open,,,
LD-303444,03/11/2026 19:00,Paid Search,Coding for Kids,North Region,Rep_11,1.46,Demo Completed,Lost,Price Objection,$579.93,2026-04-08 13:19:24.114934
LD-303445,06-Jan-2025 10:13,Organic Search,K-12 Math,North Region,Rep_11,2.75,Contacted,Open,,,
LD-303446,2025-05-14 15:55:00,Social Media,Study Abroad Prep,,Rep_12,0.97,Contacted,Open,,,
LD-303447,06/21/2025 19:57,Referral,CODING FOR KIDS,South Region,Rep_07,1.83,Closed,Won,,747.37,2025-07-22 08:36:28.420199
LD-303448,2025-12-02 12:47:00,Social Media,Coding for Kids,East Region,Rep_09,4.51,Lead,Open,,,
LD-303449,04/21/2025 20:20,SOCIAL MEDIA,Competitive Exam Prep,International,Rep_05,7.11,Contacted,Open,,,
LD-303450,2025-11-25 09:29:00,social media,Study Abroad Prep,East Region,Rep_04,3.92,Lead,Open,,,
LD-303451,09/09/2025 08:01,Paid  Search,Language Learning,West Region,Rep_08,3.24,Closed,Won,,$314.98,2025-10-06 18:09:00.289710
LD-303452,03/09/2025 12:11,Partner Channel,Language Learning,North Region,Rep_11,3.42,Closed,Won,,$326.35,2025-04-21 05:34:06.338194
LD-303453,03/12/2025 14:30,Webinar,K-12 Math,,Rep_13,4.86,Lead,Open,,,
LD-303454,13-Jan-2026 13:26,Webinar,Competitive Exam Prep,,Rep_05,0.85,Closed,Won,,1072.28,2026-02-26 12:33:45.331533
LD-303455,09-Jun-2026 14:16,Partner Channel,Study Abroad Prep,South Region,Rep_02,3.56,Closed,Won,,"$1,589.21",2026-08-04 08:37:34.359418
LD-303456,08/29/2025 13:42,Cold Outreach,Language Learning,North Region,Rep_11,1.22,Lead,Open,,,
LD-303457,04/19/2026 10:36,Organic Search,K-12 Math,West Region,Rep_08,0.39,Contacted,Open,,,
LD-303458,09/24/2025 16:48,Organic Search,Competitive Exam Prep,West Region,Rep_08,10.5,Proposal Sent,Lost,Bad Timing,921.31,2025-11-03 16:00:45.153917
LD-303459,2025-10-31 19:57:00,Paid Search,CODING FOR KIDS,East Region,Rep_14,0.48,Negotiation,Lost,Price Objection,$678.47,2025-12-15 15:50:44.262673
LD-303460,05/29/2026 07:17,Social Media,Competitive Exam Prep,North Region,Rep_06,5.97,Lead,Open,,,
LD-303461,04/08/2026 19:13,Organic Search,Competitive Exam Prep,North Region,Rep_01,6.89,Contacted,Open,,,
LD-303462,2026-02-11 15:58:00,Cold Outreach,Competitive Exam Prep,West Region,Rep_13,2.0,Lead,Open,,,
LD-303463,15-May-2026 10:07,Social,Competitive Exam Prep,East Region,Rep_09,3.12,Contacted,Open,,,
LD-303464,04/18/2025 16:15,Organic Search,K-12 Math,,Rep_15,1.97,Contacted,Open,,,
LD-303465,14-Jan-2026 15:37,Referral,Study Abroad Prep,West Region,Rep_03,2.03,Contacted,Open,,,
LD-303466,06/05/2025 07:18,Webinar,K12 Math,North Region,Rep_11,0.91,Negotiation,Lost,Bad Timing,587.3,2025-07-24 20:20:33.335407
LD-303467,2025-12-29 19:46:00,Social Media,Study Abroad Prep,International,Rep_10,1.74,Contacted,Open,,,
LD-303468,05/19/2026 07:13,Cold-Outreach,Study Abroad Prep,North Region,Rep_06,3.84,Lead,Open,,,
LD-303469,04/02/2026 17:45,Social Media,K-12  Math,South Region,Rep_02,0.93,Contacted,Open,,,
LD-303470,07/09/2025 12:27,Organic Search,Language Learning,North Region,Rep_01,1.5,Demo Completed,Lost,Price Objection,374.62,2025-08-11 07:04:44.300422
LD-303471,2025-12-05 12:08:00,Cold Outreach,Coding for Kids,North Region,Rep_11,3.92,Lead,Open,,,
LD-303472,09-May-2025 19:57,Organic Search,K-12 Math,East Region,Rep_09,3.26,Contacted,Open,,,
LD-303473,12-Sep-2025 12:41,Social Media,Competitive Exam Prep,North Region,Rep_11,2.68,Demo Scheduled,Open,,,
LD-303474,08/18/2025 17:27,Social Media,K-12 Math,West Region,Rep_13,1.59,Demo Completed,Lost,No Response / Ghosted,450.47,2025-09-22 09:02:01.212446
LD-303475,01/09/2026 15:19,Paid Search,K-12 Math,West Region,Rep_08,2.05,Contacted,Open,,,
LD-303476,11/03/2025 19:50,Webinar,K-12  Math,South Region,Rep_02,3.76,Closed,Won,,587.95,2025-12-22 22:12:56.248375
LD-303477,23-Apr-2026 07:59,Paid Search,Study Abroad Prep,International,Rep_10,7.94,Lead,Open,,,
LD-303478,06/03/2026 15:54,Referral,Language Learning,West Region,Rep_13,7.57,Closed,Won,,$348.08,2026-07-14 18:42:26.242641
LD-303479,06/02/2025 07:29,Organic Search,Language Learning,East Region,Rep_14,4.86,Negotiation,Lost,No Response / Ghosted,$306.43,2025-07-24 19:58:10.066725
LD-303480,2025-07-07 20:34:00,Referral,K-12 Math,North Region,Rep_01,4.32,Contacted,Open,,,
LD-303481,2026-02-27 19:30:00,Organic Search,Language Learning,South Region,Rep_07,1.55,Demo Completed,Lost,Bad Timing,374.98,2026-04-07 22:22:15.482556
LD-303482,11/04/2025 07:18,Referral,Study Abroad Prep,South Region,Rep_07,23.38,Contacted,Open,,,
LD-303483,11-Sep-2025 20:09,Organic Search,Coding for Kids,South Region,Rep_02,3.07,Demo Completed,Lost,No Response / Ghosted,$623.77,2025-10-07 10:25:52.425057
LD-303484,2025-11-05 08:02:00,Partner Channel,K-12 Math,South Region,Rep_12,20.14,Contacted,Open,,,
LD-303485,12/26/2025 18:41,Organic Search,K-12 Math,South Region,Rep_12,1.47,Negotiation,Lost,Went With Competitor,455.41,2026-02-03 07:33:25.520518
LD-303486,17-Jul-2025 12:24,Referral,Study Abroad Prep,North Region,Rep_01,1.73,Closed,Won,,1525.94,2025-08-12 05:37:29.923231
LD-303487,29-Jan-2026 17:40,Social,Competitive Exam Prep,South Region,Rep_02,2.7,Contacted,Open,,,
LD-303488,21-Jan-2026 17:40,Paid Search,Competitive Exam Prep,South Region,Rep_07,3.86,Lead,Open,,,
LD-303489,2025-12-10 18:45:00,Partner Channel,Language Learning,West Region,Rep_03,4.42,Proposal Sent,Lost,Price Objection,$316.78,2025-12-30 18:56:34.660129
LD-303490,06/12/2026 08:08,Cold Outreach,K-12 Math,West Region,Rep_08,7.46,Contacted,Open,,,
LD-303491,09/05/2025 19:52,Organic Search,K-12 Math,East Region,Rep_04,11.88,Demo Scheduled,Open,,,
LD-303492,08/08/2025 15:18,Paid Search,Language Learning,South Region,Rep_07,4.06,Lead,Open,,,
LD-303493,03/31/2026 13:18,Webinar,Competitive Exam Prep,North Region,Rep_06,3.31,Closed,Won,,1043.55,2026-05-08 00:07:34.818129
LD-303494,20-Feb-2026 18:43,Referral,K-12 Math,East Region,Rep_04,3.68,Closed,Won,,474.26,2026-04-07 23:00:33.204082
LD-303495,2025-01-31 19:26:00,SEO,Competitive Exam Prep,South Region,Rep_02,0.42,Negotiation,Lost,Went With Competitor,1002.66,2025-03-22 07:30:26.150743
LD-303496,10-Dec-2025 18:07,Cold Outreach,K-12  Math,West Region,Rep_13,19.69,Lead,Open,,,
LD-303497,10/24/2025 14:29,Cold-Outreach,Coding for Kids,South Region,Rep_12,3.17,Contacted,Open,,,
LD-303498,03-Jan-2025 10:05,Partner Channel,Study Abroad Prep,East Region,Rep_04,2.27,Contacted,Open,,,
LD-303499,08-Jun-2026 11:58,Paid Search,K-12 Math,South Region,Rep_12,1.12,Contacted,Open,,,
LD-303500,2025-01-21 17:32:00,Paid Search,Competitive Exam Prep,South Region,Rep_07,2.29,Contacted,Open,,,
LD-303501,01/10/2025 10:12,Referral,K-12 Math,North Region,Rep_06,2.78,Negotiation,Lost,Bad Timing,568.79,2025-02-03 21:59:25.862121
LD-303502,09/18/2025 20:53,SEO,Language Learning,International,Rep_15,0.5,Negotiation,Lost,Went With Competitor,308.61,2025-11-03 10:03:50.571919
LD-303503,2025-07-18 07:54:00,Social Media,K-12 Math,North Region,Rep_01,1.04,Contacted,Open,,,
LD-303504,02/03/2025 16:37,Cold Outreach,Language Learning,South Region,Rep_02,12.66,Lead,Open,,,
LD-303505,03/17/2025 08:28,Paid Search,Language Learning,West Region,Rep_08,4.71,Proposal Sent,Lost,Price Objection,$291.43,2025-04-18 19:46:56.308221
LD-303506,2025-05-20 16:33:00,Partner Channel,Coding for Kids,East Region,Rep_09,6.34,Contacted,Open,,,
LD-303507,04/26/2025 07:30,social media,K12 Math,,Rep_01,8.04,Demo Completed,Lost,Went With Competitor,411.02,2025-05-16 16:59:33.341058
LD-303508,21-Nov-2025 19:33,Paid Search,Competitive Exam Prep,International,Rep_15,16.65,Demo Scheduled,Open,,,
LD-303509,18-Mar-2025 20:30,Cold Outreach,Language Learning,North Region,Rep_06,3.31,Contacted,Open,,,
LD-303510,24-Apr-2025 09:39,Partner Channel,Competitive Exam Prep,North Region,Rep_01,2.97,Contacted,Open,,,
LD-303511,05/08/2026 10:17,Social Media,Study Abroad Prep,West Region,Rep_08,0.71,Closed,Won,,1218.0,2026-06-13 20:40:45.371057
LD-303512,11-Jan-2025 13:08,Social Media,Competitive Exam Prep,International,Rep_15,0.77,Negotiation,Lost,Went With Competitor,1056.12,2025-02-22 05:09:59.460075
LD-303513,23-Aug-2025 11:53,Referral,Coding for Kids,South Region,Rep_02,2.03,Contacted,Open,,,
LD-303514,28-Feb-2025 20:33,Social Media,K-12 Math,North Region,Rep_11,15.35,Contacted,Open,,,
LD-303515,01/09/2026 16:40,Organic Search,Language Learning,East Region,Rep_04,5.24,Demo Completed,Lost,Went With Competitor,405.17,2026-02-19 06:13:52.670904
LD-303516,03/10/2025 16:13,social media,K-12 Math,South Region,Rep_07,0.65,Contacted,Open,,,
LD-303517,01/30/2026 14:01,Paid Search,K-12 Math,,Rep_04,5.09,Contacted,Open,,,
LD-303518,19-Nov-2025 11:19,Webinar,Study Abroad Prep,West Region,Rep_03,2.67,Contacted,Open,,,
LD-303519,05/06/2025 08:48,Webinar,K-12  Math,South Region,Rep_07,2.82,Negotiation,Lost,No Response / Ghosted,577.21,2025-06-10 10:02:33.374146
LD-303520,2026-01-02 20:51:00,Referral,Coding for Kids,East Region,Rep_14,1.65,Demo Completed,Lost,Price Objection,538.03,2026-02-04 14:48:01.167033
LD-303521,12/19/2025 15:01,Referral,K-12 Math,East Region,Rep_04,1.61,Negotiation,Lost,Went With Competitor,$587.82,2026-02-01 08:55:17.977257
LD-303522,05-May-2026 13:37,Partner Channel,Competitive Exam Prep,South Region,Rep_02,1.74,Closed,Won,,998.08,2026-06-15 14:42:38.796354
LD-303523,2025-04-07 14:29:00,Organic Search,Competitive Exam Prep,South Region,Rep_07,3.28,Demo Completed,Lost,Price Objection,1153.99,2025-05-06 14:00:58.480337
LD-303524,06/08/2025 13:19,Organic Search,Language Learning,International,Rep_05,4.71,Lead,Open,,,
LD-303525,24-May-2026 07:29,Referral,Study Abroad Prep,South Region,Rep_12,9.76,Contacted,Open,,,
LD-303526,17-Jan-2025 20:13,organic search,Coding for Kids,North Region,Rep_01,4.59,Contacted,Open,,,
LD-303527,13-Mar-2026 16:04,Partner Channel,K-12 Math,West Region,Rep_13,5.08,Contacted,Open,,,
LD-303528,02/05/2025 16:42,Partner Channel,Competitive Exam Prep,South Region,Rep_12,0.81,Contacted,Open,,,
LD-303529,05/29/2026 19:48,Paid Search,Language Learning,East Region,Rep_04,0.81,Lead,Open,,,
LD-303530,07-Jul-2025 10:13,Referral,k-12 math,South Region,Rep_07,1.38,Negotiation,Lost,Price Objection,579.26,2025-08-15 00:52:26.462462
LD-303531,05/06/2026 08:09,Organic Search,K-12 Math,South Region,Rep_07,1.57,Negotiation,Lost,Bad Timing,577.69,2026-06-22 03:15:56.778105
LD-303532,03/31/2026 17:11,Organic Search,Competitive Exam Prep,South Region,Rep_07,1.68,Contacted,Open,,,
LD-303533,02/20/2026 20:54,paid search,Coding for Kids,South Region,Rep_02,1.94,Demo Completed,Lost,Budget Not Approved,676.08,2026-03-26 18:09:52.932036
LD-303534,2025-12-04 17:32:00,Paid Search,K-12 Math,South Region,Rep_02,3.83,Contacted,Open,,,
LD-303535,10-Jan-2025 16:00,Organic Search,CODING FOR KIDS,International,Rep_15,13.76,Contacted,Open,,,
LD-303536,01/10/2025 20:25,Paid Search,K-12 Math,North Region,Rep_11,6.46,Demo Completed,Lost,Budget Not Approved,523.01,2025-02-05 14:07:34.330745
LD-303537,2025-06-04 10:02:00,Social Media,Coding for Kids,West Region,Rep_03,13.41,Lead,Open,,,
LD-303538,2026-04-23 14:14:00,COLD OUTREACH,Study Abroad Prep,North Region,Rep_11,0.95,Demo Scheduled,Open,,,
LD-303539,07/21/2025 15:10,Webinar,Coding for Kids,West Region,Rep_08,3.66,Closed,Won,,618.35,2025-08-29 22:05:21.926583
LD-303540,02/17/2025 15:24,Paid Search,Study Abroad Prep,South Region,Rep_02,5.45,Lead,Open,,,
LD-303541,19-Feb-2025 07:12,Organic Search,Language Learning,North Region,Rep_06,9.61,Contacted,Open,,,
LD-303542,11/21/2025 18:23,Referral,K12 Math,International,Rep_10,17.29,Negotiation,Lost,Budget Not Approved,588.5,2025-12-29 17:00:32.354870
LD-303543,08-Aug-2025 18:45,Social Media,Competitive Exam Prep,North Region,Rep_01,5.18,Lead,Open,,,
LD-303544,01/08/2026 09:26,Cold Outreach,coding for kids,,Rep_07,4.02,Contacted,Open,,,
LD-303545,21-Apr-2025 10:50,Partner Channel,Study Abroad Prep,South Region,Rep_07,8.84,Demo Completed,Lost,Bad Timing,"$1,650.43",2025-05-23 11:48:33.722149
LD-303546,23-Jan-2025 17:30,Paid Search,Competitive Exam Prep,North Region,Rep_01,19.53,Lead,Open,,,
LD-303547,07/28/2025 11:32,Paid Search,Language Learning,North Region,Rep_01,5.51,Lead,Open,,,
LD-303548,2025-07-18 15:11:00,COLD OUTREACH,Competitive Exam Prep,South Region,Rep_02,2.69,Contacted,Open,,,
LD-303549,2025-10-15 13:40:00,Partner Channel,Competitive Exam Prep,East Region,Rep_09,10.9,Contacted,Open,,,
LD-303550,10/14/2025 07:28,Organic Search,Study Abroad Prep,South Region,Rep_07,4.34,Contacted,Open,,,
LD-303551,26-Dec-2025 15:33,Webinar,Competitive Exam Prep,West Region,Rep_08,5.82,Negotiation,Lost,Budget Not Approved,1105.87,2026-02-07 23:45:18.401249
LD-303552,2025-12-29 08:32:00,Paid  Search,Coding For Kids,East Region,Rep_14,7.01,Contacted,Open,,,
LD-303553,06/09/2025 11:43,Webinar,Competitive Exam Prep,South Region,Rep_02,7.05,Contacted,Open,,,
LD-303554,10/03/2025 10:56,Referral,Language Learning,West Region,Rep_13,2.51,Contacted,Open,,,
LD-303555,03/24/2025 09:38,Partner Channel,CODING FOR KIDS,East Region,Rep_09,1.28,Proposal Sent,Lost,Price Objection,546.89,2025-05-07 03:37:54.125676
LD-303556,06/12/2026 20:06,Referral,K-12 Math,South Region,Rep_02,2.37,Contacted,Open,,,
LD-303557,08/01/2025 14:37,Partner Channel,Competitive Exam Prep,,Rep_01,2.45,Contacted,Open,,,
LD-303558,2026-02-13 19:16:00,Referral,K-12 Math,South Region,Rep_12,4.78,Closed,Won,,438.81,2026-03-22 23:36:50.604120
LD-303559,06-Mar-2026 10:38,Social Media,K-12 Math,North Region,Rep_06,5.03,Contacted,Open,,,
LD-303560,01/24/2025 15:29,Paid Search,Competitive Exam Prep,East Region,Rep_04,1.87,Demo Scheduled,Open,,,
LD-303561,2025-03-18 07:42:00,Referral,Language Learning,West Region,Rep_08,4.09,Contacted,Open,,,
LD-303562,01/10/2026 11:25,Social Media,K-12 Math,West Region,Rep_13,8.81,Contacted,Open,,,
LD-303563,2026-05-19 10:28:00,Paid Search,K-12 Math,North Region,Rep_01,2.27,Contacted,Open,,,
LD-303564,02/28/2026 09:46,Organic Search,Coding for Kids,South Region,Rep_12,3.39,Closed,Won,,682.44,2026-04-03 18:52:52.841078
LD-303565,11-Aug-2025 20:01,Paid Search,K-12 Math,West Region,Rep_13,2.14,Demo Completed,Lost,Price Objection,467.49,2025-09-01 11:07:23.002017
LD-303566,2025-10-25 16:25:00,Paid Search,Language Learning,South Region,Rep_12,1.45,Contacted,Open,,,
LD-303567,01/30/2026 13:21,Paid Search,Competitive Exam Prep,,Rep_08,1.05,Contacted,Open,,,
LD-303568,05/21/2026 08:21,Organic search,Language Learning,,Rep_11,3.36,Proposal Sent,Lost,Bad Timing,375.89,2026-06-18 16:53:10.627735
LD-303569,2025-08-18 19:40:00,Organic Search,K-12 Math,,Rep_01,1.72,Proposal Sent,Lost,Price Objection,$598.18,2025-09-27 11:37:59.830453
LD-303570,2025-04-22 15:08:00,Social Media,K-12 Math,North Region,Rep_06,4.77,Lead,Open,,,
LD-303571,2026-01-09 17:19:00,Cold Outreach,Coding for Kids,South Region,Rep_07,4.17,Contacted,Open,,,
LD-303572,2025-08-12 19:14:00,Paid Search,Study Abroad Prep,South Region,Rep_07,4.33,Closed,Won,,"$1,513.92",2025-09-17 16:20:55.140223
LD-303573,04/25/2025 14:07,Social Media,Competitive Exam Prep,South Region,Rep_07,2.39,Lead,Open,,,
LD-303574,09-Jan-2025 08:22,Webinar,Coding for Kids,South Region,Rep_07,6.8,Contacted,Open,,,
LD-303575,2026-02-27 13:23:00,Cold Outreach,Coding for Kids,West Region,Rep_13,2.75,Contacted,Open,,,
LD-303576,2025-08-06 08:16:00,Paid Search,Coding for Kids,,Rep_12,1.88,Contacted,Open,,,
LD-303577,05/28/2025 15:53,Social Media,K-12 Math,North Region,Rep_06,4.56,Lead,Open,,,
LD-303578,18-Nov-2025 13:53,Webinar,K-12 Math,North Region,Rep_06,1.84,Demo Scheduled,Open,,,
LD-303579,13-Mar-2025 20:09,Referral,K-12 Math,East Region,Rep_14,1.01,Proposal Sent,Lost,Price Objection,$527.14,2025-04-08 23:59:01.513568
LD-303580,06/25/2025 07:26,Partner Channel,Competitive Exam Prep,West Region,Rep_13,1.21,Contacted,Open,,,
LD-303581,2025-10-10 09:58:00,Social Media,Study Abroad Prep,East Region,Rep_14,2.73,Lead,Open,,,
LD-303582,2025-04-10 13:36:00,Organic Search,K-12 Math,,Rep_12,6.15,Closed,Won,,514.42,2025-05-17 11:48:56.233033
LD-303583,2026-05-01 07:06:00,Partner Channel,Language Learning,,Rep_11,1.46,Proposal Sent,Lost,No Response / Ghosted,332.26,2026-06-02 14:06:08.674216
LD-303584,11/21/2025 14:25,Cold-Outreach,Coding for Kids,North Region,Rep_06,3.42,Lead,Open,,,
LD-303585,2025-08-24 11:11:00,Cold Outreach,K-12 Math,East Region,Rep_14,11.67,Contacted,Open,,,
LD-303586,11/18/2025 13:30,Organic Search,Language Learning,East Region,Rep_09,4.48,Closed,Won,,$419.74,2025-12-24 23:04:32.939410
LD-303587,2026-04-21 08:09:00,Social Media,Study Abroad Prep,,Rep_09,1.16,Contacted,Open,,,
LD-303588,10/08/2025 14:04,Organic Search,Competitive Exam Prep,North Region,Rep_06,0.84,Demo Scheduled,Open,,,
LD-303589,31-Oct-2025 12:37,Paid Search,Coding for Kids,,Rep_11,2.21,Closed,Won,,585.03,2025-12-18 10:17:41.740992
LD-303590,2025-06-10 07:15:00,Partner Channel,Competitive Exam Prep,,Rep_01,6.99,Contacted,Open,,,
LD-303591,2025-02-26 08:27:00,Partner Channel,Coding for Kids,West Region,Rep_13,4.1,Negotiation,Lost,Bad Timing,530.66,2025-04-20 13:41:01.175624
LD-303592,24-Apr-2025 11:34,Organic Search,Coding for Kids,East Region,Rep_09,3.32,Lead,Open,,,
LD-303593,19-Sep-2025 07:41,Partner Channel,Language Learning,South Region,Rep_02,4.95,Contacted,Open,,,
LD-303594,17-Mar-2025 14:04,Webinar,Language Learning,West Region,Rep_08,2.1,Lead,Open,,,
LD-303595,2025-12-17 14:39:00,Partner Channel,Competitive Exam Prep,International,Rep_10,3.97,Contacted,Open,,,
LD-303596,27-Jun-2025 08:22,Social Media,Study Abroad Prep,South Region,Rep_12,1.18,Demo Completed,Lost,Bad Timing,1358.35,2025-07-25 08:54:27.514503
LD-303597,10/09/2025 12:58,Social Media,Language Learning,International,Rep_10,3.21,Lead,Open,,,
LD-303598,29-Mar-2026 12:29,Organic Search,Language Learning,West Region,Rep_03,5.68,Contacted,Open,,,
LD-303599,01/22/2025 15:39,Social Media,Competitive Exam Prep,North Region,Rep_01,16.75,Contacted,Open,,,
LD-303600,2025-05-16 08:50:00,Social Media,Coding for Kids,East Region,Rep_09,6.99,Contacted,Open,,,
LD-303601,11-May-2026 16:26,Organic search,Language Learning,West Region,Rep_03,1.24,Contacted,Open,,,
LD-303602,12-Dec-2025 15:36,Social Media,Language Learning,East Region,Rep_14,1.89,Contacted,Open,,,
LD-303603,12/29/2025 17:50,Referral,Language Learning,West Region,Rep_08,1.44,Closed,Won,,330.87,2026-02-20 13:26:17.868150
LD-303604,2025-01-03 08:31:00,Paid Search,Competitive Exam Prep,West Region,Rep_13,0.47,Contacted,Open,,,
LD-303605,06/18/2025 11:30,Organic Search,Language Learning,International,Rep_15,5.95,Contacted,Open,,,
LD-303606,02/27/2025 12:34,Organic Search,Coding for Kids,,Rep_03,19.42,Lead,Open,,,
LD-303607,21-Mar-2025 09:51,PPC,K-12 Math,East Region,Rep_09,1.75,Contacted,Open,,,
LD-303608,03/24/2025 09:14,Paid Search,Study Abroad Prep,North Region,Rep_11,22.59,Contacted,Open,,,
LD-303609,03/01/2026 14:06,SEO,K-12 Math,North Region,Rep_06,2.3,Contacted,Open,,,
LD-303610,03/01/2025 08:47,Organic Search,Competitive Exam Prep,West Region,Rep_03,1.59,Contacted,Open,,,
LD-303611,10/30/2025 16:17,Cold Outreach,Coding For Kids,West Region,Rep_13,2.22,Contacted,Open,,,
LD-303612,03/07/2026 20:57,Paid Search,K12 Math,East Region,Rep_14,2.22,Lead,Open,,,
LD-303613,22-Aug-2025 14:34,paid search,Coding for Kids,North Region,Rep_01,2.22,Contacted,Open,,,
LD-303614,2026-03-21 16:46:00,Social Media,CODING FOR KIDS,North Region,Rep_11,1.86,Demo Scheduled,Open,,,
LD-303615,29-Jun-2026 07:57,Social Media,K-12 Math,North Region,Rep_06,4.39,Contacted,Open,,,
LD-303616,13-Jun-2025 13:22,Referral,K-12 Math,North Region,Rep_06,4.02,Contacted,Open,,,
LD-303617,23-Jan-2025 08:24,Paid Search,Study Abroad Prep,West Region,Rep_08,0.6,Negotiation,Lost,No Response / Ghosted,"$1,422.39",2025-03-09 04:54:59.514505
LD-303618,2025-02-21 20:24:00,Social,Language Learning,North Region,Rep_11,1.67,Contacted,Open,,,
LD-303619,03/28/2026 10:46,Paid Search,Coding for Kids,South Region,Rep_02,2.64,Contacted,Open,,,
LD-303620,06/16/2025 18:49,Organic Search,Coding for Kids,South Region,Rep_12,1.13,Closed,Won,,587.22,2025-07-19 20:38:04.868346
LD-303621,02/20/2025 12:04,Referral,k-12 math,West Region,Rep_03,0.84,Contacted,Open,,,
LD-303622,27-Jun-2025 15:16,Organic Search,Study Abroad Prep,,Rep_06,7.45,Lead,Open,,,
LD-303623,12/29/2025 14:32,Organic Search,Language Learning,North Region,Rep_01,3.49,Proposal Sent,Lost,Price Objection,$349.47,2026-02-18 19:56:44.255706
LD-303624,02/22/2026 16:10,Paid Search,Coding For Kids,International,Rep_05,5.03,Contacted,Open,,,
LD-303625,26-Apr-2025 18:59,Paid Search,K-12 Math,North Region,Rep_06,6.59,Lead,Open,,,
LD-303626,11-Mar-2025 12:58,Cold Outreach,K-12 Math,East Region,Rep_09,3.31,Lead,Open,,,
LD-303627,31-Jan-2025 17:52,Organic Search,Coding For Kids,South Region,Rep_02,1.48,Demo Scheduled,Open,,,
LD-303628,05/15/2025 11:05,Organic Search,K-12 Math,East Region,Rep_04,1.75,Demo Completed,Lost,Price Objection,$558.35,2025-06-08 07:11:36.142171
LD-303629,2025-08-28 09:38:00,Paid Search,Coding for Kids,North Region,Rep_06,0.26,Contacted,Open,,,
LD-303630,2025-12-09 14:38:00,Organic Search,Study Abroad Prep,South Region,Rep_02,0.79,Negotiation,Lost,Price Objection,"$1,702.83",2026-01-13 20:38:11.430304
LD-303631,24-Oct-2025 14:01,Cold Outreach,Language Learning,East Region,Rep_04,2.62,Lead,Open,,,
LD-303632,2026-01-06 09:42:00,Paid Search,Study Abroad Prep,North Region,Rep_06,1.43,Lead,Open,,,
LD-303633,03-Jun-2025 08:32,Social Media,Coding for Kids,International,Rep_05,4.49,Contacted,Open,,,
LD-303634,01/18/2025 19:45,Partner Channel,K-12 Math,East Region,Rep_04,1.42,Contacted,Open,,,
LD-303635,07/11/2025 08:44,Organic search,Study Abroad Prep,South Region,Rep_02,1.89,Closed,Won,,1209.69,2025-08-21 05:33:43.629508
LD-303636,19-Feb-2025 18:49,Paid Search,Coding for Kids,North Region,Rep_01,4.69,Proposal Sent,Lost,Went With Competitor,612.24,2025-04-04 01:55:54.275089
LD-303637,11/14/2025 12:32,Paid Search,Coding for Kids,East Region,Rep_14,0.9,Contacted,Open,,,
LD-303638,01/26/2026 08:32,Organic Search,Competitive Exam Prep,East Region,Rep_04,2.92,Proposal Sent,Lost,Price Objection,1014.43,2026-02-20 01:38:49.530402
LD-303639,2025-09-03 15:11:00,Cold Outreach,Coding for Kids,South Region,Rep_07,2.21,Contacted,Open,,,
LD-303640,11-Jul-2025 15:45,Social Media,K-12 Math,West Region,Rep_08,1.81,Negotiation,Lost,Budget Not Approved,487.1,2025-08-23 14:26:11.302992
LD-303641,21-Jul-2025 19:58,Paid Search,K-12 Math,South Region,Rep_02,2.13,Contacted,Open,,,
LD-303642,11-Jul-2025 09:43,Referral,Competitive Exam Prep,West Region,Rep_08,2.17,Closed,Won,,1033.43,2025-08-23 19:26:41.943421
LD-303643,2026-02-13 18:55:00,Webinar,Language Learning,North Region,Rep_11,0.53,Contacted,Open,,,
LD-303644,03/13/2025 11:48,Organic Search,K-12 Math,North Region,Rep_06,1.75,Contacted,Open,,,
LD-303645,07-Feb-2025 16:58,Paid Search,Study Abroad Prep,South Region,Rep_02,12.05,Closed,Won,,1523.11,2025-03-13 18:18:04.326102
LD-303646,02/13/2025 20:18,Partner Channel,K-12 Math,East Region,Rep_09,1.53,Demo Completed,Lost,Price Objection,475.56,2025-03-24 08:51:07.182383
LD-303647,11-Nov-2025 13:56,Paid Search,Competitive Exam Prep,West Region,Rep_13,8.68,Lead,Open,,,
LD-303648,01/07/2025 07:32,Organic Search,Competitive Exam Prep,North Region,Rep_06,5.71,Contacted,Open,,,
LD-303649,02-Oct-2025 09:14,Organic Search,K-12 Math,West Region,Rep_13,5.58,Demo Completed,Lost,Price Objection,$590.82,2025-11-12 17:39:22.473556
LD-303650,2025-11-04 20:11:00,Cold Outreach,Language Learning,West Region,Rep_13,3.25,Demo Scheduled,Open,,,
LD-303651,06/02/2025 11:00,Webinar,Study Abroad Prep,South Region,Rep_02,1.23,Closed,Won,,1657.45,2025-06-30 07:43:08.716323
LD-303652,05-Sep-2025 17:32,Organic search,CODING FOR KIDS,International,Rep_05,1.4,Contacted,Open,,,
LD-303653,01/18/2026 20:36,Cold Outreach,Language Learning,North Region,Rep_01,5.4,Proposal Sent,Lost,Bad Timing,351.39,2026-02-28 16:36:11.846162
LD-303654,2025-05-09 18:54:00,cold outreach,Language Learning,South Region,Rep_02,2.56,Lead,Open,,,
LD-303655,2025-05-29 19:38:00,Organic search,Study Abroad Prep,East Region,Rep_09,8.79,Contacted,Open,,,
LD-303656,02/07/2025 19:01,Paid Search,Competitive Exam Prep,West Region,Rep_08,2.15,Closed,Won,,$902.66,2025-03-18 06:47:20.134367
LD-303657,2025-03-11 12:16:00,Partner Channel,K-12 Math,West Region,Rep_13,10.52,Contacted,Open,,,
LD-303658,02/04/2025 17:15,Referral,Competitive Exam Prep,North Region,Rep_11,1.5,Negotiation,Lost,Went With Competitor,1077.65,2025-04-06 05:06:17.266674
LD-303659,30-Oct-2025 16:09,Social Media,Competitive Exam Prep,West Region,Rep_03,0.95,Contacted,Open,,,
LD-303660,2025-06-13 11:59:00,Referral,Competitive Exam Prep,South Region,Rep_02,2.22,Lead,Open,,,
LD-303661,02/25/2025 08:18,Cold Outreach,Coding for Kids,North Region,Rep_01,1.35,Lead,Open,,,
LD-303662,09/02/2025 16:31,Organic Search,Competitive Exam Prep,West Region,Rep_03,13.42,Closed,Won,,875.59,2025-10-12 14:06:34.849615
LD-303663,05/27/2025 19:00,Partner Channel,Competitive Exam Prep,South Region,Rep_02,4.14,Closed,Won,,"$1,063.57",2025-07-04 22:34:17.578451
LD-303664,04/18/2025 08:48,Referral,Study Abroad Prep,North Region,Rep_06,4.64,Negotiation,Lost,Bad Timing,1549.33,2025-06-06 21:39:17.046076
LD-303665,15-Sep-2025 13:10,Paid Search,Competitive Exam Prep,South Region,Rep_12,17.26,Contacted,Open,,,
LD-303666,03-Feb-2026 15:58,Paid Search,Competitive Exam Prep,North Region,Rep_11,1.1,Contacted,Open,,,
LD-303667,23-Apr-2026 07:46,Paid Search,Coding for Kids,,Rep_01,10.59,Contacted,Open,,,
LD-303668,2025-11-19 16:24:00,Social Media,Coding for Kids,West Region,Rep_13,0.87,Demo Completed,Lost,Price Objection,712.75,2025-12-23 01:55:08.450591
LD-303669,12-Jan-2026 10:19,Social Media,Competitive Exam Prep,West Region,Rep_08,1.59,Demo Completed,Lost,Price Objection,937.31,2026-02-15 06:29:09.239131
LD-303670,2025-03-09 10:00:00,Social Media,K-12 Math,International,Rep_15,6.66,Proposal Sent,Lost,Bad Timing,$493.13,2025-04-06 22:08:39.368310
LD-303671,18-Jul-2025 19:58,Paid Search,k-12 math,South Region,Rep_12,6.1,Contacted,Open,,,
LD-303672,2025-05-05 18:35:00,Webinar,Competitive Exam Prep,West Region,Rep_08,1.87,Contacted,Open,,,
LD-303673,2026-05-08 16:27:00,Organic Search,Study Abroad Prep,South Region,Rep_02,0.85,Closed,Won,,"$1,220.16",2026-06-13 20:21:35.982794
LD-303674,26-Mar-2025 07:15,Webinar,Study Abroad Prep,International,Rep_10,2.23,Negotiation,Lost,Price Objection,1693.52,2025-04-27 22:13:30.541678
LD-303675,2025-11-26 17:46:00,Paid Search,K-12 Math,International,Rep_15,4.4,Contacted,Open,,,
LD-303676,2025-02-20 08:20:00,Organic Search,Competitive Exam Prep,South Region,Rep_02,3.71,Negotiation,Lost,Bad Timing,1019.28,2025-03-24 14:36:20.003623
LD-303677,2025-05-02 15:54:00,Organic Search,K12 Math,North Region,Rep_06,1.56,Contacted,Open,,,
LD-303678,2025-04-11 17:45:00,Social Media,K-12 Math,,Rep_13,6.02,Contacted,Open,,,
LD-303679,05-Oct-2025 07:51,SOCIAL MEDIA,K-12 Math,North Region,Rep_11,3.38,Lead,Open,,,
LD-303680,2025-03-07 14:35:00,Partner Channel,K-12 Math,West Region,Rep_08,0.39,Closed,Won,,592.54,2025-03-30 08:24:52.849288
LD-303681,01-Aug-2025 14:57,Organic Search,Competitive Exam Prep,South Region,Rep_07,7.29,Contacted,Open,,,
LD-303682,20-Nov-2025 18:11,Paid Search,K12 Math,North Region,Rep_01,3.82,Contacted,Open,,,
LD-303683,2025-04-30 07:40:00,Webinar,Coding for Kids,South Region,Rep_07,2.33,Closed,Won,,$606.82,2025-06-10 13:03:48.051004
LD-303684,2025-11-20 07:37:00,Paid Search,Language Learning,International,Rep_05,7.2,Lead,Open,,,
LD-303685,03/21/2025 11:34,Organic Search,Competitive Exam Prep,North Region,Rep_11,2.35,Contacted,Open,,,
LD-303686,04/04/2025 14:03,Referral,Competitive Exam Prep,East Region,Rep_04,1.16,Contacted,Open,,,
LD-303687,2025-02-05 08:13:00,Organic Search,K-12 Math,North Region,Rep_06,2.78,Lead,Open,,,
LD-303688,05/04/2026 12:48,Referral,K-12 Math,East Region,Rep_14,2.56,Proposal Sent,Lost,Bad Timing,543.33,2026-06-10 03:09:45.673166
LD-303689,12/27/2025 09:54,Webinar,Competitive Exam Prep,South Region,Rep_12,1.44,Contacted,Open,,,
LD-303690,03/01/2026 18:03,Paid Search,Competitive Exam Prep,South Region,Rep_12,13.22,Contacted,Open,,,
LD-303691,2025-04-09 07:23:00,Organic Search,Competitive Exam Prep,South Region,Rep_07,5.32,Contacted,Open,,,
LD-303692,2025-12-19 09:36:00,Social Media,Coding for Kids,South Region,Rep_02,4.61,Contacted,Open,,,
LD-303693,08/14/2025 17:23,Referral,Language Learning,South Region,Rep_07,1.69,Closed,Won,,391.7,2025-09-18 19:46:35.556080
LD-303694,09-Jan-2025 13:02,Paid Search,Competitive Exam Prep,South Region,Rep_07,3.0,Contacted,Open,,,
LD-303695,2025-08-14 16:28:00,Paid Search,Language Learning,South Region,Rep_07,1.38,Lead,Open,,,
LD-303696,03/28/2025 16:22,Paid Search,CODING FOR KIDS,West Region,Rep_13,4.33,Negotiation,Lost,Price Objection,735.2,2025-05-08 09:00:25.299564
LD-303697,2026-05-07 09:09:00,Referral,Study Abroad Prep,South Region,Rep_07,1.72,Contacted,Open,,,
LD-303698,2025-02-20 17:44:00,Organic Search,Coding for Kids,West Region,Rep_03,5.36,Contacted,Open,,,
LD-303699,27-Feb-2026 13:40,Partner Channel,Coding for Kids,International,Rep_15,5.41,Contacted,Open,,,
LD-303700,2026-01-30 19:46:00,PPC,Competitive Exam Prep,North Region,Rep_01,3.79,Closed,Won,,$908.86,2026-03-24 13:30:49.507373
LD-303701,10-Sep-2025 19:06,Cold Outreach,K-12 Math,North Region,Rep_01,15.37,Contacted,Open,,,
LD-303702,18-Jan-2025 11:08,Cold Outreach,Study Abroad Prep,South Region,Rep_12,2.56,Lead,Open,,,
LD-303703,08-Aug-2025 07:00,Organic Search,Competitive Exam Prep,,Rep_10,8.86,Contacted,Open,,,
LD-303704,05-Jan-2025 12:38,Paid Search,Study Abroad Prep,East Region,Rep_09,0.97,Contacted,Open,,,
LD-303705,2025-04-05 18:24:00,Referral,K-12 Math,West Region,Rep_08,1.75,Closed,Won,,482.17,2025-05-12 17:35:55.188662
LD-303706,11/25/2025 17:57,Organic Search,Study Abroad Prep,West Region,Rep_13,19.78,Closed,Won,,1334.58,2026-01-05 18:01:10.635294
LD-303707,2025-02-06 18:20:00,Partner Channel,K-12 Math,North Region,Rep_01,1.1,Contacted,Open,,,
LD-303708,2026-06-04 12:36:00,Organic Search,Language Learning,North Region,Rep_11,1.25,Negotiation,Lost,Bad Timing,374.44,2026-07-11 13:06:37.424628
LD-303709,06/18/2026 10:41,Referral,K-12 Math,North Region,Rep_11,14.05,Contacted,Open,,,
LD-303710,06/14/2026 09:42,COLD OUTREACH,Coding for Kids,South Region,Rep_07,12.69,Lead,Open,,,
LD-303711,10/03/2025 07:45,Social Media,K-12 Math,West Region,Rep_08,1.32,Contacted,Open,,,
LD-303712,05-Aug-2025 13:35,Referral,K-12 Math,West Region,Rep_13,2.34,Contacted,Open,,,
LD-303713,10/21/2025 13:43,Cold Outreach,Competitive Exam Prep,North Region,Rep_01,3.64,Lead,Open,,,
LD-303714,10/14/2025 15:11,Paid Search,K-12 Math,South Region,Rep_12,2.1,Contacted,Open,,,
LD-303715,2026-06-05 07:53:00,Cold Outreach,Language Learning,South Region,Rep_02,19.51,Demo Scheduled,Open,,,
LD-303716,06/13/2025 11:08,paid search,Language Learning,South Region,Rep_12,6.59,Proposal Sent,Lost,Bad Timing,$342.85,2025-07-27 12:01:05.072235
LD-303717,2026-06-28 09:20:00,Cold Outreach,Coding for Kids,North Region,Rep_01,1.28,Contacted,Open,,,
LD-303718,17-Dec-2025 16:08,Webinar,K-12 Math,North Region,Rep_01,2.15,Closed,Won,,525.9,2026-02-01 08:57:45.207908
LD-303719,2025-01-03 09:09:00,Social Media,Competitive Exam Prep,South Region,Rep_07,2.72,Demo Completed,Lost,Went With Competitor,"$1,050.35",2025-02-05 05:53:04.343522
LD-303720,04/20/2026 12:59,Organic Search,Study Abroad Prep,South Region,Rep_12,1.24,Negotiation,Lost,No Response / Ghosted,1277.75,2026-05-26 17:40:44.861574
LD-303721,09-Apr-2026 12:55,Organic Search,Competitive Exam Prep,East Region,Rep_04,5.99,Demo Scheduled,Open,,,
LD-303722,01/29/2026 19:28,Webinar,K-12 Math,East Region,Rep_09,0.98,Contacted,Open,,,
LD-303723,07/31/2025 16:30,Referral,Language Learning,North Region,Rep_06,4.46,Contacted,Open,,,
LD-303724,04/11/2025 18:20,Social Media,Study Abroad Prep,East Region,Rep_14,2.97,Contacted,Open,,,
LD-303725,08-Oct-2025 14:36,Referral,Coding for Kids,South Region,Rep_02,2.58,Contacted,Open,,,
LD-303726,14-Jul-2025 12:19,Referral,Competitive Exam Prep,East Region,Rep_04,2.23,Proposal Sent,Lost,Went With Competitor,"$1,159.25",2025-08-17 18:20:33.825060
LD-303727,2026-01-23 14:56:00,Organic Search,Study Abroad Prep,South Region,Rep_02,3.24,Contacted,Open,,,
LD-303728,06/20/2025 17:55,Paid Search,K-12 Math,South Region,Rep_12,0.92,Contacted,Open,,,
LD-303729,10/15/2025 12:27,Referral,Competitive Exam Prep,North Region,Rep_01,4.28,Contacted,Open,,,
LD-303730,11/28/2025 19:04,Referral,Study Abroad Prep,North Region,Rep_11,4.51,Closed,Won,,1491.15,2026-01-14 02:07:54.169768
LD-303731,2026-02-05 12:38:00,Social Media,Competitive Exam Prep,International,Rep_05,1.78,Contacted,Open,,,
LD-303732,04/01/2025 09:20,Referral,Competitive Exam Prep,South Region,Rep_12,3.93,Contacted,Open,,,
LD-303733,2025-08-01 13:24:00,Organic Search,Competitive Exam Prep,East Region,Rep_14,2.37,Contacted,Open,,,
LD-303734,01/10/2025 11:07,Referral,Competitive Exam Prep,North Region,Rep_06,4.44,Contacted,Open,,,
LD-303735,28-Aug-2025 13:34,paid search,Competitive Exam Prep,North Region,Rep_06,12.07,Negotiation,Lost,Bad Timing,947.64,2025-10-14 08:34:27.241573
LD-303736,09/03/2025 08:48,Partner Channel,K-12 Math,West Region,Rep_08,1.98,Closed,Won,,579.93,2025-10-20 07:46:11.094374
LD-303737,05/06/2026 13:14,Social Media,Language Learning,West Region,Rep_08,10.07,Contacted,Open,,,
LD-303738,05/05/2026 13:55,Referral,Competitive Exam Prep,East Region,Rep_04,5.46,Contacted,Open,,,
LD-303739,07-Jan-2026 12:17,Social Media,Coding for Kids,South Region,Rep_12,0.92,Lead,Open,,,
LD-303740,23-Apr-2025 10:58,Referral,Study Abroad Prep,East Region,Rep_14,10.18,Contacted,Open,,,
LD-303741,22-Apr-2026 15:15,Paid Search,Competitive Exam Prep,,Rep_08,1.07,Contacted,Open,,,
LD-303742,04/10/2026 07:24,Social Media,Language Learning,North Region,Rep_01,4.52,Contacted,Open,,,
LD-303743,12-Jun-2026 13:40,Organic Search,Competitive Exam Prep,North Region,Rep_11,1.46,Contacted,Open,,,
LD-303744,2026-03-13 14:33:00,Partner Channel,Competitive Exam Prep,West Region,Rep_13,0.82,Closed,Won,,$951.13,2026-04-05 02:48:45.991548
LD-303745,17-Jul-2025 14:13,Paid  Search,Competitive Exam Prep,East Region,Rep_09,3.23,Lead,Open,,,
LD-303746,12/19/2025 11:56,Partner Channel,Competitive Exam Prep,East Region,Rep_04,1.12,Lead,Open,,,
LD-303747,12-Apr-2026 15:39,Referral,Study Abroad Prep,South Region,Rep_12,7.12,Closed,Won,,"$1,383.49",2026-05-29 20:26:38.056480
LD-303748,04/11/2026 12:20,SEO,Language Learning,South Region,Rep_12,0.84,Contacted,Open,,,
LD-303749,11/06/2025 07:35,Organic Search,Language Learning,West Region,Rep_03,3.32,Contacted,Open,,,
LD-303750,12-Mar-2026 17:29,Cold-Outreach,K-12 Math,West Region,Rep_03,3.66,Contacted,Open,,,
LD-303751,2025-12-04 15:39:00,Organic Search,Study Abroad Prep,South Region,Rep_07,0.97,Contacted,Open,,,
LD-303752,03-Oct-2025 09:05,Referral,Language Learning,South Region,Rep_02,10.94,Closed,Won,,$324.26,2025-11-07 11:30:48.080089
LD-303753,2025-01-07 20:38:00,Webinar,Competitive Exam Prep,North Region,Rep_01,1.87,Negotiation,Lost,Price Objection,"$1,012.80",2025-02-28 13:02:11.700966
LD-303754,2025-12-20 15:26:00,Cold Outreach,Competitive Exam Prep,East Region,Rep_04,0.93,Lead,Open,,,
LD-303755,01/02/2026 08:58,Organic Search,Study Abroad Prep,North Region,Rep_01,2.16,Contacted,Open,,,
LD-303756,06/04/2026 19:19,Cold Outreach,K-12 Math,East Region,Rep_14,1.72,Demo Scheduled,Open,,,
LD-303757,2025-03-24 10:27:00,Social Media,K12 Math,West Region,Rep_08,2.92,Contacted,Open,,,
LD-303758,04/17/2025 13:40,Organic Search,Language Learning,East Region,Rep_04,16.67,Demo Completed,Lost,Price Objection,356.26,2025-05-19 07:49:50.379614
LD-303759,09/01/2025 15:05,Social Media,Competitive Exam Prep,International,Rep_10,10.66,Contacted,Open,,,
LD-303760,06/18/2026 10:15,Cold Outreach,Study Abroad Prep,,Rep_13,4.51,Contacted,Open,,,
LD-303761,2026-04-22 16:24:00,Partner Channel,K-12 Math,International,Rep_15,6.41,Contacted,Open,,,
LD-303762,02/28/2026 13:29,Paid Search,Competitive Exam Prep,International,Rep_05,4.85,Contacted,Open,,,
LD-303763,11-May-2026 16:30,Organic Search,Competitive Exam Prep,South Region,Rep_12,0.67,Contacted,Open,,,
LD-303764,2025-12-19 20:32:00,Webinar,Study Abroad Prep,South Region,Rep_07,0.78,Closed,Won,,1580.34,2026-02-07 06:49:45.930498
LD-303765,11-Oct-2025 13:31,Organic Search,Coding for Kids,West Region,Rep_03,7.97,Contacted,Open,,,
LD-303766,24-Jan-2025 07:50,Cold Outreach,Language Learning,,Rep_12,3.25,Contacted,Open,,,
LD-303767,2025-02-28 20:55:00,Organic Search,K-12 Math,South Region,Rep_12,2.3,Contacted,Open,,,
LD-303768,06-Mar-2026 10:40,Paid Search,K-12 Math,South Region,Rep_07,8.34,Lead,Open,,,
LD-303769,2025-04-29 12:55:00,Paid Search,K-12 Math,West Region,Rep_03,0.99,Contacted,Open,,,
LD-303770,04-Apr-2025 19:58,Cold Outreach,Study Abroad Prep,North Region,Rep_01,4.21,Lead,Open,,,
LD-303771,07/11/2025 19:44,Organic Search,K-12 Math,North Region,Rep_01,3.63,Contacted,Open,,,
LD-303772,2026-04-09 16:56:00,Organic Search,Competitive Exam Prep,South Region,Rep_12,14.22,Closed,Won,,824.0,2026-05-19 18:00:59.422838
LD-303773,31-Mar-2025 18:05,Referral,K-12 Math,East Region,Rep_09,3.92,Contacted,Open,,,
LD-303774,2025-10-14 18:02:00,Partner Channel,Study Abroad Prep,West Region,Rep_08,1.09,Closed,Won,,"$1,282.40",2025-11-16 01:23:30.789683
LD-303775,04/10/2026 15:11,Organic Search,Coding for Kids,South Region,Rep_12,5.1,Contacted,Open,,,
LD-303776,01/24/2025 18:15,Cold Outreach,Language Learning,International,Rep_10,1.78,Lead,Open,,,
LD-303777,06-Jun-2025 09:58,Paid Search,Study Abroad Prep,North Region,Rep_06,2.2,Lead,Open,,,
LD-303778,2025-06-24 15:04:00,Organic Search,coding for kids,South Region,Rep_07,8.82,Proposal Sent,Lost,Bad Timing,672.19,2025-08-11 05:57:21.795055
LD-303779,2026-06-24 15:28:00,Referral,K-12 Math,North Region,Rep_11,24.31,Contacted,Open,,,
LD-303780,05/26/2025 17:51,Referral,K-12 Math,East Region,Rep_09,1.26,Contacted,Open,,,
LD-303781,2025-03-21 17:58:00,Cold Outreach,Competitive Exam Prep,West Region,Rep_13,1.58,Contacted,Open,,,
LD-303782,23-Jul-2025 12:49,Paid Search,Competitive Exam Prep,South Region,Rep_07,1.58,Lead,Open,,,
LD-303783,20-Mar-2026 08:12,Paid Search,Language Learning,South Region,Rep_12,1.68,Lead,Open,,,
LD-303784,04/25/2025 13:48,Organic Search,Language Learning,East Region,Rep_09,1.58,Contacted,Open,,,
LD-303785,01/19/2026 19:47,Referral,Competitive Exam Prep,East Region,Rep_04,2.08,Contacted,Open,,,
LD-303786,25-Feb-2025 08:05,Organic Search,Coding for Kids,International,Rep_05,1.21,Contacted,Open,,,
LD-303787,2026-03-20 11:59:00,PPC,Study Abroad Prep,North Region,Rep_11,12.85,Contacted,Open,,,
LD-303788,2025-12-19 20:50:00,Social Media,K-12 Math,North Region,Rep_06,28.02,Contacted,Open,,,
LD-303789,11/03/2025 08:04,Social Media,K-12 Math,North Region,Rep_06,4.91,Contacted,Open,,,
LD-303790,21-Feb-2025 20:36,Organic Search,K-12 Math,South Region,Rep_07,0.81,Negotiation,Lost,No Response / Ghosted,445.51,2025-04-17 04:24:06.823221
LD-303791,17-Mar-2025 07:35,paid search,K-12 Math,West Region,Rep_03,3.37,Contacted,Open,,,
LD-303792,2025-11-13 15:50:00,Paid Search,Coding for Kids,North Region,Rep_11,5.87,Contacted,Open,,,
LD-303793,12/19/2025 10:45,Paid Search,Competitive Exam Prep,North Region,Rep_11,1.06,Contacted,Open,,,
LD-303794,26-Aug-2025 16:22,Organic Search,Coding for Kids,West Region,Rep_13,3.65,Contacted,Open,,,
LD-303795,2025-08-07 07:05:00,Organic Search,coding for kids,South Region,Rep_02,2.28,Contacted,Open,,,
LD-303796,05/22/2025 11:43,Referral,Language Learning,International,Rep_10,1.84,Closed,Won,,$315.05,2025-06-27 08:43:54.242857
LD-303797,20-Jan-2026 17:56,Referral,Competitive Exam Prep,West Region,Rep_13,3.52,Negotiation,Lost,Price Objection,1121.96,2026-03-04 20:43:47.254514
LD-303798,07/10/2025 07:39,Paid Search,K-12 Math,South Region,Rep_02,8.38,Contacted,Open,,,
LD-303799,2025-08-04 08:48:00,Paid Search,K-12 Math,South Region,Rep_02,4.9,Contacted,Open,,,
LD-303800,02/07/2025 17:37,Social Media,Language Learning,North Region,Rep_06,3.4,Lead,Open,,,
LD-303801,26-Sep-2025 19:03,Organic Search,Study Abroad Prep,South Region,Rep_02,2.83,Lead,Open,,,
LD-303802,07-Mar-2025 15:21,Cold Outreach,K-12 Math,East Region,Rep_04,5.96,Lead,Open,,,
LD-303803,20-Mar-2026 10:09,Referral,Study Abroad Prep,International,Rep_05,4.43,Demo Completed,Lost,Price Objection,1611.53,2026-04-23 03:47:34.742791
LD-303804,2026-03-06 08:04:00,Cold Outreach,K-12 Math,West Region,Rep_08,5.57,Contacted,Open,,,
LD-303805,2026-04-29 18:31:00,organic search,K-12 Math,North Region,Rep_01,1.78,Closed,Won,,$468.80,2026-05-30 21:13:47.151883
LD-303806,09/12/2025 10:29,Paid Search,K-12 Math,International,Rep_05,1.02,Contacted,Open,,,
LD-303807,2026-01-16 18:41:00,Referral,Coding for Kids,North Region,Rep_11,4.6,Contacted,Open,,,
LD-303808,07/09/2025 07:00,Paid Search,Competitive Exam Prep,South Region,Rep_07,0.48,Contacted,Open,,,
LD-303809,27-Feb-2026 09:17,Referral,Study Abroad Prep,South Region,Rep_02,7.95,Closed,Won,,"$1,476.55",2026-03-24 22:20:58.088262
LD-303810,2026-01-23 08:43:00,Partner Channel,K-12 Math,International,Rep_05,2.45,Contacted,Open,,,
LD-303811,09-Aug-2025 10:36,Partner Channel,k-12 math,East Region,Rep_09,1.11,Demo Scheduled,Open,,,
LD-303812,09/03/2025 10:28,Referral,K-12 Math,South Region,Rep_12,2.37,Closed,Won,,542.19,2025-10-13 02:11:50.395732
LD-303813,2025-01-31 07:57:00,Organic Search,K-12 Math,South Region,Rep_07,2.9,Proposal Sent,Lost,Price Objection,584.82,2025-03-23 07:57:45.861338
LD-303814,2025-05-30 15:16:00,Cold Outreach,K-12 Math,West Region,Rep_13,3.83,Demo Completed,Lost,Price Objection,$494.83,2025-07-04 20:02:57.471969
LD-303815,2026-06-11 13:30:00,Organic search,Competitive Exam Prep,South Region,Rep_07,3.12,Contacted,Open,,,
LD-303816,10/29/2025 20:25,Organic Search,Competitive Exam Prep,South Region,Rep_07,4.99,Proposal Sent,Lost,Price Objection,$940.53,2025-12-13 09:35:17.486487
LD-303817,27-Jan-2025 14:30,Organic Search,Coding for Kids,South Region,Rep_07,5.75,Contacted,Open,,,
LD-303818,03/26/2026 19:48,Organic Search,K12 Math,South Region,Rep_12,0.34,Negotiation,Lost,Went With Competitor,$599.74,2026-04-25 21:03:46.358802
LD-303819,25-Sep-2025 16:54,Cold Outreach,Competitive Exam Prep,East Region,Rep_04,1.2,Lead,Open,,,
LD-303820,05/25/2026 08:41,Social Media,Coding for Kids,East Region,Rep_09,4.47,Lead,Open,,,
LD-303821,10-Nov-2025 10:28,Referral,K-12 Math,East Region,Rep_04,7.51,Closed,Won,,556.09,2025-12-17 08:32:07.537865
LD-303822,2025-06-14 10:25:00,Referral,Competitive Exam Prep,North Region,Rep_06,2.39,Contacted,Open,,,
LD-303823,09/26/2025 15:32,Referral,Competitive Exam Prep,East Region,Rep_09,8.97,Closed,Won,,870.22,2025-11-05 09:22:29.535728
LD-303824,2025-03-20 13:09:00,Referral,K-12 Math,North Region,Rep_06,7.33,Contacted,Open,,,
LD-303825,2025-05-23 17:46:00,SEO,Study Abroad Prep,South Region,Rep_12,8.89,Demo Completed,Lost,Budget Not Approved,"$1,433.39",2025-06-12 00:57:57.821295
LD-303826,15-May-2026 10:50,Paid Search,k-12 math,International,Rep_05,-7.76,Contacted,Open,,,
LD-303827,2025-03-24 19:36:00,Paid Search,K-12 Math,East Region,Rep_09,2.45,Closed,Won,,$426.80,2025-04-25 10:23:08.334439
LD-303828,08/29/2025 17:23,Paid Search,Study Abroad Prep,East Region,Rep_04,3.33,Lead,Open,,,
LD-303829,2025-06-13 20:23:00,Organic Search,Study Abroad Prep,West Region,Rep_08,0.65,Contacted,Open,,,
LD-303830,2026-01-02 19:44:00,Organic Search,Competitive Exam Prep,South Region,Rep_07,3.88,Contacted,Open,,,
LD-303831,2026-05-12 10:41:00,Webinar,K-12 Math,South Region,Rep_07,0.88,Closed,Won,,$419.87,2026-06-14 04:31:43.455975
LD-303832,2025-07-04 12:42:00,Webinar,Competitive Exam Prep,North Region,Rep_01,1.34,Closed,Won,,923.21,2025-08-02 22:49:06.835607
LD-303833,01/06/2025 20:52,Organic Search,Language Learning,East Region,Rep_04,1.89,Contacted,Open,,,
LD-303834,2026-04-17 10:20:00,Social Media,K-12 Math,International,Rep_10,17.47,Lead,Open,,,
LD-303835,2025-03-07 19:04:00,Paid Search,Competitive Exam Prep,East Region,Rep_04,3.96,Contacted,Open,,,
LD-303836,05/18/2025 10:51,Referral,Study Abroad Prep,South Region,Rep_07,3.14,Contacted,Open,,,
LD-303837,2025-06-25 18:30:00,Social Media,coding for kids,South Region,Rep_07,2.13,Lead,Open,,,
LD-303838,2026-04-28 11:47:00,Organic Search,k-12 math,South Region,Rep_02,2.56,Contacted,Open,,,
LD-303839,04/07/2025 16:49,Referral,Competitive Exam Prep,East Region,Rep_04,7.63,Closed,Won,,912.11,2025-05-09 22:58:47.809089
LD-303840,14-Oct-2025 12:51,Webinar,Competitive Exam Prep,East Region,Rep_04,1.44,Contacted,Open,,,
LD-303841,2025-05-23 11:56:00,Organic Search,Competitive Exam Prep,International,Rep_10,0.79,Proposal Sent,Lost,Budget Not Approved,1090.76,2025-07-06 08:20:32.892703
LD-303842,04/29/2025 07:58,Partner Channel,K-12 Math,West Region,Rep_03,14.37,Demo Completed,Lost,Bad Timing,$473.29,2025-05-28 02:15:32.095182
LD-303843,02/24/2026 15:58,Organic Search,Competitive Exam Prep,South Region,Rep_07,2.78,Contacted,Open,,,
LD-303844,2025-07-18 13:57:00,Organic Search,Study Abroad Prep,East Region,Rep_14,22.12,Contacted,Open,,,
LD-303845,2025-03-12 15:12:00,Webinar,Study Abroad Prep,West Region,Rep_03,2.1,Negotiation,Lost,Price Objection,1610.85,2025-04-30 08:25:18.606019
LD-303846,15-Apr-2025 18:51,Cold Outreach,K-12 Math,North Region,Rep_11,2.5,Contacted,Open,,,
LD-303847,02/27/2026 16:46,Social Media,Coding for Kids,,Rep_06,9.47,Lead,Open,,,
LD-303848,12/28/2025 13:05,Webinar,Study Abroad Prep,North Region,Rep_11,1.06,Contacted,Open,,,
LD-303849,2026-04-17 08:44:00,Paid  Search,Study Abroad Prep,East Region,Rep_09,1.39,Lead,Open,,,
LD-303850,20-Apr-2025 07:15,Paid Search,Competitive Exam Prep,,Rep_07,1.18,Lead,Open,,,
LD-303851,06-Dec-2025 20:38,Organic Search,K-12 Math,South Region,Rep_12,5.1,Closed,Won,,558.44,2026-01-24 22:18:38.774682
LD-303852,2025-11-06 13:16:00,Referral,K-12 Math,South Region,Rep_07,3.27,Contacted,Open,,,
LD-303853,07/22/2025 15:39,Cold Outreach,Study Abroad Prep,South Region,Rep_02,0.91,Lead,Open,,,
LD-303854,02/03/2025 10:59,Referral,Competitive Exam Prep,East Region,Rep_09,4.17,Closed,Won,,1009.36,2025-03-06 07:01:19.564146
LD-303855,27-Mar-2026 17:50,Paid Search,K-12 Math,South Region,Rep_12,5.23,Contacted,Open,,,
LD-303856,2025-07-03 14:40:00,Referral,Language Learning,South Region,Rep_02,1.61,Closed,Won,,337.43,2025-08-11 07:24:00.406176
LD-303857,04/25/2025 09:05,Organic Search,Competitive Exam Prep,West Region,Rep_03,2.1,Contacted,Open,,,
LD-303858,22-May-2026 10:34,Webinar,Coding for Kids,South Region,Rep_02,6.22,Negotiation,Lost,No Response / Ghosted,$614.23,2026-06-22 11:51:47.575478
LD-303859,2026-04-16 12:55:00,Referral,Competitive Exam Prep,North Region,Rep_11,7.21,Closed,Won,,848.82,2026-05-30 23:28:57.255444
LD-303860,2026-02-23 19:01:00,Partner Channel,Competitive Exam Prep,International,Rep_05,3.75,Negotiation,Lost,Bad Timing,955.38,2026-04-01 11:47:50.461721
LD-303861,03/11/2025 13:48,Organic search,Coding for Kids,West Region,Rep_08,1.18,Proposal Sent,Lost,Went With Competitor,$746.37,2025-04-28 10:04:37.108448
LD-303862,28-Apr-2025 11:01,Organic Search,Competitive Exam Prep,International,Rep_15,0.81,Contacted,Open,,,
LD-303863,2025-04-10 20:55:00,Referral,Coding for Kids,North Region,Rep_06,0.87,Contacted,Open,,,
LD-303864,27-Apr-2026 18:02,Social Media,Coding for Kids,West Region,Rep_13,0.81,Proposal Sent,Lost,Went With Competitor,$558.23,2026-06-20 17:26:45.010714
LD-303865,03-Dec-2025 17:56,Organic Search,K-12 Math,West Region,Rep_08,1.45,Contacted,Open,,,
LD-303866,04/09/2026 08:32,Referral,K-12 Math,North Region,Rep_06,4.08,Negotiation,Lost,Went With Competitor,$579.19,2026-06-15 19:11:05.483596
LD-303867,2025-08-22 14:57:00,Paid Search,K-12 Math,West Region,Rep_13,6.8,Negotiation,Lost,No Response / Ghosted,416.26,2025-09-29 11:44:37.618306
LD-303868,04/29/2025 16:07,Paid Search,Language Learning,North Region,Rep_06,3.51,Contacted,Open,,,
LD-303869,2025-08-10 10:43:00,Social Media,K-12 Math,South Region,Rep_07,1.73,Contacted,Open,,,
LD-303870,12/02/2025 09:47,Organic Search,Coding for Kids,West Region,Rep_13,2.32,Proposal Sent,Lost,Price Objection,577.92,2026-01-11 07:12:50.396990
LD-303871,11/05/2025 16:52,Cold Outreach,Language Learning,West Region,Rep_03,0.91,Contacted,Open,,,
LD-303872,03/27/2026 10:11,Social Media,Competitive Exam Prep,North Region,Rep_01,1.9,Lead,Open,,,
LD-303873,09-Oct-2025 20:40,Paid Search,K-12 Math,South Region,Rep_02,4.01,Contacted,Open,,,
LD-303874,03/25/2026 19:09,Social Media,Language Learning,International,Rep_05,3.34,Contacted,Open,,,
LD-303875,08/28/2025 20:37,Webinar,Coding for Kids,,Rep_07,2.8,Contacted,Open,,,
LD-303876,24-Apr-2025 16:55,Referral,Study Abroad Prep,South Region,Rep_12,7.85,Closed,Won,,"$1,692.75",2025-05-29 16:26:08.471575
LD-303877,01-Aug-2025 09:48,Webinar,Study Abroad Prep,South Region,Rep_12,3.86,Closed,Won,,1527.61,2025-09-08 05:16:03.919398
LD-303878,2025-04-22 08:48:00,Paid Search,K-12 Math,North Region,Rep_06,2.66,Demo Scheduled,Open,,,
LD-303879,15-Jun-2026 20:19,Organic Search,K-12 Math,South Region,Rep_02,6.8,Contacted,Open,,,
LD-303880,14-Jun-2025 12:38,Social Media,Competitive Exam Prep,East Region,Rep_14,2.79,Lead,Open,,,
LD-303881,01/08/2025 10:08,Paid Search,K12 Math,South Region,Rep_07,2.95,Contacted,Open,,,
LD-303882,06/20/2025 20:07,Organic Search,Study Abroad Prep,North Region,Rep_11,5.69,Contacted,Open,,,
LD-303883,10/04/2025 07:17,Partner Channel,Language Learning,East Region,Rep_04,1.81,Contacted,Open,,,
LD-303884,2026-03-23 19:43:00,Referral,Coding for Kids,South Region,Rep_12,3.38,Contacted,Open,,,
LD-303885,12/01/2025 20:37,Partner Channel,Study Abroad Prep,West Region,Rep_08,0.19,Closed,Won,,"$1,351.07",2026-01-12 19:33:22.792014
LD-303886,05/19/2025 20:39,Webinar,Language Learning,North Region,Rep_06,3.31,Contacted,Open,,,
LD-303887,02/28/2025 19:58,Webinar,Language Learning,West Region,Rep_08,1.96,Contacted,Open,,,
LD-303888,07-Jul-2025 11:14,COLD OUTREACH,coding for kids,North Region,Rep_06,2.13,Lead,Open,,,
LD-303889,05/10/2026 19:38,Paid Search,Competitive Exam Prep,North Region,Rep_06,2.84,Lead,Open,,,
LD-303890,06-Jun-2025 17:10,Organic Search,K-12 Math,South Region,Rep_07,4.77,Contacted,Open,,,
LD-303891,30-Jan-2026 12:58,Referral,Competitive Exam Prep,South Region,Rep_02,0.52,Closed,Won,,1158.59,2026-03-09 00:47:30.776171
LD-303892,2026-06-24 15:22:00,Organic Search,coding for kids,North Region,Rep_11,1.48,Closed,Won,,767.37,2026-08-07 02:00:52.250257
LD-303893,11/10/2025 12:40,Social Media,K-12 Math,West Region,Rep_08,1.59,Demo Completed,Lost,Bad Timing,487.62,2025-12-07 06:18:39.672232
LD-303894,2025-01-31 07:06:00,Partner Channel,Competitive Exam Prep,North Region,Rep_11,1.68,Proposal Sent,Lost,Price Objection,1046.62,2025-03-15 01:03:41.385189
LD-303895,01/02/2026 15:16,Social Media,K-12 Math,West Region,Rep_03,1.02,Contacted,Open,,,
LD-303896,09/26/2025 20:56,Cold Outreach,Competitive Exam Prep,West Region,Rep_13,0.99,Contacted,Open,,,
LD-303897,04/29/2026 10:52,Referral,Language Learning,West Region,Rep_03,1.2,Closed,Won,,409.66,2026-06-03 15:38:24.186820
LD-303898,2025-05-23 10:50:00,Paid Search,Coding for Kids,North Region,Rep_01,3.55,Proposal Sent,Lost,Bad Timing,$620.50,2025-06-25 22:18:56.063682
LD-303899,18-Dec-2025 15:15,Organic Search,Competitive Exam Prep,West Region,Rep_03,7.31,Contacted,Open,,,
LD-303900,05/12/2026 09:33,Social Media,Competitive Exam Prep,South Region,Rep_12,2.06,Closed,Won,,907.55,2026-06-20 17:37:55.486418
LD-303901,01-Jun-2025 19:11,Organic Search,Language Learning,West Region,Rep_08,5.53,Negotiation,Lost,Price Objection,$304.98,2025-07-03 00:16:36.450218
LD-303902,2025-02-27 15:11:00,Social Media,K-12 Math,East Region,Rep_14,6.74,Demo Scheduled,Open,,,
LD-303903,12/10/2025 17:24,Partner Channel,Coding for Kids,South Region,Rep_12,1.98,Closed,Won,,752.3,2026-01-10 05:06:20.759330
LD-303904,07/18/2025 10:28,Paid Search,Study Abroad Prep,South Region,Rep_02,1.43,Proposal Sent,Lost,Went With Competitor,"$1,682.82",2025-08-18 16:21:42.465288
LD-303905,02/05/2026 13:58,Paid Search,Competitive Exam Prep,South Region,Rep_02,10.01,Proposal Sent,Lost,Went With Competitor,962.95,2026-03-25 09:56:13.641471
LD-303906,2026-02-22 07:10:00,Referral,Coding for Kids,East Region,Rep_09,10.39,Contacted,Open,,,
LD-303907,2026-03-13 14:52:00,Social Media,Coding for Kids,North Region,Rep_11,2.09,Closed,Won,,753.15,2026-04-22 23:17:29.727357
LD-303908,01/25/2026 13:59,PPC,Competitive Exam Prep,West Region,Rep_03,1.17,Lead,Open,,,
LD-303909,13-Jun-2025 11:29,Organic Search,K-12 Math,South Region,Rep_12,1.64,Contacted,Open,,,
LD-303910,2025-02-26 10:22:00,Paid Search,Study Abroad Prep,West Region,Rep_03,1.55,Proposal Sent,Lost,Price Objection,"$1,376.98",2025-03-18 06:09:19.705231
LD-303911,2025-07-04 18:49:00,Social Media,Coding for Kids,North Region,Rep_11,2.37,Proposal Sent,Lost,Price Objection,$620.32,2025-08-16 17:53:17.267557
LD-303912,21-May-2025 12:27,Social Media,Competitive Exam Prep,East Region,Rep_04,28.1,Lead,Open,,,
LD-303913,11/12/2025 12:41,Webinar,Language Learning,West Region,Rep_13,6.66,Closed,Won,,399.42,2025-12-24 11:12:53.782211
LD-303914,2025-10-31 11:46:00,Organic Search,K-12 Math,North Region,Rep_06,7.07,Lead,Open,,,
LD-303915,22-Aug-2025 20:11,Organic Search,K-12 Math,East Region,Rep_04,0.61,Contacted,Open,,,
LD-303916,11/27/2025 15:18,Webinar,K-12 Math,East Region,Rep_14,0.71,Negotiation,Lost,Bad Timing,$453.70,2026-01-24 22:11:59.589480
LD-303917,10/10/2025 15:45,Organic Search,Coding for Kids,East Region,Rep_14,1.77,Lead,Open,,,
LD-303918,03/06/2026 08:55,Cold Outreach,Competitive Exam Prep,International,Rep_10,5.46,Lead,Open,,,
LD-303919,08-Jul-2025 09:59,Webinar,K-12 Math,,Rep_14,1.06,Contacted,Open,,,
LD-303920,12-Sep-2025 13:55,Referral,Study Abroad Prep,South Region,Rep_02,1.33,Lead,Open,,,
LD-303921,2025-07-07 18:50:00,Paid Search,K-12 Math,West Region,Rep_08,3.5,Contacted,Open,,,
LD-303922,03/20/2026 17:47,Partner Channel,Competitive Exam Prep,South Region,Rep_07,6.43,Negotiation,Lost,Budget Not Approved,828.62,2026-04-19 20:44:31.302819
LD-303923,15-Apr-2025 16:44,organic search,Language Learning,South Region,Rep_12,0.81,Closed,Won,,347.66,2025-05-17 09:18:24.577722
LD-303924,2026-03-18 08:27:00,Referral,Competitive Exam Prep,West Region,Rep_13,1.76,Demo Scheduled,Open,,,
LD-303925,11-Nov-2025 17:06,Webinar,K-12 Math,North Region,Rep_01,0.93,Closed,Won,,486.1,2025-12-26 18:29:39.865940
LD-303926,01/28/2025 19:51,Referral,K-12 Math,East Region,Rep_04,1.16,Contacted,Open,,,
LD-303927,08/05/2025 10:27,Webinar,Study Abroad Prep,,Rep_05,12.37,Closed,Won,,1337.28,2025-09-07 04:02:57.942091
LD-303928,26-Sep-2025 19:02,Organic Search,Coding for Kids,West Region,Rep_03,10.99,Contacted,Open,,,
LD-303929,03-Jan-2025 15:43,Social Media,Coding for Kids,East Region,Rep_09,3.68,Contacted,Open,,,
LD-303930,03/05/2025 17:45,paid search,Competitive Exam Prep,South Region,Rep_07,3.34,Contacted,Open,,,
LD-303931,13-Dec-2025 18:04,Referral,Competitive Exam Prep,East Region,Rep_09,1.5,Contacted,Open,,,
LD-303932,2025-04-09 11:19:00,Paid  Search,Coding for Kids,East Region,Rep_04,1.57,Contacted,Open,,,
LD-303933,2026-02-04 14:14:00,organic search,Competitive Exam Prep,West Region,Rep_03,10.03,Negotiation,Lost,Price Objection,857.0,2026-03-23 13:57:13.159597
LD-303934,11/21/2025 11:00,Partner Channel,K12 Math,West Region,Rep_08,8.31,Lead,Open,,,
LD-303935,02/12/2026 13:57,Cold Outreach,K-12 Math,West Region,Rep_13,7.47,Lead,Open,,,
LD-303936,08/14/2025 15:11,organic search,Language Learning,West Region,Rep_08,3.97,Contacted,Open,,,
LD-303937,11/12/2025 14:32,Organic Search,K-12 Math,International,Rep_15,0.85,Contacted,Open,,,
LD-303938,2025-08-11 18:10:00,Paid Search,K-12 Math,International,Rep_15,2.22,Lead,Open,,,
LD-303939,08/29/2025 07:48,Partner Channel,K12 Math,South Region,Rep_12,1.86,Proposal Sent,Lost,No Response / Ghosted,$466.01,2025-10-14 10:58:06.570784
LD-303940,05/22/2026 20:18,Paid Search,Language Learning,West Region,Rep_13,1.45,Lead,Open,,,
LD-303941,11/24/2025 15:38,Referral,K-12 Math,North Region,Rep_06,4.05,Closed,Won,,565.67,2025-12-28 05:46:11.179821
LD-303942,01/11/2026 11:31,Social Media,Language Learning,South Region,Rep_07,1.66,Lead,Open,,,
LD-303943,05/29/2025 14:17,Social Media,Language Learning,North Region,Rep_06,0.95,Contacted,Open,,,
LD-303944,2025-01-31 20:22:00,Social Media,K-12 Math,International,Rep_15,5.47,Lead,Open,,,
LD-303945,12/02/2025 13:46,Webinar,Coding for Kids,North Region,Rep_11,4.45,Contacted,Open,,,
LD-303946,03-Apr-2026 10:45,Paid Search,Competitive Exam Prep,West Region,Rep_13,1.21,Contacted,Open,,,
LD-303947,13-Jun-2025 19:16,Webinar,k-12 math,West Region,Rep_13,7.72,Contacted,Open,,,
LD-303948,2025-04-23 18:20:00,Webinar,Coding for Kids,West Region,Rep_03,4.45,Contacted,Open,,,
LD-303949,2026-01-25 14:45:00,Social Media,K-12 Math,International,Rep_05,3.65,Contacted,Open,,,
LD-303950,2026-02-15 13:05:00,Organic Search,Study Abroad Prep,,Rep_14,1.74,Demo Scheduled,Open,,,
LD-303951,25-Mar-2026 08:23,Paid Search,Language Learning,East Region,Rep_14,6.29,Negotiation,Lost,No Response / Ghosted,380.33,2026-05-10 18:54:13.680973
LD-303952,11/02/2025 11:14,Social Media,K-12 Math,West Region,Rep_03,3.07,Contacted,Open,,,
LD-303953,2025-12-01 11:40:00,paid search,Language Learning,West Region,Rep_08,6.89,Lead,Open,,,
LD-303954,05/04/2025 16:53,Social Media,Competitive Exam Prep,West Region,Rep_03,5.55,Lead,Open,,,
LD-303955,01/27/2025 19:39,Social Media,k-12 math,North Region,Rep_06,1.64,Lead,Open,,,
LD-303956,03/29/2025 07:54,Webinar,K-12 Math,South Region,Rep_02,1.62,Closed,Won,,423.34,2025-04-27 22:49:58.334712
LD-303957,08-Jan-2026 10:25,Paid Search,Language Learning,South Region,Rep_02,2.12,Contacted,Open,,,
LD-303958,10/03/2025 15:29,Webinar,Language Learning,West Region,Rep_13,2.72,Proposal Sent,Lost,No Response / Ghosted,391.53,2025-11-17 16:58:53.209328
LD-303959,02/01/2025 07:12,Paid Search,Study Abroad Prep,East Region,Rep_14,3.31,Lead,Open,,,
LD-303960,2025-12-22 17:38:00,Paid Search,Study Abroad Prep,South Region,Rep_02,3.56,Contacted,Open,,,
LD-303961,06/20/2025 20:35,Social Media,K-12  Math,West Region,Rep_08,2.25,Contacted,Open,,,
LD-303962,2025-07-25 20:23:00,COLD OUTREACH,Competitive Exam Prep,International,Rep_05,7.87,Lead,Open,,,
LD-303963,01-Jan-2026 08:42,Referral,K-12 Math,South Region,Rep_02,3.47,Contacted,Open,,,
LD-303964,23-Dec-2025 07:48,Referral,Language Learning,West Region,Rep_13,6.54,Closed,Won,,$350.66,2026-02-14 03:32:28.066615
LD-303965,02/11/2026 17:01,Paid Search,Language Learning,South Region,Rep_12,26.29,Lead,Open,,,
LD-303966,06/03/2025 20:21,Referral,Competitive Exam Prep,East Region,Rep_04,0.45,Contacted,Open,,,
LD-303967,06/03/2026 20:58,Cold Outreach,K-12 Math,West Region,Rep_03,1.23,Contacted,Open,,,
LD-303968,08-May-2026 10:26,Paid Search,K-12 Math,East Region,Rep_04,2.89,Lead,Open,,,
LD-303969,2025-04-21 17:21:00,Social Media,Coding for Kids,,Rep_06,14.67,Demo Scheduled,Open,,,
LD-303970,05/26/2025 17:31,Referral,Coding for Kids,West Region,Rep_03,3.0,Negotiation,Lost,No Response / Ghosted,$598.53,2025-06-25 18:18:02.558082
LD-303971,08/08/2025 10:02,PPC,K-12 Math,West Region,Rep_13,1.33,Lead,Open,,,
LD-303972,2026-04-25 10:00:00,Organic search,Coding for Kids,East Region,Rep_04,2.47,Contacted,Open,,,
LD-303973,2025-09-14 13:22:00,Organic Search,Competitive Exam Prep,East Region,Rep_04,0.75,Contacted,Open,,,
LD-303974,2026-06-12 08:32:00,Cold Outreach,K-12 Math,East Region,Rep_04,2.8,Proposal Sent,Lost,Price Objection,$449.82,2026-07-25 00:18:46.095844
LD-303975,16-Jan-2026 10:13,cold outreach,Coding for Kids,West Region,Rep_03,6.57,Demo Completed,Lost,Went With Competitor,$671.78,2026-02-18 03:50:35.404930
LD-303976,02/11/2025 07:52,Paid Search,Study Abroad Prep,South Region,Rep_02,5.7,Contacted,Open,,,
LD-303977,12/09/2025 15:29,Referral,K-12 Math,South Region,Rep_07,4.0,Closed,Won,,492.37,2026-01-23 15:11:22.715928
LD-303978,05/22/2025 09:52,Social,Language Learning,North Region,Rep_11,4.11,Lead,Open,,,
LD-303979,05/14/2025 13:43,Referral,Coding for Kids,North Region,Rep_01,2.24,Contacted,Open,,,
LD-303980,2025-12-11 18:49:00,Paid Search,Study Abroad Prep,South Region,Rep_07,1.91,Lead,Open,,,
LD-303981,11-May-2026 16:41,Referral,K-12 Math,International,Rep_10,2.14,Contacted,Open,,,
LD-303982,2025-04-03 15:24:00,Webinar,Study Abroad Prep,,Rep_08,2.9,Closed,Won,,"$1,603.27",2025-05-14 12:21:55.600371
LD-303983,09/05/2025 11:57,Referral,Competitive Exam Prep,South Region,Rep_12,6.16,Contacted,Open,,,
LD-303984,03/21/2025 17:27,Paid Search,K-12 Math,West Region,Rep_03,3.14,Lead,Open,,,
LD-303985,02/22/2025 10:41,Paid Search,Coding for Kids,East Region,Rep_04,2.38,Lead,Open,,,
LD-303986,04/19/2026 12:49,Organic Search,Language Learning,East Region,Rep_14,3.93,Contacted,Open,,,
LD-303987,27-Jan-2025 17:45,SEO,Language Learning,East Region,Rep_04,3.46,Contacted,Open,,,
LD-303988,25-Mar-2025 13:33,Partner Channel,Competitive Exam Prep,West Region,Rep_08,4.7,Closed,Won,,1139.52,2025-05-10 05:49:39.569397
LD-303989,16-May-2025 17:54,Social Media,Language Learning,West Region,Rep_13,2.05,Lead,Open,,,
LD-303990,12/09/2025 10:06,Paid Search,Language Learning,West Region,Rep_08,5.97,Contacted,Open,,,
LD-303991,12/16/2025 12:32,Organic Search,K-12 Math,International,Rep_05,8.42,Contacted,Open,,,
LD-303992,28-May-2026 07:29,organic search,K-12 Math,South Region,Rep_07,3.32,Contacted,Open,,,
LD-303993,07/25/2025 20:46,Webinar,Competitive Exam Prep,West Region,Rep_13,6.23,Closed,Won,,$829.75,2025-08-27 14:18:33.318934
LD-303994,09/18/2025 18:23,SEO,K-12 Math,East Region,Rep_09,3.95,Contacted,Open,,,
LD-303995,2025-08-14 10:55:00,Referral,Competitive Exam Prep,East Region,Rep_04,0.74,Closed,Won,,1130.42,2025-10-07 06:04:39.478186
LD-303996,12/23/2025 07:54,Paid Search,Competitive Exam Prep,International,Rep_10,4.49,Contacted,Open,,,
LD-303997,12/10/2025 17:52,Webinar,K-12 Math,North Region,Rep_06,2.08,Contacted,Open,,,
LD-303998,04/03/2025 14:41,Social Media,K-12 Math,West Region,Rep_13,1.18,Negotiation,Lost,Budget Not Approved,522.16,2025-05-25 07:07:13.218806
LD-303999,24-Mar-2025 17:47,social media,K-12 Math,South Region,Rep_02,13.48,Closed,Won,,577.37,2025-04-26 05:09:57.963723
LD-304000,01-Jan-2025 10:59,Paid Search,K-12 Math,International,Rep_05,5.05,Lead,Open,,,
LD-304001,2026-05-27 15:31:00,Webinar,Language Learning,West Region,Rep_13,1.29,Closed,Won,,301.34,2026-06-16 04:24:49.734711
LD-304002,2025-10-13 07:37:00,Webinar,K-12 Math,South Region,Rep_02,1.34,Negotiation,Lost,Price Objection,$450.63,2025-12-01 11:26:14.888445
LD-304003,2026-06-14 07:04:00,Organic Search,Coding for Kids,North Region,Rep_06,0.76,Contacted,Open,,,
LD-304004,2025-08-27 12:11:00,Paid Search,Competitive Exam Prep,,Rep_08,3.78,Contacted,Open,,,
LD-304005,12/02/2025 07:53,Organic Search,K-12 Math,International,Rep_10,3.32,Lead,Open,,,
LD-304006,2026-05-04 17:19:00,Organic Search,Coding for Kids,West Region,Rep_08,0.41,Contacted,Open,,,
LD-304007,11/08/2025 14:40,Partner Channel,K12 Math,South Region,Rep_07,5.64,Closed,Won,,454.42,2025-12-16 10:47:03.170835
LD-304008,28-May-2026 16:44,Cold Outreach,k-12 math,North Region,Rep_01,0.72,Lead,Open,,,
LD-304009,2025-02-09 12:46:00,Referral,K-12 Math,North Region,Rep_11,2.37,Lead,Open,,,
LD-304010,03/16/2026 13:06,Partner Channel,K-12 Math,East Region,Rep_14,4.16,Lead,Open,,,
LD-304011,24-Feb-2025 19:13,Cold Outreach,K-12 Math,West Region,Rep_08,1.36,Contacted,Open,,,
LD-304012,2025-06-22 14:15:00,Paid Search,Competitive Exam Prep,International,Rep_05,2.45,Contacted,Open,,,
LD-304013,03/07/2025 12:43,Organic Search,K-12 Math,West Region,Rep_13,3.9,Contacted,Open,,,
LD-304014,06-Mar-2026 12:31,Social Media,Competitive Exam Prep,,Rep_01,2.68,Demo Completed,Lost,Price Objection,876.85,2026-04-05 12:52:28.478354
LD-304015,06/19/2026 16:13,Paid Search,Coding for Kids,North Region,Rep_11,1.87,Contacted,Open,,,
LD-304016,2025-04-11 20:37:00,Cold Outreach,Competitive Exam Prep,North Region,Rep_01,1.25,Contacted,Open,,,
LD-304017,06/15/2026 12:56,Organic Search,Coding for Kids,North Region,Rep_01,2.22,Contacted,Open,,,
LD-304018,29-Jan-2025 09:19,Social Media,Competitive Exam Prep,South Region,Rep_02,11.3,Proposal Sent,Lost,Bad Timing,850.67,2025-03-22 20:22:00.659453
LD-304019,06/24/2026 13:13,Paid Search,Coding for Kids,West Region,Rep_13,5.11,Contacted,Open,,,
LD-304020,2025-12-28 09:09:00,Paid Search,Competitive Exam Prep,North Region,Rep_06,3.05,Demo Completed,Lost,Price Objection,$926.13,2026-01-27 10:01:57.567662
LD-304021,2025-06-10 10:37:00,Social,Competitive Exam Prep,North Region,Rep_01,6.52,Contacted,Open,,,
LD-304022,04-Jul-2025 13:29,Organic Search,Language Learning,West Region,Rep_03,19.22,Contacted,Open,,,
LD-304023,02/14/2025 15:34,Social Media,Coding for Kids,West Region,Rep_03,14.8,Lead,Open,,,
LD-304024,04/25/2025 10:00,Paid Search,Competitive Exam Prep,North Region,Rep_11,2.41,Contacted,Open,,,
LD-304025,2025-08-06 08:41:00,Paid Search,Competitive Exam Prep,South Region,Rep_02,3.26,Contacted,Open,,,
LD-304026,28-Mar-2025 16:16,Organic Search,Language Learning,North Region,Rep_11,0.96,Contacted,Open,,,
LD-304027,06/12/2026 08:04,Paid Search,Language Learning,North Region,Rep_01,6.64,Proposal Sent,Lost,No Response / Ghosted,337.36,2026-07-14 23:49:23.996807
LD-304028,15-Aug-2025 14:04,Paid Search,Coding for Kids,East Region,Rep_09,2.23,Lead,Open,,,
LD-304029,2026-01-19 09:34:00,Organic Search,Study Abroad Prep,South Region,Rep_02,-1.99,Contacted,Open,,,
LD-304030,08-Mar-2025 10:00,Social Media,Competitive Exam Prep,South Region,Rep_02,4.41,Contacted,Open,,,
LD-304031,10-Oct-2025 13:59,Social Media,K-12 Math,West Region,Rep_08,0.36,Demo Completed,Lost,Budget Not Approved,592.74,2025-11-15 02:53:52.475013
LD-304032,2026-03-01 10:05:00,Social Media,Language Learning,International,Rep_15,2.58,Contacted,Open,,,
LD-304033,2025-06-13 14:30:00,Paid Search,Study Abroad Prep,South Region,Rep_07,4.14,Demo Completed,Lost,No Response / Ghosted,1616.61,2025-07-24 02:24:33.640583
LD-304034,01/31/2025 17:14,Partner Channel,K-12 Math,East Region,Rep_09,0.95,Contacted,Open,,,
LD-304035,2026-02-09 19:17:00,organic search,K-12 Math,South Region,Rep_07,1.95,Closed,Won,,489.17,2026-03-27 11:48:32.986557
LD-304036,02-Jan-2026 15:11,Paid Search,Language Learning,South Region,Rep_12,3.05,Demo Completed,Lost,No Response / Ghosted,397.22,2026-01-29 07:38:51.412898
LD-304037,2025-01-27 10:14:00,Organic Search,Language Learning,,Rep_04,5.29,Contacted,Open,,,
LD-304038,2025-10-03 14:06:00,Organic Search,Competitive Exam Prep,East Region,Rep_14,5.66,Demo Scheduled,Open,,,
LD-304039,2026-01-25 15:46:00,Organic Search,K-12 Math,South Region,Rep_02,0.58,Lead,Open,,,
LD-304040,05/30/2026 19:53,Organic Search,Coding for Kids,West Region,Rep_13,19.22,Proposal Sent,Lost,Price Objection,594.46,2026-07-07 00:46:08.234055
LD-304041,01/26/2026 19:39,Referral,Language Learning,West Region,Rep_13,3.29,Closed,Won,,387.37,2026-03-14 23:18:50.557032
LD-304042,2025-09-05 20:45:00,Webinar,Language Learning,East Region,Rep_09,2.01,Contacted,Open,,,
LD-304043,08/09/2025 10:00,Paid Search,K-12 Math,North Region,Rep_11,2.26,Contacted,Open,,,
LD-304044,2025-03-08 08:24:00,Webinar,K-12 Math,West Region,Rep_13,-2.54,Contacted,Open,,,
LD-304045,26-Feb-2026 16:38,Organic Search,Language Learning,East Region,Rep_04,10.37,Lead,Open,,,
LD-304046,2025-11-26 17:41:00,Social Media,Coding for Kids,South Region,Rep_07,2.4,Lead,Open,,,
LD-304047,2026-01-05 11:42:00,cold outreach,Competitive Exam Prep,North Region,Rep_11,2.54,Lead,Open,,,
LD-304048,03/08/2025 20:39,Partner Channel,Coding for Kids,West Region,Rep_03,7.39,Closed,Won,,$725.61,2025-04-26 17:03:38.574990
LD-304049,05/29/2026 15:46,Organic Search,Coding for Kids,West Region,Rep_13,0.65,Closed,Won,,680.3,2026-07-07 19:35:34.348156
LD-304050,04/06/2025 19:14,Organic Search,Competitive Exam Prep,,Rep_05,2.24,Contacted,Open,,,
LD-304051,02/20/2025 07:16,Paid Search,K-12 Math,South Region,Rep_02,2.66,Closed,Won,,529.88,2025-04-02 16:37:30.575914
LD-304052,2025-03-13 20:14:00,Webinar,Competitive Exam Prep,East Region,Rep_09,14.95,Lead,Open,,,
LD-304053,05-Nov-2025 18:31,Paid Search,Competitive Exam Prep,International,Rep_05,4.32,Contacted,Open,,,
LD-304054,2026-02-16 08:09:00,Partner Channel,Language Learning,,Rep_13,2.98,Closed,Won,,312.53,2026-03-30 18:35:57.332499
LD-304055,07-Apr-2025 09:04,Cold Outreach,K-12 Math,West Region,Rep_08,10.42,Lead,Open,,,
LD-304056,09-Jun-2025 07:42,Social Media,Coding for Kids,North Region,Rep_11,13.72,Lead,Open,,,
LD-304057,18-Apr-2025 17:00,Referral,Competitive Exam Prep,North Region,Rep_11,34.93,Contacted,Open,,,
LD-304058,19-Jan-2026 12:57,Webinar,CODING FOR KIDS,West Region,Rep_08,8.51,Contacted,Open,,,
LD-304059,07/16/2025 16:39,Social Media,Competitive Exam Prep,North Region,Rep_11,0.91,Negotiation,Lost,Price Objection,"$1,185.91",2025-08-29 20:33:00.682337
LD-304060,2026-06-17 10:10:00,Organic Search,Competitive Exam Prep,North Region,Rep_11,1.06,Closed,Won,,911.35,2026-07-19 17:26:33.243788
LD-304061,14-Mar-2025 15:07,Partner Channel,Competitive Exam Prep,North Region,Rep_06,6.55,Lead,Open,,,
LD-304062,03-Apr-2026 19:05,Social Media,Language Learning,West Region,Rep_03,0.84,Contacted,Open,,,
LD-304063,2025-04-16 19:32:00,Organic Search,Language Learning,East Region,Rep_14,2.02,Contacted,Open,,,
LD-304064,2025-12-18 10:00:00,Social Media,Competitive Exam Prep,North Region,Rep_11,1.38,Contacted,Open,,,
LD-304065,20-Jun-2025 12:55,Partner Channel,Language Learning,West Region,Rep_03,4.8,Contacted,Open,,,
LD-304066,2026-01-28 07:16:00,Webinar,Coding for Kids,North Region,Rep_11,3.27,Closed,Won,,$736.59,2026-03-12 17:19:50.641854
LD-304067,06/29/2026 10:47,Social Media,Competitive Exam Prep,East Region,Rep_04,2.34,Lead,Open,,,
LD-304068,2025-04-28 20:11:00,Organic Search,K-12 Math,West Region,Rep_13,2.75,Contacted,Open,,,
LD-304069,20-Dec-2025 07:47,Referral,Coding for Kids,South Region,Rep_02,3.51,Demo Scheduled,Open,,,
LD-304070,25-Feb-2025 11:51,Webinar,Competitive Exam Prep,East Region,Rep_14,1.03,Closed,Won,,1062.0,2025-04-02 15:02:35.672519
LD-304071,2026-02-10 12:48:00,paid search,Study Abroad Prep,North Region,Rep_01,1.25,Contacted,Open,,,
LD-304072,2025-07-04 20:42:00,Organic Search,Coding for Kids,,Rep_06,1.24,Lead,Open,,,
LD-304073,06-Jan-2025 18:31,Social Media,k-12 math,South Region,Rep_07,4.64,Proposal Sent,Lost,Bad Timing,506.79,2025-02-03 22:47:31.564888
LD-304074,26-Sep-2025 19:22,Organic Search,Study Abroad Prep,East Region,Rep_14,3.88,Contacted,Open,,,
LD-304075,2026-03-25 08:15:00,Organic Search,Coding for Kids,North Region,Rep_06,4.21,Contacted,Open,,,
LD-304076,04-Feb-2026 16:02,Social Media,K-12 Math,South Region,Rep_12,17.0,Demo Completed,Lost,Bad Timing,552.31,2026-03-11 16:35:21.012669
LD-304077,05-Jan-2026 16:59,Referral,Competitive Exam Prep,South Region,Rep_12,2.42,Contacted,Open,,,
LD-304078,2025-02-14 11:12:00,Cold Outreach,Coding for Kids,South Region,Rep_07,1.86,Contacted,Open,,,
LD-304079,03/05/2025 15:48,Paid Search,Coding for Kids,International,Rep_15,13.68,Lead,Open,,,
LD-304080,2026-05-17 11:17:00,SOCIAL MEDIA,Study Abroad Prep,East Region,Rep_04,2.42,Contacted,Open,,,
LD-304081,20-Oct-2025 15:30,Referral,Coding for Kids,East Region,Rep_04,2.62,Contacted,Open,,,
LD-304082,23-Jun-2025 20:50,Organic Search,Language Learning,South Region,Rep_12,3.19,Demo Completed,Lost,Price Objection,317.11,2025-07-29 23:58:24.780446
LD-304083,02/14/2025 12:42,Webinar,K-12 Math,West Region,Rep_13,6.17,Negotiation,Lost,No Response / Ghosted,569.26,2025-04-13 13:35:20.182901
LD-304084,08/05/2025 07:28,Organic Search,K-12 Math,South Region,Rep_12,1.67,Proposal Sent,Lost,No Response / Ghosted,597.74,2025-09-08 02:47:20.796801
LD-304085,27-Aug-2025 07:56,Referral,K-12 Math,International,Rep_15,1.01,Closed,Won,,595.51,2025-10-06 07:27:59.340351
LD-304086,2026-04-07 13:27:00,Cold Outreach,Study Abroad Prep,North Region,Rep_11,5.0,Lead,Open,,,
LD-304087,24-Nov-2025 09:15,Referral,coding for kids,South Region,Rep_07,0.5,Closed,Won,,755.15,2026-01-09 07:23:14.792294
LD-304088,02/06/2026 12:08,Paid Search,Coding for Kids,West Region,Rep_03,6.06,Lead,Open,,,
LD-304089,20-May-2026 20:15,Referral,Coding for Kids,East Region,Rep_14,11.46,Contacted,Open,,,
LD-304090,11/29/2025 10:13,Social Media,Study Abroad Prep,South Region,Rep_07,3.82,Contacted,Open,,,
LD-304091,2025-11-29 10:06:00,Partner Channel,Study Abroad Prep,South Region,Rep_12,7.55,Closed,Won,,"$1,589.79",2026-01-09 16:16:55.923626
LD-304092,2025-07-23 08:35:00,Organic Search,Coding for Kids,International,Rep_15,4.26,Contacted,Open,,,
LD-304093,17-Sep-2025 19:49,Cold Outreach,Coding for Kids,South Region,Rep_07,4.55,Lead,Open,,,
LD-304094,2025-04-25 18:00:00,Organic Search,K-12 Math,West Region,Rep_13,1.1,Contacted,Open,,,
LD-304095,2025-02-10 13:21:00,Referral,Competitive Exam Prep,East Region,Rep_09,5.82,Closed,Won,,849.25,2025-04-03 05:17:10.079958
LD-304096,22-Jan-2026 12:39,Referral,Competitive Exam Prep,North Region,Rep_01,0.85,Closed,Won,,1108.29,2026-02-19 16:51:12.328805
LD-304097,2025-09-24 19:12:00,Social Media,Competitive Exam Prep,East Region,Rep_14,0.56,Demo Completed,Lost,Budget Not Approved,1020.39,2025-10-08 21:58:43.494215
LD-304098,2025-09-23 09:34:00,Partner Channel,Competitive Exam Prep,West Region,Rep_08,7.28,Closed,Won,,1038.46,2025-10-30 05:55:38.962894
LD-304099,04/24/2026 12:49,Social Media,Coding For Kids,South Region,Rep_12,15.94,Lead,Open,,,
LD-304100,2025-06-05 12:48:00,Social Media,K-12 Math,West Region,Rep_08,1.53,Negotiation,Lost,Bad Timing,569.5,2025-07-08 10:23:36.495783
LD-304101,05/21/2025 16:01,Paid Search,Competitive Exam Prep,International,Rep_10,1.99,Demo Completed,Lost,Price Objection,"$1,076.02",2025-06-26 15:26:16.208271
LD-304102,04/10/2026 16:42,Referral,K-12 Math,West Region,Rep_13,1.17,Demo Scheduled,Open,,,
LD-304103,11/17/2025 08:20,Webinar,Language Learning,East Region,Rep_14,7.15,Contacted,Open,,,
LD-304104,2025-03-27 15:42:00,Referral,Language Learning,South Region,Rep_12,3.71,Contacted,Open,,,
LD-304105,2025-12-24 18:23:00,Paid Search,K-12 Math,,Rep_02,0.81,Contacted,Open,,,
LD-304106,01/12/2026 20:12,Cold Outreach,Language Learning,West Region,Rep_13,5.2,Lead,Open,,,
LD-304107,2026-02-17 12:45:00,Organic search,K-12 Math,North Region,Rep_01,2.64,Lead,Open,,,
LD-304108,23-Apr-2026 11:58,Social Media,K-12 Math,North Region,Rep_01,3.2,Lead,Open,,,
LD-304109,05/07/2026 11:28,Cold Outreach,K-12 Math,West Region,Rep_03,3.39,Lead,Open,,,
LD-304110,02/14/2025 11:26,Social Media,Competitive Exam Prep,West Region,Rep_03,3.89,Contacted,Open,,,
LD-304111,03-Jan-2025 18:07,Social Media,Study Abroad Prep,North Region,Rep_11,1.49,Contacted,Open,,,
LD-304112,2025-06-18 12:01:00,Paid Search,Coding for Kids,South Region,Rep_07,1.02,Contacted,Open,,,
LD-304113,05/19/2026 12:09,organic search,K-12 Math,South Region,Rep_02,1.08,Contacted,Open,,,
LD-304114,2025-05-29 15:44:00,Paid Search,K12 Math,South Region,Rep_07,12.65,Negotiation,Lost,Price Objection,$539.49,2025-06-18 21:13:08.930762
LD-304115,03/31/2026 08:53,Referral,Language Learning,International,Rep_05,4.11,Negotiation,Lost,No Response / Ghosted,363.73,2026-05-14 16:30:35.193815
LD-304116,08/15/2025 18:42,Referral,K-12 Math,East Region,Rep_14,0.59,Closed,Won,,$438.16,2025-09-25 03:38:17.174051
LD-304117,2025-08-29 19:36:00,Partner Channel,Competitive Exam Prep,International,Rep_10,0.94,Contacted,Open,,,
LD-304118,01/30/2026 16:23,Organic Search,K-12 Math,International,Rep_15,5.49,Proposal Sent,Lost,Bad Timing,561.55,2026-03-25 17:47:15.418349
LD-304119,2025-09-03 13:14:00,Organic Search,K-12 Math,International,Rep_05,4.65,Lead,Open,,,
LD-304120,05-May-2026 14:16,Webinar,Competitive Exam Prep,West Region,Rep_03,1.6,Negotiation,Lost,Went With Competitor,1038.14,2026-06-20 05:48:20.631601
LD-304121,20-Feb-2026 14:49,Paid Search,Study Abroad Prep,West Region,Rep_13,2.65,Closed,Won,,1720.92,2026-04-04 11:16:14.822251
LD-304122,2025-01-10 12:11:00,Paid Search,Study Abroad Prep,West Region,Rep_13,6.86,Negotiation,Lost,No Response / Ghosted,1504.37,2025-02-18 03:20:15.253678
LD-304123,27-Feb-2025 10:29,Paid Search,Competitive Exam Prep,South Region,Rep_07,1.08,Contacted,Open,,,
LD-304124,2025-01-20 20:26:00,Referral,K-12 Math,International,Rep_05,1.67,Contacted,Open,,,
LD-304125,2025-09-30 16:19:00,Cold Outreach,Study Abroad Prep,South Region,Rep_12,2.13,Contacted,Open,,,
LD-304126,11/28/2025 17:37,Cold Outreach,Coding for Kids,West Region,Rep_03,6.7,Lead,Open,,,
LD-304127,10-Mar-2026 09:29,Organic Search,Language Learning,South Region,Rep_02,1.85,Negotiation,Lost,No Response / Ghosted,$373.11,2026-05-14 05:31:13.508729
LD-304128,2026-01-07 13:09:00,Partner Channel,Coding for Kids,East Region,Rep_14,16.76,Proposal Sent,Lost,Bad Timing,571.8,2026-02-08 23:11:30.300449
LD-304129,2025-10-09 18:39:00,Organic Search,Competitive Exam Prep,,Rep_11,0.32,Closed,Won,,$834.04,2025-11-23 05:18:51.030096
LD-304130,03/06/2026 08:12,Referral,Competitive Exam Prep,South Region,Rep_02,12.65,Negotiation,Lost,No Response / Ghosted,1182.55,2026-04-17 02:42:30.542463
LD-304131,2025-02-14 20:49:00,Social Media,K-12 Math,International,Rep_15,1.63,Contacted,Open,,,
LD-304132,06/11/2026 19:44,Cold Outreach,Competitive Exam Prep,West Region,Rep_08,0.97,Lead,Open,,,
LD-304133,26-May-2026 13:04,Paid Search,Competitive Exam Prep,West Region,Rep_03,5.41,Contacted,Open,,,
LD-304134,2025-05-05 12:31:00,Referral,Competitive Exam Prep,South Region,Rep_12,3.93,Closed,Won,,1020.1,2025-06-16 21:06:52.974707
LD-304135,07/11/2025 12:13,Organic Search,Study Abroad Prep,West Region,Rep_13,1.37,Contacted,Open,,,
LD-304136,03/03/2025 12:08,Paid Search,Competitive Exam Prep,East Region,Rep_14,11.48,Lead,Open,,,
LD-304137,12/05/2025 11:04,Referral,Coding for Kids,North Region,Rep_01,5.67,Contacted,Open,,,
LD-304138,13-Oct-2025 10:07,Cold Outreach,Competitive Exam Prep,South Region,Rep_07,3.26,Demo Scheduled,Open,,,
LD-304139,2026-03-30 19:30:00,Paid Search,Competitive Exam Prep,North Region,Rep_01,4.39,Lead,Open,,,
LD-304140,2025-04-01 11:40:00,Referral,Coding For Kids,North Region,Rep_01,0.98,Closed,Won,,$570.35,2025-04-30 02:52:46.649414
LD-304141,18-Jul-2025 15:06,Partner Channel,Competitive Exam Prep,North Region,Rep_06,2.29,Lead,Open,,,
LD-304142,05-Aug-2025 09:48,Webinar,Language Learning,North Region,Rep_11,3.84,Closed,Won,,356.76,2025-09-21 00:40:19.341385
LD-304143,09/12/2025 09:43,Social Media,Coding For Kids,International,Rep_05,1.84,Demo Scheduled,Open,,,
LD-304144,2025-10-31 12:17:00,Paid Search,Competitive Exam Prep,International,Rep_05,1.84,Closed,Won,,836.29,2025-12-18 21:19:19.770694
LD-304145,04/02/2025 16:54,Webinar,Language Learning,International,Rep_10,4.13,Closed,Won,,$323.46,2025-05-09 22:35:00.213276
LD-304146,15-Dec-2025 15:42,Organic Search,K-12 Math,International,Rep_15,3.59,Contacted,Open,,,
LD-304147,23-Apr-2026 11:36,Webinar,Competitive Exam Prep,North Region,Rep_06,1.05,Contacted,Open,,,
LD-304148,06/11/2026 07:56,Webinar,K-12 Math,East Region,Rep_14,0.95,Contacted,Open,,,
LD-304149,12/24/2025 20:29,Organic Search,Study Abroad Prep,South Region,Rep_12,6.13,Contacted,Open,,,
LD-304150,2025-03-27 12:13:00,Cold Outreach,Study Abroad Prep,South Region,Rep_12,9.63,Lead,Open,,,
LD-304151,2026-03-30 08:55:00,Cold Outreach,Language Learning,West Region,Rep_13,2.85,Contacted,Open,,,
LD-304152,2025-09-29 18:01:00,Referral,K-12 Math,International,Rep_05,3.71,Negotiation,Lost,Budget Not Approved,421.85,2025-11-26 10:42:27.718837
LD-304153,05/07/2025 15:22,organic search,K-12 Math,International,Rep_05,2.19,Demo Completed,Lost,Went With Competitor,558.27,2025-05-30 10:08:52.154555
LD-304154,03/18/2025 09:41,Referral,Study Abroad Prep,West Region,Rep_03,1.03,Contacted,Open,,,
LD-304155,06-Mar-2026 10:13,Organic Search,Competitive Exam Prep,South Region,Rep_07,11.6,Negotiation,Lost,Price Objection,895.02,2026-04-28 18:53:22.846583
LD-304156,06/09/2025 19:39,Webinar,Competitive Exam Prep,East Region,Rep_04,2.88,Negotiation,Lost,Budget Not Approved,"$1,073.26",2025-07-15 19:27:15.162467
LD-304157,05/29/2025 17:07,Webinar,K-12 Math,North Region,Rep_06,2.38,Contacted,Open,,,
LD-304158,2025-07-23 15:58:00,Partner Channel,Language Learning,South Region,Rep_12,0.38,Contacted,Open,,,
LD-304159,2026-01-26 11:52:00,Partner Channel,K-12 Math,North Region,Rep_01,4.84,Contacted,Open,,,
LD-304160,20-Mar-2026 18:57,paid search,Competitive Exam Prep,East Region,Rep_14,1.98,Contacted,Open,,,
LD-304161,11-Apr-2025 14:42,Social Media,K-12 Math,East Region,Rep_04,9.19,Demo Completed,Lost,No Response / Ghosted,502.25,2025-05-03 02:58:17.421683
LD-304162,28-Nov-2025 13:39,Referral,Study Abroad Prep,South Region,Rep_02,4.63,Negotiation,Lost,No Response / Ghosted,"$1,237.31",2025-12-31 04:58:38.255447
LD-304163,2025-09-22 15:24:00,Organic Search,K-12 Math,West Region,Rep_13,2.88,Lead,Open,,,
LD-304164,06/30/2025 12:14,Organic Search,Language Learning,South Region,Rep_02,6.2,Contacted,Open,,,
LD-304165,03/14/2025 20:23,Paid Search,Coding for Kids,South Region,Rep_07,5.49,Contacted,Open,,,
LD-304166,26-Aug-2025 18:37,Social Media,K-12 Math,International,Rep_15,2.31,Lead,Open,,,
LD-304167,03-Aug-2025 13:03,Partner Channel,CODING FOR KIDS,North Region,Rep_11,1.6,Contacted,Open,,,
LD-304168,2025-10-16 15:11:00,Organic Search,Study Abroad Prep,East Region,Rep_04,5.89,Contacted,Open,,,
LD-304169,01-Apr-2026 16:40,Partner Channel,K-12 Math,North Region,Rep_11,1.61,Contacted,Open,,,
LD-304170,2025-08-09 07:04:00,Paid Search,K-12 Math,West Region,Rep_03,3.76,Lead,Open,,,
LD-304171,2025-07-26 16:43:00,Paid Search,Coding for Kids,South Region,Rep_12,4.59,Negotiation,Lost,Went With Competitor,$541.61,2025-08-19 03:27:50.861923
LD-304172,01/25/2025 16:51,Cold Outreach,Competitive Exam Prep,South Region,Rep_07,15.64,Lead,Open,,,
LD-304173,04/17/2025 17:23,Referral,CODING FOR KIDS,North Region,Rep_06,1.51,Contacted,Open,,,
LD-304174,2026-04-03 16:01:00,SEO,Language Learning,International,Rep_10,10.67,Lead,Open,,,
LD-304175,11/24/2025 14:22,Organic Search,Coding for Kids,South Region,Rep_12,4.57,Closed,Won,,583.54,2026-01-01 01:58:47.344085
LD-304176,01/01/2026 19:25,Paid Search,Coding for Kids,South Region,Rep_12,1.36,Contacted,Open,,,
LD-304177,2026-03-23 16:17:00,Cold Outreach,Competitive Exam Prep,South Region,Rep_07,2.95,Lead,Open,,,
LD-304178,2025-08-09 17:03:00,Partner Channel,Competitive Exam Prep,West Region,Rep_13,3.96,Closed,Won,,845.72,2025-09-16 00:09:47.593555
LD-304179,05/08/2025 19:22,Organic Search,Study Abroad Prep,,Rep_13,3.44,Negotiation,Lost,No Response / Ghosted,1674.65,2025-06-21 04:32:02.318456
LD-304180,04/28/2026 19:57,Webinar,K-12  Math,South Region,Rep_12,1.41,Closed,Won,,510.09,2026-05-26 02:22:19.471674
LD-304181,05/22/2026 08:37,SEO,Study Abroad Prep,International,Rep_15,13.42,Contacted,Open,,,
LD-304182,11/07/2025 19:41,Social Media,Competitive Exam Prep,North Region,Rep_11,2.29,Contacted,Open,,,
LD-304183,2025-08-27 16:10:00,Cold Outreach,Coding for Kids,East Region,Rep_14,1.63,Lead,Open,,,
LD-304184,27-Jun-2025 17:38,Webinar,Language Learning,West Region,Rep_13,3.35,Negotiation,Lost,Price Objection,416.43,2025-08-13 22:07:27.170348
LD-304185,2025-11-21 08:11:00,Partner Channel,Study Abroad Prep,South Region,Rep_02,8.15,Closed,Won,,1681.1,2025-12-21 12:02:22.973808
LD-304186,2026-05-01 20:20:00,Paid Search,Coding for Kids,West Region,Rep_03,1.8,Contacted,Open,,,
LD-304187,2026-02-05 11:24:00,Referral,Coding for Kids,North Region,Rep_11,1.57,Demo Scheduled,Open,,,
LD-304188,2025-08-13 11:10:00,Referral,K-12 Math,South Region,Rep_02,2.15,Negotiation,Lost,Went With Competitor,580.41,2025-09-19 18:12:41.457643
LD-304189,23-May-2025 08:08,Webinar,K-12 Math,North Region,Rep_01,4.68,Closed,Won,,586.71,2025-06-24 08:44:53.976922
LD-304190,2025-12-31 15:43:00,Organic Search,Language Learning,International,Rep_15,2.29,Contacted,Open,,,
LD-304191,28-May-2025 14:12,Partner Channel,Competitive Exam Prep,South Region,Rep_02,4.62,Negotiation,Lost,Budget Not Approved,877.05,2025-07-11 03:50:40.775342
LD-304192,06-Apr-2026 18:31,Paid Search,Competitive Exam Prep,East Region,Rep_04,10.65,Contacted,Open,,,
LD-304193,06/17/2025 17:16,Paid Search,Language Learning,West Region,Rep_08,0.45,Negotiation,Lost,Went With Competitor,412.28,2025-08-05 05:40:26.570573
LD-304194,29-May-2026 17:07,Social Media,Coding for Kids,South Region,Rep_02,2.65,Contacted,Open,,,
LD-304195,05/13/2025 17:29,Social Media,Competitive Exam Prep,South Region,Rep_12,10.62,Contacted,Open,,,
LD-304196,31-Oct-2025 16:07,Organic Search,Competitive Exam Prep,International,Rep_15,1.81,Contacted,Open,,,
LD-304197,12/11/2025 08:26,Organic Search,Competitive Exam Prep,West Region,Rep_13,3.96,Demo Completed,Lost,No Response / Ghosted,912.41,2026-01-21 09:51:54.153926
LD-304198,2025-03-07 10:52:00,Organic Search,K-12 Math,South Region,Rep_07,11.36,Contacted,Open,,,
LD-304199,24-Apr-2026 19:37,Social Media,K-12 Math,East Region,Rep_04,2.71,Lead,Open,,,
LD-304200,02-Aug-2025 20:21,Paid Search,K-12 Math,East Region,Rep_14,1.71,Contacted,Open,,,
LD-304201,05/06/2026 11:20,SEO,K-12  Math,East Region,Rep_04,0.72,Closed,Won,,$581.52,2026-06-20 02:45:48.467825
LD-304202,24-Feb-2025 14:01,Referral,Competitive Exam Prep,South Region,Rep_07,4.86,Contacted,Open,,,
LD-304203,06/24/2025 09:18,Organic Search,Coding For Kids,International,Rep_05,2.51,Demo Completed,Lost,Price Objection,676.26,2025-07-21 13:58:45.801874
LD-304204,07-Jun-2025 20:34,Organic Search,Competitive Exam Prep,West Region,Rep_13,4.45,Contacted,Open,,,
LD-304205,2025-08-08 13:39:00,Organic Search,Coding for Kids,South Region,Rep_02,7.35,Contacted,Open,,,
LD-304206,01/08/2025 16:10,Partner Channel,Coding for Kids,International,Rep_10,2.54,Contacted,Open,,,
LD-304207,2026-04-23 09:05:00,Webinar,Study Abroad Prep,North Region,Rep_06,5.6,Contacted,Open,,,
LD-304208,11/10/2025 11:40,Social Media,K-12 Math,International,Rep_10,1.04,Contacted,Open,,,
LD-304209,29-Apr-2025 10:30,Organic Search,K-12 Math,East Region,Rep_04,10.0,Lead,Open,,,
LD-304210,27-Feb-2025 07:17,Organic Search,K-12 Math,North Region,Rep_01,2.64,Negotiation,Lost,Price Objection,521.72,2025-04-11 12:07:00.371382
LD-304211,2025-06-15 11:05:00,Social Media,K-12 Math,West Region,Rep_13,1.28,Lead,Open,,,
LD-304212,20-May-2025 07:53,Webinar,Study Abroad Prep,,Rep_04,1.06,Demo Completed,Lost,Bad Timing,1430.98,2025-06-18 12:21:04.667234
LD-304213,2025-03-21 16:57:00,Cold Outreach,Language Learning,East Region,Rep_04,2.14,Lead,Open,,,
LD-304214,13-Apr-2026 14:47,Paid Search,Competitive Exam Prep,West Region,Rep_08,3.68,Proposal Sent,Lost,No Response / Ghosted,1068.57,2026-05-08 09:06:12.365010
LD-304215,2025-11-11 13:09:00,Referral,Coding for Kids,North Region,Rep_01,1.67,Contacted,Open,,,
LD-304216,10/03/2025 15:18,Partner Channel,k-12 math,South Region,Rep_07,0.79,Closed,Won,,549.58,2025-11-10 08:45:40.180925
LD-304217,2026-05-07 15:36:00,Paid Search,Coding for Kids,East Region,Rep_09,4.18,Demo Completed,Lost,Bad Timing,597.68,2026-06-26 22:08:05.644484
LD-304218,2025-10-20 08:17:00,Cold Outreach,K12 Math,South Region,Rep_12,4.61,Lead,Open,,,
LD-304219,2025-11-17 18:53:00,Organic Search,K-12 Math,West Region,Rep_03,4.12,Contacted,Open,,,
LD-304220,05/02/2025 15:18,Social Media,Coding For Kids,West Region,Rep_03,3.22,Demo Completed,Lost,Bad Timing,708.6,2025-05-23 01:48:45.997332
LD-304221,06/12/2025 09:19,Organic Search,Competitive Exam Prep,East Region,Rep_09,1.11,Contacted,Open,,,
LD-304222,23-Mar-2026 13:02,Webinar,K-12 Math,North Region,Rep_01,0.94,Closed,Won,,$588.51,2026-05-05 18:51:05.209769
LD-304223,12/13/2025 14:27,Paid Search,K-12 Math,West Region,Rep_13,3.78,Lead,Open,,,
LD-304224,09-May-2026 15:18,Paid Search,K-12 Math,South Region,Rep_02,9.09,Negotiation,Lost,Went With Competitor,519.34,2026-07-04 11:29:48.119597
LD-304225,01-Jan-2026 08:09,Social,Coding for Kids,East Region,Rep_09,1.85,Lead,Open,,,
LD-304226,09/16/2025 20:19,Social Media,Competitive Exam Prep,West Region,Rep_13,1.25,Lead,Open,,,
LD-304227,05/08/2026 09:08,Organic Search,Competitive Exam Prep,North Region,Rep_11,4.95,Proposal Sent,Lost,Price Objection,$845.30,2026-06-19 19:28:23.832536
LD-304228,10/10/2025 11:42,Webinar,coding for kids,North Region,Rep_06,3.23,Proposal Sent,Lost,Went With Competitor,627.34,2025-11-09 01:10:31.794302
LD-304229,05/04/2026 10:10,Webinar,k-12 math,North Region,Rep_11,3.59,Closed,Won,,519.36,2026-06-26 01:52:44.006773
LD-304230,2025-09-12 19:10:00,Paid Search,K-12 Math,South Region,Rep_07,8.91,Lead,Open,,,
LD-304231,11/25/2025 20:52,Webinar,Coding for Kids,North Region,Rep_11,1.91,Contacted,Open,,,
LD-304232,2026-02-18 12:17:00,Cold Outreach,Competitive Exam Prep,International,Rep_15,9.27,Lead,Open,,,
LD-304233,06/27/2025 08:51,Organic Search,K-12 Math,International,Rep_15,2.92,Contacted,Open,,,
LD-304234,14-Dec-2025 13:34,Referral,K-12 Math,South Region,Rep_02,1.22,Contacted,Open,,,
LD-304235,2026-04-28 18:44:00,Social Media,Competitive Exam Prep,South Region,Rep_02,0.85,Demo Completed,Lost,Price Objection,1046.26,2026-06-04 05:27:21.505359
LD-304236,02/07/2025 13:42,Cold Outreach,Study Abroad Prep,International,Rep_15,4.61,Demo Completed,Lost,Price Objection,1521.14,2025-03-10 21:52:04.448224
LD-304237,07/10/2025 18:10,Referral,Competitive Exam Prep,North Region,Rep_06,2.52,Contacted,Open,,,
LD-304238,06/19/2026 17:31,Social Media,Competitive Exam Prep,West Region,Rep_08,1.18,Contacted,Open,,,
LD-304239,31-Jan-2025 20:51,Cold Outreach,K-12 Math,West Region,Rep_03,1.97,Contacted,Open,,,
LD-304240,06-Jun-2025 18:22,Referral,Study Abroad Prep,South Region,Rep_02,7.41,Negotiation,Lost,Bad Timing,1260.61,2025-07-15 02:55:36.620907
LD-304241,09-Nov-2025 08:49,Organic Search,Language Learning,West Region,Rep_08,22.52,Demo Scheduled,Open,,,
LD-304242,16-Jul-2025 17:14,Webinar,K-12 Math,,Rep_06,3.52,Contacted,Open,,,
LD-304243,14-Nov-2025 11:49,Paid Search,Competitive Exam Prep,South Region,Rep_12,1.54,Contacted,Open,,,
LD-304244,08/16/2025 19:17,Referral,Competitive Exam Prep,South Region,Rep_12,3.67,Closed,Won,,998.49,2025-09-17 19:39:06.320867
LD-304245,05-Dec-2025 13:17,Paid Search,Language Learning,South Region,Rep_12,2.17,Lead,Open,,,
LD-304246,12/16/2025 12:02,Referral,K-12 Math,West Region,Rep_08,2.6,Closed,Won,,477.17,2026-01-20 00:05:29.137652
LD-304247,2026-06-01 19:55:00,Social Media,Coding for Kids,South Region,Rep_12,2.18,Demo Scheduled,Open,,,
LD-304248,2025-03-14 15:16:00,Organic Search,Language Learning,West Region,Rep_08,2.01,Closed,Won,,296.25,2025-04-23 20:26:42.974703
LD-304249,07-Sep-2025 17:35,Referral,Coding for Kids,North Region,Rep_06,11.18,Demo Completed,Lost,Went With Competitor,680.0,2025-10-11 21:47:11.576367
LD-304250,05-Sep-2025 20:59,Referral,Coding for Kids,West Region,Rep_03,1.47,Closed,Won,,672.36,2025-10-14 12:40:47.075780
LD-304251,21-Feb-2025 16:47,Referral,Coding for Kids,North Region,Rep_06,1.61,Proposal Sent,Lost,Went With Competitor,721.27,2025-04-24 11:06:34.529072
LD-304252,2026-04-26 14:37:00,Webinar,Competitive Exam Prep,West Region,Rep_13,0.89,Contacted,Open,,,
LD-304253,19-Nov-2025 12:06,Paid Search,Language Learning,,Rep_07,4.74,Contacted,Open,,,
LD-304254,2026-06-08 11:05:00,Organic Search,K12 Math,North Region,Rep_01,8.59,Negotiation,Lost,Bad Timing,$571.88,2026-07-21 09:49:14.181212
LD-304255,29-Jun-2026 08:18,Referral,coding for kids,West Region,Rep_13,2.7,Lead,Open,,,
LD-304256,05/02/2026 11:14,Paid Search,Coding For Kids,,Rep_07,2.59,Contacted,Open,,,
LD-304257,03/13/2026 14:46,Cold Outreach,Coding for Kids,West Region,Rep_08,1.37,Contacted,Open,,,
LD-304258,2025-03-13 15:35:00,Social Media,Language Learning,East Region,Rep_04,2.57,Lead,Open,,,
LD-304259,2025-12-04 16:48:00,Paid Search,Coding for Kids,South Region,Rep_12,1.75,Contacted,Open,,,
LD-304260,2026-01-29 16:48:00,Organic Search,Coding For Kids,International,Rep_10,15.26,Negotiation,Lost,Bad Timing,544.72,2026-03-25 17:59:04.275061
LD-304261,06-Feb-2026 15:05,Paid Search,Competitive Exam Prep,North Region,Rep_11,6.77,Contacted,Open,,,
LD-304262,12-Jun-2025 09:34,Webinar,Coding For Kids,East Region,Rep_04,1.21,Contacted,Open,,,
LD-304263,2025-10-03 11:15:00,Cold Outreach,Competitive Exam Prep,,Rep_07,2.16,Lead,Open,,,
LD-304264,05/16/2025 16:43,Social Media,Study Abroad Prep,International,Rep_10,10.91,Contacted,Open,,,
LD-304265,2025-06-21 07:39:00,Cold Outreach,Competitive Exam Prep,South Region,Rep_12,0.97,Lead,Open,,,
LD-304266,09/01/2025 12:30,COLD OUTREACH,Coding for Kids,West Region,Rep_08,2.46,Contacted,Open,,,
LD-304267,2025-01-14 19:25:00,social media,Language Learning,East Region,Rep_04,0.82,Demo Completed,Lost,Went With Competitor,319.57,2025-02-03 00:04:39.916058
LD-304268,02-Dec-2025 20:05,Referral,Language Learning,East Region,Rep_04,37.7,Contacted,Open,,,
LD-304269,10/23/2025 11:21,Paid Search,K-12  Math,East Region,Rep_04,0.71,Lead,Open,,,
LD-304270,09/02/2025 15:38,Referral,K-12 Math,International,Rep_10,1.41,Negotiation,Lost,Price Objection,570.21,2025-10-15 01:51:39.740330
LD-304271,13-Feb-2026 14:28,Partner Channel,Competitive Exam Prep,International,Rep_10,3.32,Lead,Open,,,
LD-304272,2025-10-02 12:02:00,Organic Search,K-12 Math,,Rep_03,1.53,Contacted,Open,,,
LD-304273,2025-04-13 20:21:00,Referral,K-12 Math,International,Rep_15,1.02,Closed,Won,,597.31,2025-05-16 16:27:14.922488
LD-304274,06/16/2026 18:13,Paid Search,Coding for Kids,South Region,Rep_02,1.07,Closed,Won,,586.37,2026-07-27 18:39:32.144599
LD-304275,23-Apr-2026 14:42,Webinar,K-12  Math,South Region,Rep_07,2.36,Contacted,Open,,,
LD-304276,01/23/2026 07:04,Organic search,Competitive Exam Prep,North Region,Rep_11,4.17,Closed,Won,,"$1,123.13",2026-03-09 10:14:45.526507
LD-304277,02/04/2026 17:53,Referral,K-12 Math,East Region,Rep_04,5.33,Negotiation,Lost,Went With Competitor,449.27,2026-03-31 07:07:24.060329
LD-304278,08-May-2026 12:43,Organic Search,Study Abroad Prep,South Region,Rep_12,4.55,Lead,Open,,,
LD-304279,13-Jul-2025 15:37,Partner Channel,K-12 Math,International,Rep_15,2.45,Contacted,Open,,,
LD-304280,08/27/2025 19:19,cold outreach,Competitive Exam Prep,South Region,Rep_12,2.83,Lead,Open,,,
LD-304281,2026-06-03 11:20:00,Paid Search,Language Learning,North Region,Rep_06,6.13,Demo Completed,Lost,No Response / Ghosted,395.2,2026-06-28 23:36:54.489249
LD-304282,03/11/2026 09:59,Referral,Competitive Exam Prep,North Region,Rep_06,1.37,Closed,Won,,"$1,023.97",2026-04-15 04:16:06.133087
LD-304283,04/03/2025 16:35,Cold Outreach,Language Learning,International,Rep_05,8.62,Lead,Open,,,
LD-304284,2025-03-28 13:23:00,Social Media,K-12 Math,South Region,Rep_12,1.03,Contacted,Open,,,
LD-304285,04/29/2025 12:03,Referral,Coding for Kids,North Region,Rep_06,1.43,Contacted,Open,,,
LD-304286,2026-05-29 13:00:00,Webinar,Coding for Kids,International,Rep_10,2.71,Proposal Sent,Lost,Price Objection,769.3,2026-06-26 08:53:55.039874
LD-304287,05/22/2026 18:14,Webinar,Competitive Exam Prep,South Region,Rep_02,5.95,Closed,Won,,821.57,2026-06-25 10:50:02.202819
LD-304288,2026-03-12 17:01:00,Paid Search,Coding For Kids,West Region,Rep_08,3.16,Demo Completed,Lost,Budget Not Approved,713.74,2026-04-22 09:59:17.878331
LD-304289,12/31/2025 20:54,Webinar,K-12 Math,,Rep_04,4.11,Negotiation,Lost,Price Objection,471.26,2026-02-16 10:03:02.918479
LD-304290,2025-03-17 09:46:00,Organic Search,Competitive Exam Prep,,Rep_09,11.24,Contacted,Open,,,
LD-304291,28-Feb-2025 09:38,Paid Search,Competitive Exam Prep,South Region,Rep_07,0.5,Contacted,Open,,,
LD-304292,22-Aug-2025 18:29,Referral,K-12 Math,South Region,Rep_07,3.55,Contacted,Open,,,
LD-304293,02/13/2026 14:31,Paid Search,Language Learning,,Rep_10,1.31,Closed,Won,,$294.05,2026-04-05 12:39:35.886834
LD-304294,03/10/2026 19:55,Organic Search,Coding for Kids,West Region,Rep_13,3.39,Contacted,Open,,,
LD-304295,22-Jan-2026 11:02,Webinar,Competitive Exam Prep,,Rep_08,4.47,Negotiation,Lost,No Response / Ghosted,846.3,2026-03-08 03:47:17.789948
LD-304296,21-Jul-2025 13:37,Paid Search,Competitive Exam Prep,West Region,Rep_03,2.99,Contacted,Open,,,
LD-304297,06/11/2026 20:37,Cold Outreach,Competitive Exam Prep,West Region,Rep_08,0.96,Lead,Open,,,
LD-304298,2026-05-04 14:27:00,Social Media,Competitive Exam Prep,South Region,Rep_07,1.49,Lead,Open,,,
LD-304299,2026-01-09 12:28:00,Paid Search,Study Abroad Prep,East Region,Rep_04,1.19,Demo Completed,Lost,Bad Timing,1435.49,2026-02-11 10:34:54.880719
LD-304300,2026-04-30 20:56:00,Social Media,Competitive Exam Prep,North Region,Rep_06,8.96,Lead,Open,,,
LD-304301,2026-06-26 15:16:00,Social Media,Language Learning,,Rep_06,3.96,Lead,Open,,,
LD-304302,25-Jan-2025 17:40,SEO,Coding for Kids,South Region,Rep_07,1.99,Contacted,Open,,,
LD-304303,03/25/2026 09:16,Organic Search,K-12 Math,International,Rep_15,9.92,Proposal Sent,Lost,Went With Competitor,$482.26,2026-04-30 22:54:35.880767
LD-304304,08-Nov-2025 14:59,Cold Outreach,K-12  Math,South Region,Rep_07,13.47,Contacted,Open,,,
LD-304305,2025-01-03 13:00:00,Partner Channel,Coding for Kids,North Region,Rep_06,1.74,Demo Completed,Lost,Budget Not Approved,$648.56,2025-02-07 19:58:15.453279
LD-304306,06/19/2025 19:06,Referral,Language Learning,North Region,Rep_11,4.28,Closed,Won,,422.53,2025-07-17 14:17:29.524869
LD-304307,08-May-2025 11:56,Referral,Coding For Kids,,Rep_07,3.92,Closed,Won,,600.97,2025-06-15 05:09:52.827170
LD-304308,2026-06-12 15:04:00,Social Media,Study Abroad Prep,South Region,Rep_07,3.66,Contacted,Open,,,
LD-304309,12-Feb-2025 12:04,Organic Search,Coding for Kids,East Region,Rep_04,2.71,Demo Scheduled,Open,,,
LD-304310,20-Jun-2026 18:20,Paid Search,Coding for Kids,,Rep_02,9.85,Negotiation,Lost,Price Objection,$620.57,2026-07-30 17:15:44.195564
LD-304311,06/21/2026 10:10,Paid Search,Study Abroad Prep,North Region,Rep_11,1.34,Lead,Open,,,
LD-304312,21-Jul-2025 13:51,Referral,K-12 Math,East Region,Rep_14,8.97,Contacted,Open,,,
LD-304313,2025-05-23 08:12:00,Paid Search,Language Learning,North Region,Rep_06,3.17,Lead,Open,,,
LD-304314,06/06/2025 07:41,Social Media,Language Learning,International,Rep_15,1.93,Contacted,Open,,,
LD-304315,2025-03-24 08:03:00,Referral,Study Abroad Prep,South Region,Rep_07,6.07,Contacted,Open,,,
LD-304316,2025-03-28 16:37:00,Partner Channel,Competitive Exam Prep,North Region,Rep_11,2.06,Contacted,Open,,,
LD-304317,27-Nov-2025 09:12,Organic Search,K12 Math,West Region,Rep_13,2.57,Contacted,Open,,,
LD-304318,13-Feb-2026 15:44,Paid Search,Language Learning,North Region,Rep_01,3.68,Contacted,Open,,,
LD-304319,2026-02-13 14:49:00,Organic Search,Coding for Kids,West Region,Rep_08,4.35,Lead,Open,,,
LD-304320,05/09/2025 14:20,Paid Search,Coding for Kids,North Region,Rep_01,1.92,Contacted,Open,,,
LD-304321,28-Apr-2025 09:23,Cold Outreach,Study Abroad Prep,,Rep_04,2.88,Demo Scheduled,Open,,,
LD-304322,30-May-2026 12:12,Organic Search,Coding for Kids,West Region,Rep_13,2.32,Contacted,Open,,,
LD-304323,2025-10-06 17:36:00,Referral,K-12 Math,South Region,Rep_07,2.98,Demo Scheduled,Open,,,
LD-304324,2025-04-22 17:58:00,organic search,Language Learning,North Region,Rep_06,4.43,Contacted,Open,,,
LD-304325,2026-01-21 16:15:00,Organic Search,Coding for Kids,West Region,Rep_03,0.92,Demo Completed,Lost,Budget Not Approved,665.53,2026-03-04 11:52:39.884543
LD-304326,05/16/2025 17:45,Paid Search,Coding for Kids,West Region,Rep_03,5.37,Negotiation,Lost,Price Objection,$720.67,2025-07-04 13:55:07.146331
LD-304327,2025-01-09 13:38:00,Partner Channel,Language Learning,South Region,Rep_07,3.3,Contacted,Open,,,
LD-304328,05-Sep-2025 10:54,Social Media,Language Learning,West Region,Rep_03,1.57,Demo Completed,Lost,Budget Not Approved,306.75,2025-10-09 23:05:56.530362
LD-304329,02/26/2025 13:40,Organic Search,K-12 Math,North Region,Rep_11,2.92,Closed,Won,,467.05,2025-04-08 21:16:00.653466
LD-304330,14-Mar-2025 15:24,Cold Outreach,K-12 Math,East Region,Rep_09,4.43,Lead,Open,,,
LD-304331,09/27/2025 16:38,Referral,K-12  Math,International,Rep_15,4.26,Contacted,Open,,,
LD-304332,04/14/2026 10:28,Referral,Competitive Exam Prep,East Region,Rep_14,1.11,Contacted,Open,,,
LD-304333,14-Apr-2025 15:55,Partner Channel,Language Learning,North Region,Rep_11,1.98,Contacted,Open,,,
LD-304334,03/03/2026 15:50,Webinar,Language Learning,West Region,Rep_03,0.71,Contacted,Open,,,
LD-304335,30-Mar-2025 19:33,Cold Outreach,Competitive Exam Prep,North Region,Rep_11,4.32,Contacted,Open,,,
LD-304336,29-Oct-2025 20:20,Partner Channel,K-12 Math,International,Rep_10,3.69,Contacted,Open,,,
LD-304337,2026-06-26 13:03:00,Referral,K-12 Math,South Region,Rep_07,0.85,Closed,Won,,$426.89,2026-08-03 16:28:33.790425
LD-304338,06/12/2026 11:00,Paid Search,K-12 Math,West Region,Rep_08,0.24,Negotiation,Lost,Went With Competitor,567.14,2026-08-01 11:08:14.892306
LD-304339,15-Jun-2025 14:12,Cold-Outreach,Coding for Kids,International,Rep_15,3.71,Demo Completed,Lost,Price Objection,$617.18,2025-07-23 07:42:45.570862
LD-304340,2025-07-25 10:51:00,Organic Search,Study Abroad Prep,South Region,Rep_02,5.08,Demo Completed,Lost,No Response / Ghosted,1238.57,2025-08-08 17:55:05.344822
LD-304341,2025-03-27 17:48:00,Paid Search,K-12 Math,East Region,Rep_14,3.24,Contacted,Open,,,
LD-304342,2025-10-15 17:18:00,Social Media,Coding for Kids,South Region,Rep_12,1.23,Proposal Sent,Lost,Price Objection,637.05,2025-11-19 14:28:31.488361
LD-304343,2025-01-23 18:34:00,paid search,Coding for Kids,West Region,Rep_08,3.33,Closed,Won,,$589.16,2025-03-01 13:47:54.184618
LD-304344,04-Apr-2025 15:32,SEO,Competitive Exam Prep,East Region,Rep_04,2.35,Lead,Open,,,
LD-304345,01/10/2025 09:24,Cold Outreach,Coding for Kids,North Region,Rep_01,9.14,Lead,Open,,,
LD-304346,2026-02-04 18:05:00,SEO,K-12 Math,East Region,Rep_09,6.35,Demo Scheduled,Open,,,
LD-304347,08/25/2025 18:25,Referral,K-12 Math,East Region,Rep_04,9.55,Demo Completed,Lost,Price Objection,501.15,2025-09-26 10:24:17.344968
LD-304348,06/09/2025 10:33,Organic Search,Language Learning,North Region,Rep_11,2.32,Closed,Won,,$320.33,2025-07-11 14:46:20.106212
LD-304349,16-Jan-2026 19:31,SEO,K-12 Math,South Region,Rep_02,3.73,Contacted,Open,,,
LD-304350,2026-05-21 11:02:00,Organic Search,Competitive Exam Prep,North Region,Rep_11,23.54,Contacted,Open,,,
LD-304351,05-Sep-2025 19:31,Referral,Language Learning,East Region,Rep_09,1.19,Closed,Won,,309.28,2025-10-23 14:53:34.139669
LD-304352,15-Jan-2026 09:43,Webinar,Competitive Exam Prep,West Region,Rep_13,2.42,Closed,Won,,998.15,2026-02-27 12:24:56.459535
LD-304353,02/27/2026 18:22,Organic Search,Competitive Exam Prep,North Region,Rep_06,1.4,Demo Scheduled,Open,,,
LD-304354,05/12/2026 11:39,Paid Search,k-12 math,East Region,Rep_09,4.64,Lead,Open,,,
LD-304355,2026-04-03 17:28:00,Paid Search,K-12 Math,West Region,Rep_03,2.36,Demo Completed,Lost,No Response / Ghosted,410.32,2026-05-01 09:14:45.592217
LD-304356,01/20/2026 08:42,Paid Search,Study Abroad Prep,North Region,Rep_11,1.85,Proposal Sent,Lost,Went With Competitor,1496.37,2026-02-17 09:43:13.368737
LD-304357,02/14/2025 09:13,Paid  Search,Competitive Exam Prep,East Region,Rep_04,1.58,Lead,Open,,,
LD-304358,2026-05-23 10:41:00,Social Media,Language Learning,East Region,Rep_04,3.26,Demo Completed,Lost,Bad Timing,417.11,2026-06-23 11:29:28.258581
LD-304359,12/19/2025 15:58,Referral,CODING FOR KIDS,West Region,Rep_03,0.68,Closed,Won,,765.93,2026-01-23 11:54:02.323078
LD-304360,05/06/2026 08:52,Referral,K-12 Math,North Region,Rep_06,1.8,Negotiation,Lost,Went With Competitor,415.5,2026-06-13 00:42:33.099538
LD-304361,2025-07-01 11:58:00,Referral,K-12 Math,West Region,Rep_03,0.69,Closed,Won,,$482.55,2025-07-20 22:36:50.210225
LD-304362,03/07/2026 19:27,Organic Search,Competitive Exam Prep,North Region,Rep_11,1.77,Lead,Open,,,
LD-304363,12-Mar-2025 09:37,Referral,Language Learning,South Region,Rep_02,1.75,Closed,Won,,$352.50,2025-04-15 10:34:00.638017
LD-304364,14-Dec-2025 13:05,Organic search,Language Learning,North Region,Rep_06,7.93,Proposal Sent,Lost,Went With Competitor,354.69,2026-01-27 04:28:05.129135
LD-304365,27-Oct-2025 13:34,Paid Search,Language Learning,East Region,Rep_09,3.26,Contacted,Open,,,
LD-304366,2025-08-01 12:38:00,Organic Search,Language Learning,North Region,Rep_06,2.27,Lead,Open,,,
LD-304367,09/21/2025 12:56,Organic Search,CODING FOR KIDS,North Region,Rep_06,15.01,Demo Scheduled,Open,,,
LD-304368,09-Jun-2026 15:11,Social Media,Competitive Exam Prep,West Region,Rep_03,1.65,Contacted,Open,,,
LD-304369,17-Jan-2025 19:58,Referral,Competitive Exam Prep,South Region,Rep_12,0.3,Closed,Won,,1130.2,2025-03-02 04:16:37.356858
LD-304370,2025-10-30 10:09:00,Partner Channel,Competitive Exam Prep,,Rep_01,3.54,Proposal Sent,Lost,No Response / Ghosted,$947.09,2025-12-10 01:25:19.196323
LD-304371,28-Mar-2026 07:27,Paid Search,Coding for Kids,,Rep_07,4.31,Contacted,Open,,,
LD-304372,09/19/2025 12:22,Paid Search,Competitive Exam Prep,North Region,Rep_01,1.17,Demo Completed,Lost,Went With Competitor,1032.43,2025-10-26 08:16:54.908033
LD-304373,03/14/2025 19:16,Organic Search,Study Abroad Prep,West Region,Rep_08,4.58,Closed,Won,,1685.45,2025-04-27 02:36:27.970350
LD-304374,26-Jun-2026 20:45,Paid Search,Competitive Exam Prep,North Region,Rep_11,5.88,Demo Scheduled,Open,,,
LD-304375,02/28/2026 10:00,Cold Outreach,Competitive Exam Prep,West Region,Rep_03,1.25,Contacted,Open,,,
LD-304376,2025-12-19 11:00:00,Referral,Language Learning,West Region,Rep_03,16.08,Lead,Open,,,
LD-304377,02/12/2026 08:52,Organic Search,K-12 Math,,Rep_06,2.72,Contacted,Open,,,
LD-304378,2025-12-25 20:44:00,Paid Search,Language Learning,East Region,Rep_09,1.35,Demo Completed,Lost,No Response / Ghosted,407.32,2026-01-16 13:11:47.506104
LD-304379,07/15/2025 17:25,Organic Search,Competitive Exam Prep,North Region,Rep_11,10.48,Proposal Sent,Lost,Bad Timing,1128.77,2025-08-25 21:12:29.002915
LD-304380,2025-09-24 08:11:00,Social Media,coding for kids,North Region,Rep_06,2.06,Lead,Open,,,
LD-304381,02-Aug-2025 14:20,Webinar,k-12 math,South Region,Rep_12,4.05,Contacted,Open,,,
LD-304382,11/14/2025 17:14,Paid Search,K-12 Math,South Region,Rep_02,2.18,Contacted,Open,,,
LD-304383,25-Jan-2026 10:38,Organic Search,Competitive Exam Prep,West Region,Rep_08,0.35,Closed,Won,,829.61,2026-03-03 22:31:59.266960
LD-304384,21-Feb-2025 09:54,Organic Search,K-12  Math,South Region,Rep_12,2.83,Contacted,Open,,,
LD-304385,2025-10-06 11:25:00,cold outreach,Coding for Kids,West Region,Rep_08,7.51,Lead,Open,,,
LD-304386,2025-10-24 13:35:00,Cold Outreach,Study Abroad Prep,West Region,Rep_03,2.45,Lead,Open,,,
LD-304387,2025-07-22 07:02:00,Paid Search,CODING FOR KIDS,East Region,Rep_04,4.6,Demo Scheduled,Open,,,
LD-304388,2025-01-15 16:41:00,Partner Channel,K-12 Math,South Region,Rep_07,5.81,Demo Completed,Lost,Bad Timing,456.24,2025-02-08 09:51:20.702887
LD-304389,2026-03-14 15:33:00,COLD OUTREACH,K-12 Math,North Region,Rep_01,2.17,Lead,Open,,,
LD-304390,22-May-2026 11:36,Social Media,Coding for Kids,South Region,Rep_07,1.55,Contacted,Open,,,
LD-304391,11-Dec-2025 18:04,Paid Search,K-12 Math,International,Rep_15,2.98,Contacted,Open,,,
LD-304392,05-Sep-2025 16:16,Referral,Competitive Exam Prep,North Region,Rep_11,1.36,Closed,Won,,1179.84,2025-10-15 17:08:04.294601
LD-304393,22-May-2026 19:46,Paid Search,Competitive Exam Prep,East Region,Rep_04,4.03,Proposal Sent,Lost,Bad Timing,1166.92,2026-06-24 07:05:25.203642
LD-304394,2025-07-28 11:31:00,Paid Search,K-12 Math,South Region,Rep_07,2.18,Contacted,Open,,,
LD-304395,2025-06-09 17:35:00,paid search,k-12 math,West Region,Rep_03,7.37,Contacted,Open,,,
LD-304396,11/06/2025 07:53,Webinar,Language Learning,East Region,Rep_04,1.88,Contacted,Open,,,
LD-304397,20-Apr-2026 09:22,Organic Search,Coding for Kids,North Region,Rep_11,5.11,Proposal Sent,Lost,Bad Timing,$682.80,2026-05-18 01:52:37.240600
LD-304398,2025-02-25 08:40:00,Cold Outreach,K-12 Math,West Region,Rep_08,1.24,Contacted,Open,,,
LD-304399,07/11/2025 17:55,Paid Search,K-12  Math,West Region,Rep_13,3.12,Contacted,Open,,,
LD-304400,2026-02-20 15:51:00,Partner Channel,Study Abroad Prep,,Rep_07,8.73,Contacted,Open,,,
LD-304401,11/21/2025 10:19,Cold Outreach,Competitive Exam Prep,West Region,Rep_13,2.35,Lead,Open,,,
LD-304402,25-Dec-2025 10:45,Cold Outreach,K-12 Math,East Region,Rep_14,7.01,Contacted,Open,,,
LD-304403,07-Feb-2025 20:38,Cold Outreach,K-12 Math,South Region,Rep_12,3.72,Contacted,Open,,,
LD-304404,2025-07-28 07:18:00,Cold Outreach,K-12 Math,South Region,Rep_02,7.38,Contacted,Open,,,
LD-304405,2025-02-14 11:09:00,Organic Search,K-12 Math,,Rep_12,3.65,Contacted,Open,,,
LD-304406,2025-11-07 17:29:00,Referral,Study Abroad Prep,North Region,Rep_11,7.91,Closed,Won,,"$1,488.11",2025-12-25 13:49:51.631747
LD-304407,2026-02-20 20:09:00,social media,K-12 Math,South Region,Rep_02,4.08,Contacted,Open,,,
LD-304408,2026-03-23 08:28:00,Cold Outreach,Coding for Kids,West Region,Rep_08,1.31,Lead,Open,,,
LD-304409,02-Oct-2025 09:44,Organic Search,K-12 Math,,Rep_07,3.35,Proposal Sent,Lost,Went With Competitor,$572.59,2025-11-01 22:58:42.016340
LD-304410,2025-04-01 07:37:00,Partner Channel,Coding for Kids,,Rep_02,1.45,Negotiation,Lost,Price Objection,544.75,2025-05-14 15:51:49.415652
LD-304411,06/26/2025 08:59,Cold Outreach,K-12 Math,South Region,Rep_07,1.63,Lead,Open,,,
LD-304412,26-Sep-2025 19:43,Partner Channel,Language Learning,International,Rep_15,4.15,Closed,Won,,348.09,2025-11-05 22:59:19.207563
LD-304413,10-Apr-2025 14:48,Organic Search,Language Learning,East Region,Rep_09,2.91,Contacted,Open,,,
LD-304414,2025-05-22 18:34:00,Paid Search,K-12 Math,East Region,Rep_04,2.3,Lead,Open,,,
LD-304415,01/15/2026 16:27,Organic Search,Language Learning,West Region,Rep_03,0.45,Negotiation,Lost,Went With Competitor,$385.70,2026-03-08 10:01:22.639072
LD-304416,09-Jun-2026 07:26,Webinar,K-12 Math,East Region,Rep_09,3.83,Closed,Won,,596.02,2026-07-18 01:13:31.286550
LD-304417,29-Jan-2025 11:06,Organic Search,Competitive Exam Prep,North Region,Rep_11,0.97,Contacted,Open,,,
LD-304418,2026-05-29 07:28:00,Referral,K-12 Math,South Region,Rep_02,3.31,Contacted,Open,,,
LD-304419,08/26/2025 13:47,Social Media,Coding for Kids,International,Rep_15,5.71,Contacted,Open,,,
LD-304420,05/06/2025 14:08,Partner Channel,Study Abroad Prep,West Region,Rep_03,1.74,Contacted,Open,,,
LD-304421,2025-10-31 14:23:00,PPC,Coding for Kids,East Region,Rep_04,0.72,Contacted,Open,,,
LD-304422,10/05/2025 13:52,Organic Search,Coding for Kids,West Region,Rep_13,4.96,Contacted,Open,,,
LD-304423,2026-02-04 12:14:00,Organic Search,K-12 Math,South Region,Rep_12,30.45,Contacted,Open,,,
LD-304424,24-Feb-2025 10:58,Social Media,K-12 Math,South Region,Rep_07,3.5,Contacted,Open,,,
LD-304425,01/27/2026 09:14,Partner Channel,Competitive Exam Prep,South Region,Rep_07,6.08,Contacted,Open,,,
LD-304426,02/05/2025 14:20,Cold Outreach,Study Abroad Prep,West Region,Rep_03,3.98,Lead,Open,,,
LD-304427,2025-07-04 13:34:00,Referral,Coding for Kids,East Region,Rep_14,11.2,Contacted,Open,,,
LD-304428,10/04/2025 12:58,Organic Search,K-12 Math,West Region,Rep_08,2.55,Contacted,Open,,,
LD-304429,2026-01-21 09:35:00,Paid Search,Coding for Kids,West Region,Rep_03,5.24,Contacted,Open,,,
LD-304430,11/14/2025 07:23,Organic Search,Coding for Kids,International,Rep_15,1.27,Lead,Open,,,
LD-304431,10-Nov-2025 20:36,Webinar,Language Learning,North Region,Rep_11,7.43,Closed,Won,,$419.69,2025-12-27 04:41:32.845456
LD-304432,01/30/2025 09:41,Social Media,Study Abroad Prep,North Region,Rep_11,3.24,Proposal Sent,Lost,No Response / Ghosted,"$1,247.64",2025-02-23 06:21:13.996485
LD-304433,05/09/2025 10:38,Organic Search,Coding for Kids,South Region,Rep_02,4.23,Negotiation,Lost,No Response / Ghosted,608.45,2025-06-21 16:45:12.166291
LD-304434,02/05/2026 07:37,Cold Outreach,Competitive Exam Prep,South Region,Rep_07,3.35,Contacted,Open,,,
LD-304435,2026-04-07 16:36:00,Partner Channel,Language Learning,South Region,Rep_07,4.53,Contacted,Open,,,
LD-304436,2025-12-30 09:51:00,Organic Search,Coding for Kids,North Region,Rep_06,3.95,Demo Completed,Lost,Went With Competitor,722.51,2026-01-21 22:42:09.196041
LD-304437,2025-08-12 11:33:00,Webinar,Language Learning,International,Rep_15,9.24,Contacted,Open,,,
LD-304438,2025-10-24 08:16:00,Webinar,Competitive Exam Prep,East Region,Rep_09,3.78,Contacted,Open,,,
LD-304439,03/11/2025 07:55,Referral,Study Abroad Prep,,Rep_03,0.92,Lead,Open,,,
LD-304440,03/04/2025 19:54,Organic Search,Study Abroad Prep,East Region,Rep_14,3.83,Lead,Open,,,
LD-304441,04/17/2026 19:36,Social Media,Language Learning,East Region,Rep_04,2.92,Contacted,Open,,,
LD-304442,02/07/2025 18:46,Organic Search,Competitive Exam Prep,North Region,Rep_01,16.06,Closed,Won,,1027.24,2025-03-26 05:16:16.886302
LD-304443,2026-02-09 15:06:00,Cold Outreach,Coding for Kids,South Region,Rep_12,7.17,Contacted,Open,,,
LD-304444,2026-05-26 09:13:00,Social Media,K-12  Math,West Region,Rep_08,6.63,Contacted,Open,,,
LD-304445,2025-09-16 16:01:00,Paid Search,Competitive Exam Prep,North Region,Rep_11,54.77,Lead,Open,,,
LD-304446,08-May-2026 15:27,Cold Outreach,Language Learning,,Rep_14,5.58,Lead,Open,,,
LD-304447,2025-12-15 17:41:00,Organic Search,Language Learning,East Region,Rep_04,13.88,Lead,Open,,,
LD-304448,2025-10-31 11:52:00,Organic Search,Language Learning,North Region,Rep_06,6.95,Lead,Open,,,
LD-304449,2025-01-14 07:03:00,Paid Search,Competitive Exam Prep,International,Rep_15,5.46,Contacted,Open,,,
LD-304450,2025-02-21 13:32:00,Cold Outreach,K-12 Math,East Region,Rep_04,1.97,Demo Scheduled,Open,,,
LD-304451,2026-02-16 20:02:00,Referral,K-12  Math,South Region,Rep_02,5.17,Closed,Won,,423.38,2026-03-28 15:08:36.470618
LD-304452,01/31/2025 17:08,Social Media,K-12 Math,North Region,Rep_11,6.9,Lead,Open,,,
LD-304453,04/03/2026 08:00,Referral,Coding for Kids,North Region,Rep_01,3.12,Negotiation,Lost,No Response / Ghosted,612.58,2026-05-20 17:08:47.784549
LD-304454,2025-07-11 19:20:00,Cold Outreach,K-12 Math,North Region,Rep_06,1.92,Lead,Open,,,
LD-304455,30-Mar-2026 14:30,Organic Search,Competitive Exam Prep,South Region,Rep_02,1.04,Contacted,Open,,,
LD-304456,11/22/2025 08:07,Social Media,K-12 Math,North Region,Rep_11,1.55,Contacted,Open,,,
LD-304457,2026-01-28 19:17:00,Cold Outreach,Language Learning,South Region,Rep_02,10.19,Lead,Open,,,
LD-304458,2025-05-25 09:23:00,Referral,Study Abroad Prep,West Region,Rep_13,3.98,Contacted,Open,,,
LD-304459,04/28/2025 07:55,Partner Channel,Coding for Kids,North Region,Rep_06,8.45,Lead,Open,,,
LD-304460,2025-10-25 20:15:00,Referral,K12 Math,South Region,Rep_07,3.27,Contacted,Open,,,
LD-304461,29-Jun-2026 20:24,Webinar,Competitive Exam Prep,South Region,Rep_12,1.44,Closed,Won,,$932.66,2026-08-10 13:14:44.231967
LD-304462,06/12/2026 12:31,Paid Search,Competitive Exam Prep,South Region,Rep_12,4.87,Contacted,Open,,,
LD-304463,03/22/2025 12:42,Social Media,Language Learning,South Region,Rep_07,3.18,Demo Completed,Lost,Price Objection,$373.95,2025-04-24 04:02:32.898765
LD-304464,02/03/2026 07:43,Organic Search,K-12 Math,South Region,Rep_07,1.41,Demo Completed,Lost,Bad Timing,$509.96,2026-03-09 00:14:43.950311
LD-304465,2025-05-10 13:09:00,Referral,K-12 Math,West Region,Rep_03,0.9,Contacted,Open,,,
LD-304466,2025-03-03 15:56:00,Referral,Coding for Kids,West Region,Rep_13,35.7,Contacted,Open,,,
LD-304467,22-Mar-2026 16:50,Paid Search,Coding for Kids,East Region,Rep_09,0.63,Contacted,Open,,,
LD-304468,2025-03-12 15:57:00,Paid Search,K-12 Math,,Rep_15,2.33,Contacted,Open,,,
LD-304469,19-Jan-2026 19:32,Referral,Competitive Exam Prep,West Region,Rep_03,2.35,Contacted,Open,,,
LD-304470,10/03/2025 11:08,Social Media,Coding for Kids,East Region,Rep_09,0.41,Negotiation,Lost,Bad Timing,725.43,2025-11-22 12:35:17.002038
LD-304471,28-Mar-2026 07:16,Social Media,Competitive Exam Prep,South Region,Rep_07,0.78,Lead,Open,,,
LD-304472,02/23/2026 18:19,Referral,Coding for Kids,South Region,Rep_07,2.79,Negotiation,Lost,Price Objection,756.84,2026-04-09 06:40:00.826856
LD-304473,2025-04-16 12:54:00,paid search,Language Learning,North Region,Rep_06,1.12,Demo Scheduled,Open,,,
LD-304474,2025-05-30 20:12:00,Paid Search,Coding for Kids,North Region,Rep_06,1.15,Contacted,Open,,,
LD-304475,06/16/2026 07:39,Webinar,Language Learning,West Region,Rep_08,6.81,Closed,Won,,$312.97,2026-08-06 23:22:36.989955
LD-304476,01/31/2026 07:47,Cold Outreach,Study Abroad Prep,South Region,Rep_02,1.1,Lead,Open,,,
LD-304477,26-May-2026 09:25,Webinar,Language Learning,North Region,Rep_11,5.15,Contacted,Open,,,
LD-304478,22-Jun-2026 10:02,Referral,Competitive Exam Prep,,Rep_06,2.59,Contacted,Open,,,
LD-304479,01-Jan-2026 17:36,Social Media,Language Learning,South Region,Rep_07,1.08,Lead,Open,,,
LD-304480,02/19/2026 13:29,Paid Search,K-12 Math,South Region,Rep_07,16.87,Demo Scheduled,Open,,,
LD-304481,26-Jan-2025 09:22,Webinar,K-12 Math,North Region,Rep_01,4.23,Closed,Won,,476.02,2025-03-04 16:05:27.337599
LD-304482,05/03/2025 08:18,Paid Search,K-12  Math,North Region,Rep_01,0.97,Lead,Open,,,
LD-304483,2026-02-19 07:57:00,Organic Search,Language Learning,East Region,Rep_04,2.8,Demo Scheduled,Open,,,
LD-304484,01/15/2026 14:37,Paid Search,K-12 Math,,Rep_03,3.07,Demo Scheduled,Open,,,
LD-304485,11-Feb-2026 16:45,Social Media,Competitive Exam Prep,West Region,Rep_13,2.38,Negotiation,Lost,No Response / Ghosted,1143.02,2026-04-10 11:07:31.988607
LD-304486,12/24/2025 17:42,Organic Search,Study Abroad Prep,,Rep_06,2.56,Demo Scheduled,Open,,,
LD-304487,07/23/2025 19:26,Paid Search,K-12 Math,West Region,Rep_03,4.57,Contacted,Open,,,
LD-304488,10/31/2025 17:49,Webinar,K-12 Math,South Region,Rep_02,3.99,Closed,Won,,577.67,2025-11-29 08:45:26.163466
LD-304489,01/05/2026 20:21,Partner Channel,K-12 Math,South Region,Rep_02,4.84,Contacted,Open,,,
LD-304490,07/30/2025 12:37,Paid Search,Competitive Exam Prep,South Region,Rep_07,4.69,Demo Completed,Lost,No Response / Ghosted,$966.80,2025-08-25 01:37:38.435406
LD-304491,03/03/2025 18:58,Organic Search,Coding for Kids,International,Rep_15,3.81,Negotiation,Lost,No Response / Ghosted,$748.48,2025-04-22 13:47:57.986510
LD-304492,2025-09-29 16:59:00,Social Media,Coding for Kids,South Region,Rep_12,1.06,Demo Scheduled,Open,,,
LD-304493,25-Sep-2025 20:59,PPC,Competitive Exam Prep,North Region,Rep_01,2.15,Closed,Won,,863.71,2025-10-23 18:06:34.470386
LD-304494,2025-05-16 09:51:00,Paid Search,Competitive Exam Prep,West Region,Rep_13,3.52,Contacted,Open,,,
LD-304495,12/22/2025 13:50,Organic Search,K-12 Math,South Region,Rep_07,1.99,Closed,Won,,482.32,2026-02-09 09:18:50.290218
LD-304496,03/20/2026 16:28,Referral,K-12 Math,North Region,Rep_11,3.61,Closed,Won,,489.11,2026-04-24 15:46:55.652996
LD-304497,2025-08-19 14:02:00,Organic Search,Language Learning,South Region,Rep_12,2.25,Contacted,Open,,,
LD-304498,08-May-2026 09:00,Organic Search,K-12 Math,International,Rep_05,2.78,Demo Completed,Lost,Went With Competitor,442.09,2026-06-23 06:44:45.600316
LD-304499,12-Jun-2025 13:29,Organic Search,Coding for Kids,International,Rep_10,4.78,Lead,Open,,,
LD-304500,2025-11-13 19:50:00,Organic Search,Language Learning,North Region,Rep_11,0.53,Negotiation,Lost,No Response / Ghosted,366.18,2025-12-15 10:37:39.518525
LD-304501,13-Jun-2025 16:03,Cold Outreach,K-12 Math,South Region,Rep_07,16.21,Lead,Open,,,
LD-304502,02/18/2026 10:56,Organic Search,Coding for Kids,South Region,Rep_02,7.63,Contacted,Open,,,
LD-304503,2025-06-07 20:55:00,Organic Search,Coding for Kids,South Region,Rep_02,2.3,Proposal Sent,Lost,Price Objection,$559.75,2025-07-08 11:41:35.611092
LD-304504,2025-02-24 11:02:00,Organic Search,Competitive Exam Prep,South Region,Rep_12,10.14,Contacted,Open,,,
LD-304505,09/19/2025 14:27,Partner Channel,Coding for Kids,,Rep_12,10.81,Negotiation,Lost,Went With Competitor,$547.83,2025-11-01 06:48:53.923285
LD-304506,2026-06-17 11:17:00,Organic Search,Competitive Exam Prep,North Region,Rep_11,6.59,Closed,Won,,$895.35,2026-07-25 08:54:34.707674
LD-304507,2025-11-07 11:50:00,SEO,Competitive Exam Prep,East Region,Rep_14,48.39,Contacted,Open,,,
LD-304508,2025-06-13 08:26:00,Referral,Study Abroad Prep,West Region,Rep_03,6.71,Contacted,Open,,,
LD-304509,2025-10-21 07:47:00,Referral,K-12 Math,East Region,Rep_14,5.38,Closed,Won,,$595.58,2025-11-21 23:54:44.872232
LD-304510,2026-05-16 08:45:00,SEO,K-12 Math,North Region,Rep_11,10.0,Closed,Won,,408.54,2026-06-20 07:09:09.855768
LD-304511,2026-03-02 10:55:00,Social Media,Coding for Kids,North Region,Rep_11,3.05,Closed,Won,,685.76,2026-04-07 22:35:45.187483
LD-304512,06-Jan-2025 17:52,Cold Outreach,Competitive Exam Prep,,Rep_08,1.71,Lead,Open,,,
LD-304513,2025-12-16 08:58:00,Organic Search,K-12 Math,South Region,Rep_07,19.03,Contacted,Open,,,
LD-304514,11/03/2025 19:10,Organic Search,Coding for Kids,West Region,Rep_13,3.26,Contacted,Open,,,
LD-304515,27-Jan-2026 15:00,Cold Outreach,Competitive Exam Prep,East Region,Rep_04,2.46,Lead,Open,,,
LD-304516,2025-04-25 14:33:00,Webinar,K-12  Math,North Region,Rep_01,1.71,Closed,Won,,504.25,2025-06-10 10:44:15.079065
LD-304517,04/02/2025 12:55,Social Media,Study Abroad Prep,South Region,Rep_07,6.2,Demo Completed,Lost,Went With Competitor,1204.46,2025-05-14 17:55:38.654498
LD-304518,04/07/2026 12:17,Cold Outreach,Competitive Exam Prep,East Region,Rep_14,1.99,Lead,Open,,,
LD-304519,09/02/2025 09:01,Cold Outreach,Coding for Kids,South Region,Rep_12,0.87,Demo Scheduled,Open,,,
LD-304520,25-Jul-2025 14:43,Organic Search,Coding for Kids,North Region,Rep_01,6.15,Closed,Won,,$574.04,2025-08-24 04:16:24.706349
LD-304521,2026-05-25 19:26:00,Webinar,Study Abroad Prep,South Region,Rep_12,1.02,Contacted,Open,,,
LD-304522,05/20/2025 16:01,Organic search,K-12 Math,North Region,Rep_11,2.7,Closed,Won,,573.96,2025-07-02 05:48:06.560256
LD-304523,01/31/2025 07:33,Webinar,Study Abroad Prep,International,Rep_05,2.41,Negotiation,Lost,No Response / Ghosted,1437.3,2025-03-28 13:35:29.770269
LD-304524,03-Apr-2026 09:00,Organic Search,Language Learning,West Region,Rep_03,2.22,Contacted,Open,,,
LD-304525,08-Mar-2026 16:19,Referral,Competitive Exam Prep,East Region,Rep_09,1.96,Contacted,Open,,,
LD-304526,03/07/2025 16:12,Social Media,Study Abroad Prep,North Region,Rep_11,1.21,Contacted,Open,,,
LD-304527,06/15/2026 15:59,Webinar,Competitive Exam Prep,East Region,Rep_09,3.32,Proposal Sent,Lost,Went With Competitor,1003.73,2026-07-28 05:27:43.434637
LD-304528,26-Jun-2026 14:12,Social Media,Competitive Exam Prep,International,Rep_05,7.6,Contacted,Open,,,
LD-304529,2026-02-20 20:40:00,Webinar,Competitive Exam Prep,South Region,Rep_02,4.3,Closed,Won,,1081.97,2026-03-15 20:34:51.458298
LD-304530,2026-04-17 20:15:00,Paid  Search,K-12 Math,West Region,Rep_03,3.09,Lead,Open,,,
LD-304531,2026-05-22 17:53:00,Social Media,K-12 Math,International,Rep_05,2.5,Lead,Open,,,
LD-304532,2026-01-22 13:13:00,Referral,K-12 Math,South Region,Rep_02,1.56,Contacted,Open,,,
LD-304533,13-Jan-2025 13:44,Partner Channel,K-12 Math,East Region,Rep_09,7.02,Closed,Won,,474.5,2025-03-02 07:58:15.322293
LD-304534,06/27/2025 18:07,Partner Channel,K-12 Math,,Rep_06,3.43,Contacted,Open,,,
LD-304535,2026-05-22 10:14:00,Paid Search,K-12 Math,North Region,Rep_06,1.06,Lead,Open,,,
LD-304536,03/18/2025 08:15,SEO,Competitive Exam Prep,International,Rep_15,7.16,Contacted,Open,,,
LD-304537,2025-02-25 17:32:00,Partner Channel,K-12 Math,North Region,Rep_11,5.64,Contacted,Open,,,
LD-304538,05/13/2025 10:50,Social Media,Language Learning,,Rep_02,2.06,Proposal Sent,Lost,Price Objection,312.87,2025-06-23 10:59:34.355969
LD-304539,08/20/2025 20:11,Referral,K-12 Math,South Region,Rep_12,1.06,Closed,Won,,525.87,2025-10-06 14:07:06.285783
LD-304540,2025-09-26 10:31:00,Cold Outreach,K-12 Math,International,Rep_10,0.73,Lead,Open,,,
LD-304541,2026-03-04 14:39:00,Webinar,Study Abroad Prep,North Region,Rep_06,2.65,Contacted,Open,,,
LD-304542,2025-12-31 13:49:00,Paid Search,Competitive Exam Prep,West Region,Rep_08,2.49,Closed,Won,,860.67,2026-02-04 18:07:53.032712
LD-304543,2025-12-24 17:27:00,Referral,Competitive Exam Prep,South Region,Rep_12,0.99,Demo Scheduled,Open,,,
LD-304544,2026-01-30 09:35:00,Social Media,coding for kids,West Region,Rep_13,0.22,Closed,Won,,572.58,2026-03-16 07:01:26.330859
LD-304545,05-Aug-2025 09:13,Organic Search,K-12 Math,East Region,Rep_14,1.15,Lead,Open,,,
LD-304546,26-Aug-2025 12:15,Organic Search,Coding for Kids,South Region,Rep_02,1.41,Contacted,Open,,,
LD-304547,02/02/2026 17:10,Paid Search,Language Learning,West Region,Rep_08,2.5,Demo Completed,Lost,Price Objection,333.19,2026-03-08 09:37:41.951342
LD-304548,04/29/2026 20:20,Cold Outreach,K-12 Math,North Region,Rep_06,8.3,Lead,Open,,,
LD-304549,2026-03-03 19:25:00,Partner Channel,K-12 Math,International,Rep_05,4.0,Demo Completed,Lost,Bad Timing,580.5,2026-03-30 19:41:18.556300
LD-304550,06-Apr-2026 19:42,Referral,Study Abroad Prep,International,Rep_10,3.71,Demo Completed,Lost,Went With Competitor,1727.91,2026-05-20 18:36:46.079750
LD-304551,11/14/2025 07:47,Webinar,Competitive Exam Prep,,Rep_05,1.96,Contacted,Open,,,
LD-304552,2025-02-24 14:26:00,Organic Search,Competitive Exam Prep,,Rep_11,1.73,Contacted,Open,,,
LD-304553,05/09/2025 12:34,Paid Search,Coding for Kids,International,Rep_05,8.09,Lead,Open,,,
LD-304554,01/27/2025 15:05,Paid Search,Competitive Exam Prep,International,Rep_05,4.45,Demo Completed,Lost,Price Objection,1015.19,2025-02-28 03:25:39.373973
LD-304555,26-Dec-2025 16:57,Organic Search,Coding for Kids,West Region,Rep_03,23.89,Closed,Won,,$745.78,2026-01-21 23:22:34.840876
LD-304556,10/10/2025 15:39,Cold Outreach,Coding for Kids,East Region,Rep_09,4.65,Contacted,Open,,,
LD-304557,02/23/2025 12:25,Webinar,Coding for Kids,East Region,Rep_14,9.01,Contacted,Open,,,
LD-304558,2025-03-28 15:09:00,Partner Channel,Study Abroad Prep,North Region,Rep_01,3.67,Contacted,Open,,,
LD-304559,2025-08-15 18:04:00,Paid Search,K-12 Math,International,Rep_05,16.01,Contacted,Open,,,
LD-304560,16-Jan-2026 17:39,Social Media,Competitive Exam Prep,West Region,Rep_13,0.94,Lead,Open,,,
LD-304561,03/27/2025 19:41,Social Media,Competitive Exam Prep,North Region,Rep_01,7.18,Demo Completed,Lost,Went With Competitor,1085.9,2025-04-16 18:08:11.801402
LD-304562,18-Apr-2025 13:22,Webinar,K-12 Math,North Region,Rep_01,4.37,Contacted,Open,,,
LD-304563,2025-11-19 20:41:00,Partner Channel,Competitive Exam Prep,South Region,Rep_02,0.76,Closed,Won,,1135.46,2026-01-01 13:21:38.981857
LD-304564,03/13/2026 19:45,Organic Search,Language Learning,International,Rep_10,1.47,Contacted,Open,,,
LD-304565,28-Feb-2025 14:28,Social Media,K-12 Math,,Rep_06,7.68,Lead,Open,,,
LD-304566,03-Jan-2026 11:58,Webinar,Study Abroad Prep,International,Rep_10,3.27,Closed,Won,,1720.34,2026-02-03 12:18:39.323154
LD-304567,04/03/2025 09:29,Organic Search,Coding for Kids,South Region,Rep_12,5.11,Contacted,Open,,,
LD-304568,2025-08-06 14:03:00,Social Media,Coding for Kids,North Region,Rep_06,2.09,Contacted,Open,,,
LD-304569,12/19/2025 20:52,Social Media,K-12 Math,East Region,Rep_04,9.73,Contacted,Open,,,
LD-304570,2025-04-18 09:17:00,Paid Search,Language Learning,West Region,Rep_03,3.22,Lead,Open,,,
LD-304571,18-Sep-2025 18:05,Organic Search,Coding for Kids,East Region,Rep_14,2.4,Proposal Sent,Lost,Bad Timing,598.28,2025-10-27 06:15:41.214253
LD-304572,2026-04-21 11:49:00,Organic Search,Competitive Exam Prep,West Region,Rep_13,0.81,Negotiation,Lost,No Response / Ghosted,955.34,2026-06-13 15:09:36.270862
LD-304573,2025-07-20 11:04:00,Social Media,K-12 Math,North Region,Rep_06,1.53,Lead,Open,,,
LD-304574,2025-03-22 14:52:00,Organic Search,Competitive Exam Prep,East Region,Rep_09,7.84,Contacted,Open,,,
LD-304575,21-Jul-2025 19:25,Paid  Search,Competitive Exam Prep,West Region,Rep_13,10.8,Contacted,Open,,,
LD-304576,2026-01-30 18:02:00,Paid Search,K-12 Math,East Region,Rep_04,2.93,Contacted,Open,,,
LD-304577,14-Aug-2025 09:44,Cold Outreach,Coding for Kids,East Region,Rep_09,5.46,Lead,Open,,,
LD-304578,29-Jan-2026 19:51,Partner Channel,Study Abroad Prep,South Region,Rep_07,5.08,Contacted,Open,,,
LD-304579,14-Aug-2025 13:37,Referral,Coding For Kids,South Region,Rep_12,5.14,Contacted,Open,,,
LD-304580,18-Jun-2025 10:08,Paid Search,Coding for Kids,International,Rep_10,3.7,Demo Completed,Lost,Price Objection,739.72,2025-07-17 17:37:31.033073
LD-304581,02-May-2025 18:12,SOCIAL MEDIA,Competitive Exam Prep,West Region,Rep_08,7.3,Lead,Open,,,
LD-304582,19-Mar-2025 08:24,Partner Channel,Coding for Kids,East Region,Rep_04,1.55,Demo Scheduled,Open,,,
LD-304583,2025-03-27 08:52:00,Organic Search,Study Abroad Prep,East Region,Rep_14,5.18,Contacted,Open,,,
LD-304584,2025-11-26 15:20:00,Referral,Coding for Kids,North Region,Rep_01,1.8,Contacted,Open,,,
LD-304585,2025-09-18 12:00:00,Organic Search,k-12 math,East Region,Rep_09,10.63,Closed,Won,,457.3,2025-10-23 21:27:21.338487
LD-304586,2026-04-15 16:24:00,Cold Outreach,Competitive Exam Prep,International,Rep_15,1.96,Contacted,Open,,,
LD-304587,2025-08-11 10:09:00,Organic search,Competitive Exam Prep,West Region,Rep_08,7.19,Closed,Won,,936.47,2025-09-14 15:27:22.983378
LD-304588,05-Mar-2026 18:59,Partner Channel,Competitive Exam Prep,West Region,Rep_13,8.09,Demo Completed,Lost,Price Objection,$978.54,2026-04-09 02:16:13.236313
LD-304589,05-May-2026 08:17,Cold Outreach,Study Abroad Prep,South Region,Rep_12,7.16,Lead,Open,,,
LD-304590,06-Feb-2026 19:52,Partner Channel,K-12 Math,West Region,Rep_03,18.98,Demo Completed,Lost,Went With Competitor,494.07,2026-03-03 16:15:34.312761
LD-304591,04/18/2025 19:46,Paid Search,Competitive Exam Prep,North Region,Rep_01,2.68,Demo Completed,Lost,Budget Not Approved,$841.84,2025-05-06 04:55:47.280760
LD-304592,03/05/2026 13:35,Referral,K-12 Math,North Region,Rep_06,13.08,Contacted,Open,,,
LD-304593,19-May-2026 09:40,Social Media,Language Learning,East Region,Rep_14,1.63,Contacted,Open,,,
LD-304594,01-Apr-2025 16:18,Paid Search,Competitive Exam Prep,International,Rep_10,4.65,Contacted,Open,,,
LD-304595,02/28/2025 09:25,Webinar,Study Abroad Prep,West Region,Rep_13,10.74,Lead,Open,,,
LD-304596,06/25/2026 13:13,Social Media,Coding for Kids,East Region,Rep_04,2.33,Contacted,Open,,,
LD-304597,2025-08-22 15:51:00,Paid Search,Competitive Exam Prep,East Region,Rep_09,2.18,Contacted,Open,,,
LD-304598,2025-10-10 11:55:00,Social Media,Competitive Exam Prep,International,Rep_10,8.83,Lead,Open,,,
LD-304599,12/08/2025 18:28,Organic Search,Competitive Exam Prep,South Region,Rep_12,5.82,Closed,Won,,931.51,2026-01-17 03:18:35.712494
LD-304600,21-Mar-2026 17:06,Organic Search,K-12 Math,South Region,Rep_12,5.28,Contacted,Open,,,
LD-304601,31-Oct-2025 08:32,Social Media,K12 Math,International,Rep_15,3.16,Contacted,Open,,,
LD-304602,05/25/2026 09:37,Organic search,Competitive Exam Prep,South Region,Rep_07,0.15,Negotiation,Lost,Bad Timing,"$1,051.46",2026-07-09 11:03:26.837651
LD-304603,05/05/2026 14:02,Paid Search,Competitive Exam Prep,South Region,Rep_02,0.98,Contacted,Open,,,
LD-304604,2026-03-26 17:34:00,Referral,K-12 Math,West Region,Rep_03,4.67,Contacted,Open,,,
LD-304605,27-Dec-2025 19:57,Partner Channel,Language Learning,West Region,Rep_13,4.64,Contacted,Open,,,
LD-304606,2025-11-20 09:19:00,Social Media,Competitive Exam Prep,North Region,Rep_01,1.37,Contacted,Open,,,
LD-304607,12/13/2025 19:45,Referral,Competitive Exam Prep,International,Rep_05,1.23,Contacted,Open,,,
LD-304608,02/13/2025 18:09,Organic Search,Language Learning,South Region,Rep_02,2.54,Contacted,Open,,,
LD-304609,05-Feb-2026 10:25,Social,Coding for Kids,North Region,Rep_01,0.94,Demo Completed,Lost,Went With Competitor,$550.89,2026-03-12 22:15:40.713242
LD-304610,04/03/2026 13:34,Social Media,Language Learning,International,Rep_05,2.23,Contacted,Open,,,
LD-304611,05/09/2025 19:24,Referral,Language Learning,West Region,Rep_03,1.11,Contacted,Open,,,
LD-304612,2026-02-08 15:50:00,Social Media,K12 Math,East Region,Rep_14,3.41,Lead,Open,,,
LD-304613,28-Nov-2025 20:44,Webinar,Competitive Exam Prep,South Region,Rep_02,12.82,Contacted,Open,,,
LD-304614,24-Apr-2026 18:55,Organic Search,K-12 Math,International,Rep_10,8.46,Contacted,Open,,,
LD-304615,02-Oct-2025 18:06,Social Media,Coding for Kids,West Region,Rep_08,3.5,Negotiation,Lost,Bad Timing,$715.15,2025-11-11 22:24:26.676390
LD-304616,21-Nov-2025 19:52,Organic Search,Language Learning,International,Rep_05,3.24,Lead,Open,,,
LD-304617,21-Jan-2026 15:36,Cold Outreach,Coding for Kids,South Region,Rep_07,1.16,Contacted,Open,,,
LD-304618,15-Oct-2025 07:43,Paid Search,Competitive Exam Prep,North Region,Rep_01,2.45,Demo Completed,Lost,Went With Competitor,$874.91,2025-11-14 20:12:24.368812
LD-304619,06/12/2026 12:25,Paid Search,Coding for Kids,North Region,Rep_06,2.99,Demo Scheduled,Open,,,
LD-304620,02/28/2025 11:57,Referral,K-12 Math,South Region,Rep_12,6.16,Closed,Won,,473.91,2025-04-17 00:08:03.211382
LD-304621,2025-03-21 18:39:00,Paid Search,Coding for Kids,South Region,Rep_12,3.82,Lead,Open,,,
LD-304622,2025-10-10 18:49:00,Webinar,Language Learning,East Region,Rep_14,6.38,Contacted,Open,,,
LD-304623,11/27/2025 07:06,Organic Search,K-12 Math,West Region,Rep_03,4.84,Contacted,Open,,,
LD-304624,2025-06-12 07:59:00,Referral,Study Abroad Prep,West Region,Rep_08,1.4,Negotiation,Lost,Price Objection,1210.69,2025-08-07 15:53:45.029678
LD-304625,2026-01-16 12:12:00,Organic Search,Competitive Exam Prep,East Region,Rep_04,13.93,Lead,Open,,,
LD-304626,2026-01-05 15:32:00,Organic Search,Competitive Exam Prep,West Region,Rep_03,2.86,Contacted,Open,,,
LD-304627,08/05/2025 20:54,Paid Search,Coding for Kids,North Region,Rep_06,19.51,Lead,Open,,,
LD-304628,15-May-2026 13:10,Webinar,Study Abroad Prep,East Region,Rep_04,21.16,Contacted,Open,,,
LD-304629,2026-03-03 09:24:00,Social Media,K-12 Math,East Region,Rep_14,11.75,Contacted,Open,,,
LD-304630,03/21/2025 18:32,Referral,Competitive Exam Prep,International,Rep_05,5.11,Closed,Won,,"$1,105.73",2025-05-13 01:56:40.165142
LD-304631,2025-05-27 10:34:00,Partner Channel,Competitive Exam Prep,West Region,Rep_03,5.36,Negotiation,Lost,Bad Timing,1040.33,2025-07-04 15:54:40.842488
LD-304632,25-Jul-2025 14:20,Organic Search,Coding for Kids,North Region,Rep_01,1.77,Contacted,Open,,,
LD-304633,2025-07-28 17:43:00,Referral,Competitive Exam Prep,East Region,Rep_04,0.67,Demo Completed,Lost,No Response / Ghosted,"$1,031.35",2025-08-17 14:50:26.937534
LD-304634,03/04/2025 15:56,Referral,Language Learning,,Rep_02,9.55,Closed,Won,,338.69,2025-03-30 02:15:33.350232
LD-304635,04/18/2025 07:37,Referral,Competitive Exam Prep,West Region,Rep_08,7.04,Contacted,Open,,,
LD-304636,12/15/2025 15:51,Cold Outreach,Coding for Kids,North Region,Rep_06,2.81,Lead,Open,,,
LD-304637,2025-07-04 12:31:00,Webinar,Language Learning,South Region,Rep_02,13.92,Contacted,Open,,,
LD-304638,01/09/2026 18:27,Organic Search,Language Learning,East Region,Rep_14,0.58,Contacted,Open,,,
LD-304639,16-Jun-2025 13:43,Social Media,Language Learning,West Region,Rep_13,0.67,Negotiation,Lost,Budget Not Approved,353.26,2025-07-16 02:41:38.793702
LD-304640,11/11/2025 08:47,Webinar,Language Learning,East Region,Rep_09,1.85,Closed,Won,,293.42,2025-12-24 15:00:28.277430
LD-304641,04/01/2026 15:55,Referral,Competitive Exam Prep,North Region,Rep_06,14.16,Contacted,Open,,,
LD-304642,2025-08-30 16:18:00,Social Media,K-12 Math,South Region,Rep_07,1.88,Lead,Open,,,
LD-304643,06/07/2026 16:08,Cold Outreach,Coding for Kids,International,Rep_15,5.23,Lead,Open,,,
LD-304644,2026-03-27 17:17:00,Paid Search,Coding for Kids,South Region,Rep_07,1.77,Lead,Open,,,
LD-304645,2025-08-19 19:00:00,Organic Search,Language Learning,South Region,Rep_02,5.63,Contacted,Open,,,
LD-304646,2025-09-25 10:35:00,Organic Search,Coding for Kids,East Region,Rep_09,3.54,Lead,Open,,,
LD-304647,01/13/2026 15:20,Partner Channel,Coding for Kids,East Region,Rep_09,3.44,Demo Completed,Lost,Bad Timing,696.36,2026-02-20 04:14:00.274337
LD-304648,08-Sep-2025 14:03,Webinar,Coding for Kids,North Region,Rep_11,3.03,Negotiation,Lost,Bad Timing,$649.80,2025-10-14 00:55:39.067839
LD-304649,11-Jun-2026 16:30,Webinar,Language Learning,West Region,Rep_03,2.56,Closed,Won,,306.8,2026-07-28 08:37:47.051108
LD-304650,07/18/2025 14:14,Cold Outreach,K-12  Math,West Region,Rep_03,3.57,Lead,Open,,,
LD-304651,07-May-2026 08:19,Cold Outreach,Coding for Kids,South Region,Rep_07,9.47,Lead,Open,,,
LD-304652,05/08/2025 14:29,Paid Search,Competitive Exam Prep,International,Rep_15,1.86,Lead,Open,,,
LD-304653,2026-05-07 12:58:00,Organic Search,K-12 Math,West Region,Rep_13,5.15,Lead,Open,,,
LD-304654,10-Jan-2025 11:59,Cold Outreach,K-12 Math,North Region,Rep_06,0.67,Lead,Open,,,
LD-304655,2026-03-20 14:52:00,Organic Search,k-12 math,South Region,Rep_07,2.26,Demo Completed,Lost,Price Objection,515.79,2026-04-19 02:42:08.341050
LD-304656,10/12/2025 17:23,Webinar,K-12 Math,North Region,Rep_01,4.08,Contacted,Open,,,
LD-304657,06/02/2026 10:50,Webinar,Language Learning,North Region,Rep_06,1.8,Contacted,Open,,,
LD-304658,12/23/2025 19:31,Social Media,Competitive Exam Prep,North Region,Rep_06,1.54,Contacted,Open,,,
LD-304659,2026-04-01 18:23:00,Partner Channel,Coding for Kids,North Region,Rep_01,5.81,Closed,Won,,739.9,2026-05-22 13:29:43.605588
LD-304660,01/10/2025 18:13,Paid Search,Study Abroad Prep,North Region,Rep_06,0.56,Contacted,Open,,,
LD-304661,12/29/2025 11:50,social media,K-12 Math,South Region,Rep_07,1.57,Lead,Open,,,
LD-304662,2025-11-11 11:44:00,Cold Outreach,Coding for Kids,South Region,Rep_12,10.39,Demo Completed,Lost,No Response / Ghosted,$669.92,2025-12-10 11:49:48.765863
LD-304663,12-Sep-2025 11:41,Organic Search,K-12 Math,West Region,Rep_03,1.28,Closed,Won,,$519.73,2025-10-22 17:59:58.866920
LD-304664,05/15/2026 14:04,Referral,Coding for Kids,West Region,Rep_03,2.18,Demo Completed,Lost,Went With Competitor,$737.13,2026-06-15 19:47:43.418974
LD-304665,29-Sep-2025 10:53,Cold Outreach,Language Learning,South Region,Rep_02,1.08,Lead,Open,,,
LD-304666,03/20/2026 14:51,Organic Search,K-12 Math,North Region,Rep_01,0.43,Contacted,Open,,,
LD-304667,18-Jul-2025 20:26,Paid Search,K-12  Math,International,Rep_10,1.0,Contacted,Open,,,
LD-304668,05/07/2026 11:01,Social Media,K-12 Math,West Region,Rep_03,1.54,Lead,Open,,,
LD-304669,03-Jan-2025 15:36,Organic Search,Competitive Exam Prep,East Region,Rep_14,5.21,Demo Completed,Lost,Went With Competitor,"$1,038.02",2025-02-07 03:07:52.094842
LD-304670,09/22/2025 14:35,Referral,Study Abroad Prep,West Region,Rep_03,0.57,Closed,Won,,1396.65,2025-11-02 22:11:31.833039
LD-304671,2025-11-28 17:31:00,Paid Search,Coding for Kids,East Region,Rep_14,1.19,Lead,Open,,,
LD-304672,03/24/2026 09:30,Organic search,K-12 Math,West Region,Rep_13,1.97,Demo Completed,Lost,Went With Competitor,540.2,2026-04-25 12:10:16.697614
LD-304673,07/04/2025 14:50,Organic Search,Coding for Kids,North Region,Rep_01,18.02,Demo Completed,Lost,Went With Competitor,$643.79,2025-07-29 10:35:34.888932
LD-304674,01/02/2026 07:29,Social Media,Language Learning,,Rep_05,0.82,Contacted,Open,,,
LD-304675,2025-10-12 08:53:00,Organic Search,Study Abroad Prep,South Region,Rep_02,8.42,Proposal Sent,Lost,Price Objection,"$1,731.86",2025-11-16 18:33:17.488905
LD-304676,01-May-2026 11:54,Paid Search,K12 Math,East Region,Rep_09,0.39,Contacted,Open,,,
LD-304677,04/07/2026 12:49,Webinar,Competitive Exam Prep,East Region,Rep_04,3.15,Contacted,Open,,,
LD-304678,20-Jul-2025 10:11,Social Media,Language Learning,South Region,Rep_07,3.73,Proposal Sent,Lost,Budget Not Approved,$348.84,2025-08-25 18:47:00.318934
LD-304679,2025-09-10 16:27:00,Paid Search,Language Learning,,Rep_14,1.7,Contacted,Open,,,
LD-304680,06/20/2025 12:26,Social Media,Competitive Exam Prep,North Region,Rep_01,2.52,Contacted,Open,,,
LD-304681,05/29/2025 20:10,Paid Search,Coding for Kids,South Region,Rep_02,0.32,Contacted,Open,,,
LD-304682,05/24/2026 14:15,Cold Outreach,Competitive Exam Prep,South Region,Rep_12,17.54,Contacted,Open,,,
LD-304683,2026-06-15 20:32:00,Partner Channel,Coding for Kids,South Region,Rep_02,1.05,Closed,Won,,599.32,2026-07-21 15:10:07.682105
LD-304684,20-Aug-2025 14:28,Referral,K-12 Math,North Region,Rep_06,4.94,Negotiation,Lost,Price Objection,533.71,2025-10-09 05:01:25.975051
LD-304685,2025-01-22 11:43:00,Webinar,Study Abroad Prep,North Region,Rep_06,4.26,Contacted,Open,,,
LD-304686,15-Jun-2026 08:07,Cold Outreach,Language Learning,East Region,Rep_04,12.15,Lead,Open,,,
LD-304687,2025-07-25 10:02:00,Organic Search,Coding for Kids,,Rep_03,4.17,Contacted,Open,,,
LD-304688,17-Jun-2026 12:42,Organic Search,Competitive Exam Prep,East Region,Rep_09,0.95,Contacted,Open,,,
LD-304689,06/20/2025 14:30,Organic Search,Coding for Kids,East Region,Rep_09,5.7,Contacted,Open,,,
LD-304690,09-Nov-2025 10:51,Organic Search,Study Abroad Prep,International,Rep_05,0.29,Demo Completed,Lost,No Response / Ghosted,1306.91,2025-12-17 10:51:20.292598
LD-304691,2025-01-31 10:15:00,Partner Channel,Competitive Exam Prep,West Region,Rep_03,3.11,Contacted,Open,,,
LD-304692,2025-08-05 09:31:00,Social Media,Language Learning,North Region,Rep_11,9.99,Contacted,Open,,,
LD-304693,2025-12-12 19:25:00,Paid Search,Coding for Kids,East Region,Rep_04,3.11,Demo Completed,Lost,Budget Not Approved,$692.98,2026-01-16 00:27:04.018422
LD-304694,11/22/2025 19:56,Social,Competitive Exam Prep,North Region,Rep_01,3.63,Lead,Open,,,
LD-304695,12/20/2025 11:47,Webinar,coding for kids,,Rep_07,2.89,Contacted,Open,,,
LD-304696,2025-04-10 10:25:00,Paid Search,Language Learning,International,Rep_15,2.34,Negotiation,Lost,Went With Competitor,$309.13,2025-05-13 05:23:51.541758
LD-304697,05-Sep-2025 09:23,Webinar,K-12 Math,South Region,Rep_02,9.38,Closed,Won,,514.56,2025-10-09 12:38:27.119094
LD-304698,05/30/2026 16:00,Paid  Search,K-12 Math,North Region,Rep_01,2.17,Demo Completed,Lost,Price Objection,455.12,2026-06-21 12:54:25.266129
LD-304699,26-Jul-2025 09:19,Partner Channel,Language Learning,West Region,Rep_03,1.89,Contacted,Open,,,
LD-304700,23-Apr-2026 19:09,Paid Search,Language Learning,South Region,Rep_12,2.82,Negotiation,Lost,No Response / Ghosted,420.55,2026-06-12 14:20:10.929065
LD-304701,03/11/2026 07:23,Referral,Coding for Kids,South Region,Rep_07,1.05,Closed,Won,,$613.44,2026-04-20 07:37:40.219396
LD-304702,05-Jun-2026 13:44,Paid Search,K-12 Math,South Region,Rep_02,3.53,Demo Completed,Lost,Bad Timing,$469.86,2026-06-30 17:07:05.737575
LD-304703,05/29/2026 16:28,Social Media,CODING FOR KIDS,North Region,Rep_06,2.3,Lead,Open,,,
LD-304704,12/26/2025 09:16,Organic search,K-12 Math,,Rep_04,2.37,Contacted,Open,,,
LD-304705,08/15/2025 15:51,Organic Search,Study Abroad Prep,East Region,Rep_14,3.84,Demo Scheduled,Open,,,
LD-304706,03/12/2025 14:37,Organic Search,Language Learning,North Region,Rep_01,2.65,Lead,Open,,,
LD-304707,2025-01-21 11:42:00,Referral,Language Learning,West Region,Rep_13,3.6,Closed,Won,,313.11,2025-02-20 11:47:16.335372
LD-304708,08/26/2025 15:38,Paid Search,K-12 Math,East Region,Rep_04,5.33,Contacted,Open,,,
LD-304709,2025-07-31 08:47:00,Paid  Search,Competitive Exam Prep,North Region,Rep_01,0.34,Contacted,Open,,,
LD-304710,04/03/2026 17:43,Organic Search,K-12 Math,East Region,Rep_09,1.76,Demo Completed,Lost,Bad Timing,444.75,2026-04-29 20:18:27.931800
LD-304711,13-Feb-2026 11:24,Paid Search,Study Abroad Prep,North Region,Rep_06,7.45,Lead,Open,,,
LD-304712,20-May-2025 19:11,Paid Search,K-12 Math,North Region,Rep_01,4.99,Contacted,Open,,,
LD-304713,2025-04-09 10:48:00,Organic Search,K-12 Math,International,Rep_05,0.65,Negotiation,Lost,Went With Competitor,482.15,2025-05-06 10:06:20.925403
LD-304714,2025-01-06 11:20:00,Paid Search,Competitive Exam Prep,South Region,Rep_12,2.37,Proposal Sent,Lost,Price Objection,"$1,064.12",2025-02-05 21:54:57.060844
LD-304715,2025-10-24 14:28:00,Webinar,Study Abroad Prep,North Region,Rep_11,5.18,Contacted,Open,,,
LD-304716,2025-07-20 15:16:00,Cold Outreach,Competitive Exam Prep,South Region,Rep_02,5.78,Contacted,Open,,,
LD-304717,2025-12-11 07:29:00,Social Media,Competitive Exam Prep,South Region,Rep_02,2.37,Contacted,Open,,,
LD-304718,08/26/2025 09:16,Organic Search,K-12 Math,,Rep_12,6.96,Lead,Open,,,
LD-304719,2025-07-19 20:37:00,Organic Search,K12 Math,South Region,Rep_02,5.53,Proposal Sent,Lost,Price Objection,$490.49,2025-08-26 10:01:36.637938
LD-304720,2025-07-09 14:44:00,Cold Outreach,K-12 Math,South Region,Rep_07,4.5,Lead,Open,,,
LD-304721,08/20/2025 16:01,Paid Search,Competitive Exam Prep,East Region,Rep_04,5.91,Lead,Open,,,
LD-304722,21-Feb-2025 08:58,Referral,Coding for Kids,South Region,Rep_02,0.84,Contacted,Open,,,
LD-304723,04/11/2025 09:24,Paid Search,Study Abroad Prep,North Region,Rep_01,6.99,Contacted,Open,,,
LD-304724,01-May-2026 20:05,Webinar,K-12 Math,South Region,Rep_07,38.09,Contacted,Open,,,
LD-304725,2025-07-07 20:38:00,Organic Search,Coding for Kids,,Rep_07,1.94,Contacted,Open,,,
LD-304726,04/21/2025 19:51,Referral,Competitive Exam Prep,,Rep_05,10.55,Closed,Won,,993.81,2025-05-24 09:46:35.584536
LD-304727,03/02/2026 17:31,Partner Channel,Competitive Exam Prep,North Region,Rep_11,3.46,Lead,Open,,,
LD-304728,2026-01-19 09:57:00,Paid Search,Language Learning,North Region,Rep_01,0.42,Contacted,Open,,,
LD-304729,13-Feb-2025 18:08,Referral,Competitive Exam Prep,West Region,Rep_13,0.89,Closed,Won,,1043.44,2025-03-21 20:31:08.198794
LD-304730,10/10/2025 13:24,Organic Search,Language Learning,North Region,Rep_06,1.29,Closed,Won,,345.73,2025-11-20 08:28:12.052812
LD-304731,2025-10-28 09:16:00,Paid Search,Study Abroad Prep,West Region,Rep_03,4.52,Demo Completed,Lost,Price Objection,1200.5,2025-11-25 15:47:45.864264
LD-304732,2026-02-21 16:51:00,social media,Competitive Exam Prep,West Region,Rep_08,5.42,Negotiation,Lost,No Response / Ghosted,"$1,126.27",2026-04-04 12:46:19.320700
LD-304733,04/25/2025 17:45,Social Media,Study Abroad Prep,South Region,Rep_02,3.24,Lead,Open,,,
LD-304734,03/30/2026 15:51,Organic Search,Study Abroad Prep,South Region,Rep_02,0.81,Contacted,Open,,,
LD-304735,2025-08-31 15:01:00,Organic Search,K-12 Math,North Region,Rep_01,3.39,Proposal Sent,Lost,Price Objection,511.13,2025-09-26 07:42:50.838615
LD-304736,26-Aug-2025 17:57,Referral,K-12 Math,West Region,Rep_08,3.36,Closed,Won,,$587.27,2025-09-23 07:11:23.555138
LD-304737,2025-08-11 12:03:00,Paid Search,Language Learning,South Region,Rep_07,0.41,Lead,Open,,,
LD-304738,01/02/2026 14:52,Paid Search,K-12 Math,North Region,Rep_06,20.7,Lead,Open,,,
LD-304739,2025-10-13 12:35:00,Paid Search,Study Abroad Prep,South Region,Rep_02,5.56,Closed,Won,,"$1,738.08",2025-12-07 04:07:51.669388
LD-304740,05/26/2025 08:17,Webinar,Competitive Exam Prep,West Region,Rep_13,11.89,Demo Completed,Lost,No Response / Ghosted,$868.00,2025-06-20 06:54:26.432905
LD-304741,06-Aug-2025 18:12,Social Media,K-12 Math,South Region,Rep_12,2.07,Lead,Open,,,
LD-304742,02/11/2025 19:06,Organic Search,K-12 Math,North Region,Rep_01,13.58,Contacted,Open,,,
LD-304743,16-Jan-2026 12:48,Organic Search,Competitive Exam Prep,North Region,Rep_11,1.53,Closed,Won,,"$1,062.59",2026-03-02 10:34:14.946436
LD-304744,18-Jul-2025 18:20,Referral,Study Abroad Prep,North Region,Rep_11,2.11,Contacted,Open,,,
LD-304745,2026-05-24 14:20:00,Organic Search,Competitive Exam Prep,West Region,Rep_13,1.43,Proposal Sent,Lost,Budget Not Approved,$886.26,2026-06-19 22:52:44.634866
LD-304746,2025-08-18 19:46:00,Cold Outreach,Competitive Exam Prep,North Region,Rep_01,2.92,Demo Completed,Lost,Price Objection,1075.57,2025-09-10 12:12:52.285185
LD-304747,2026-04-10 19:36:00,Referral,Language Learning,West Region,Rep_03,0.9,Negotiation,Lost,Price Objection,375.04,2026-05-22 16:55:37.853745
LD-304748,2026-03-04 13:46:00,Referral,Competitive Exam Prep,International,Rep_10,6.58,Closed,Won,,"$1,057.65",2026-03-30 06:46:57.261211
LD-304749,18-May-2025 07:14,Organic Search,K-12 Math,East Region,Rep_04,2.89,Contacted,Open,,,
LD-304750,03-Apr-2026 10:34,Referral,Coding for Kids,South Region,Rep_02,7.97,Contacted,Open,,,
LD-304751,27-Feb-2026 16:00,Social Media,K-12 Math,West Region,Rep_08,0.78,Contacted,Open,,,
LD-304752,10-Jan-2025 19:45,Webinar,Competitive Exam Prep,East Region,Rep_04,0.87,Lead,Open,,,
LD-304753,2026-06-23 14:20:00,Paid Search,K-12 Math,South Region,Rep_07,2.28,Demo Completed,Lost,Went With Competitor,$488.07,2026-08-07 04:57:43.706511
LD-304754,05/15/2026 19:40,Paid Search,K-12 Math,North Region,Rep_06,4.75,Lead,Open,,,
LD-304755,05/27/2025 16:02,Paid Search,Coding for Kids,International,Rep_05,10.12,Contacted,Open,,,
LD-304756,2026-06-11 12:50:00,Organic Search,K-12 Math,South Region,Rep_07,7.04,Contacted,Open,,,
LD-304757,13-Jul-2025 17:17,Webinar,Competitive Exam Prep,South Region,Rep_02,0.87,Closed,Won,,1116.19,2025-08-19 05:48:09.924625
LD-304758,01/01/2026 14:30,Partner Channel,K-12 Math,,Rep_05,2.17,Closed,Won,,482.26,2026-02-04 06:57:44.918326
LD-304759,08-Aug-2025 15:19,Partner Channel,Competitive Exam Prep,East Region,Rep_04,3.88,Proposal Sent,Lost,No Response / Ghosted,889.29,2025-09-04 09:33:12.398368
LD-304760,05/08/2025 14:49,Paid Search,K-12 Math,North Region,Rep_06,4.02,Lead,Open,,,
LD-304761,05/16/2025 08:17,Organic Search,Competitive Exam Prep,South Region,Rep_02,4.17,Contacted,Open,,,
LD-304762,29-Oct-2025 19:28,social media,K-12 Math,North Region,Rep_06,2.71,Lead,Open,,,
LD-304763,03/24/2026 15:16,Referral,Competitive Exam Prep,South Region,Rep_12,2.16,Closed,Won,,1059.78,2026-05-08 11:57:19.887912
LD-304764,2025-12-22 19:04:00,Social Media,K-12 Math,West Region,Rep_08,4.29,Closed,Won,,532.32,2026-01-31 11:57:49.582154
LD-304765,2025-09-12 09:34:00,Social Media,Coding for Kids,International,Rep_10,1.32,Lead,Open,,,
LD-304766,2025-07-14 09:39:00,Paid Search,Coding for Kids,International,Rep_15,2.33,Negotiation,Lost,Price Objection,$747.71,2025-08-25 09:12:46.757303
LD-304767,09/07/2025 17:07,Webinar,K-12 Math,West Region,Rep_03,2.43,Contacted,Open,,,
LD-304768,2025-08-24 17:04:00,Referral,Coding for Kids,West Region,Rep_08,5.65,Demo Completed,Lost,No Response / Ghosted,579.93,2025-09-27 23:18:57.302413
LD-304769,2025-02-03 19:59:00,Partner Channel,Study Abroad Prep,West Region,Rep_03,3.18,Proposal Sent,Lost,Price Objection,1501.29,2025-03-27 11:23:50.814630
LD-304770,2025-01-17 20:24:00,Paid Search,Competitive Exam Prep,West Region,Rep_13,5.98,Lead,Open,,,
LD-304771,20-Jun-2025 11:49,Social Media,K-12 Math,North Region,Rep_06,4.62,Lead,Open,,,
LD-304772,2025-07-01 12:09:00,Organic Search,Study Abroad Prep,East Region,Rep_04,0.9,Lead,Open,,,
LD-304773,03-Jan-2026 14:24,Cold Outreach,Coding for Kids,West Region,Rep_08,0.88,Contacted,Open,,,
LD-304774,2025-08-22 17:35:00,Partner Channel,Coding for Kids,,Rep_02,5.19,Contacted,Open,,,
LD-304775,2025-01-06 15:53:00,Organic Search,Competitive Exam Prep,West Region,Rep_08,28.64,Contacted,Open,,,
LD-304776,22-May-2026 12:49,Organic Search,Language Learning,West Region,Rep_13,2.05,Proposal Sent,Lost,Bad Timing,354.89,2026-07-05 21:04:50.130518
LD-304777,04/29/2026 20:00,Referral,Language Learning,North Region,Rep_06,3.16,Contacted,Open,,,
LD-304778,12/30/2025 12:43,Social Media,K-12 Math,East Region,Rep_14,8.58,Contacted,Open,,,
LD-304779,12/02/2025 09:18,Organic Search,Competitive Exam Prep,South Region,Rep_07,6.29,Lead,Open,,,
LD-304780,10/10/2025 16:45,Paid Search,K-12 Math,South Region,Rep_02,0.61,Proposal Sent,Lost,No Response / Ghosted,582.41,2025-11-26 15:40:02.110951
LD-304781,10/17/2025 20:06,Paid Search,K-12 Math,East Region,Rep_14,2.6,Contacted,Open,,,
LD-304782,05/14/2025 14:48,Organic Search,Competitive Exam Prep,South Region,Rep_12,3.29,Negotiation,Lost,Price Objection,$822.56,2025-06-26 06:57:17.512775
LD-304783,04-Dec-2025 14:34,Organic Search,K-12 Math,South Region,Rep_07,9.75,Proposal Sent,Lost,Bad Timing,457.32,2026-01-14 16:05:58.634447
LD-304784,2025-06-17 09:44:00,Social Media,Coding for Kids,North Region,Rep_11,3.02,Contacted,Open,,,
LD-304785,2025-04-30 13:30:00,Organic Search,coding for kids,North Region,Rep_11,0.27,Closed,Won,,680.01,2025-06-02 17:23:34.367663
LD-304786,2025-11-07 07:24:00,social media,Study Abroad Prep,International,Rep_15,3.44,Demo Completed,Lost,Bad Timing,1283.31,2025-11-27 16:06:46.383370
LD-304787,05/22/2026 15:27,Social Media,Study Abroad Prep,South Region,Rep_02,4.33,Contacted,Open,,,
LD-304788,07/31/2025 15:02,Social Media,K12 Math,North Region,Rep_01,13.85,Demo Completed,Lost,Price Objection,529.68,2025-08-28 00:10:42.064216
LD-304789,2025-10-31 10:44:00,Paid Search,Language Learning,South Region,Rep_12,5.12,Closed,Won,,$375.18,2025-12-03 12:34:59.612245
LD-304790,03/31/2026 14:55,paid search,Language Learning,South Region,Rep_02,4.44,Contacted,Open,,,
LD-304791,2026-04-30 09:37:00,Paid Search,Study Abroad Prep,International,Rep_10,3.98,Proposal Sent,Lost,Went With Competitor,1264.7,2026-06-13 19:03:34.146614
LD-304792,2025-07-23 17:14:00,Partner Channel,CODING FOR KIDS,West Region,Rep_08,0.58,Closed,Won,,717.39,2025-09-03 22:28:50.264764
LD-304793,2025-04-02 09:47:00,Organic Search,Language Learning,North Region,Rep_11,19.36,Contacted,Open,,,
LD-304794,10-Dec-2025 12:22,Partner Channel,Coding for Kids,North Region,Rep_01,2.28,Lead,Open,,,
LD-304795,04-Feb-2025 12:35,Paid  Search,Language Learning,South Region,Rep_07,10.45,Demo Scheduled,Open,,,
LD-304796,18-Jan-2026 15:10,Cold Outreach,Coding for Kids,North Region,Rep_01,9.52,Lead,Open,,,
LD-304797,10/29/2025 17:58,Paid Search,Competitive Exam Prep,East Region,Rep_14,5.02,Contacted,Open,,,
LD-304798,2026-01-05 14:08:00,Organic Search,Language Learning,West Region,Rep_13,2.4,Contacted,Open,,,
LD-304799,13-May-2026 20:38,Partner Channel,Language Learning,East Region,Rep_09,0.77,Closed,Won,,364.67,2026-06-19 20:13:04.785032
LD-304800,08-Jun-2025 11:05,Referral,K-12 Math,International,Rep_10,5.51,Contacted,Open,,,
LD-304801,21-Sep-2025 08:28,SOCIAL MEDIA,Coding for Kids,South Region,Rep_02,7.15,Contacted,Open,,,
LD-304802,2026-02-12 15:17:00,Organic Search,Language Learning,International,Rep_05,2.18,Demo Scheduled,Open,,,
LD-304803,2026-01-29 13:06:00,Social Media,K-12 Math,,Rep_07,2.81,Contacted,Open,,,
LD-304804,2025-10-24 18:49:00,Webinar,Language Learning,North Region,Rep_01,3.81,Negotiation,Lost,Price Objection,328.45,2025-11-20 22:24:29.710776
LD-304805,15-Apr-2026 13:31,Cold Outreach,K-12 Math,North Region,Rep_01,8.3,Contacted,Open,,,
LD-304806,11-Sep-2025 13:28,Organic Search,K-12 Math,West Region,Rep_03,1.24,Contacted,Open,,,
LD-304807,2026-04-22 09:35:00,Paid Search,Language Learning,West Region,Rep_08,4.39,Closed,Won,,371.82,2026-06-15 06:43:12.374527
LD-304808,05/18/2025 09:57,Webinar,Language Learning,South Region,Rep_07,0.99,Closed,Won,,291.79,2025-06-27 13:16:16.025435
LD-304809,26-Feb-2025 13:29,Referral,Competitive Exam Prep,West Region,Rep_08,11.33,Demo Scheduled,Open,,,
LD-304810,2026-04-17 08:27:00,Social Media,Competitive Exam Prep,North Region,Rep_01,2.44,Lead,Open,,,
LD-304811,12-Jun-2026 08:19,social media,Coding for Kids,East Region,Rep_09,6.88,Demo Scheduled,Open,,,
LD-304812,2025-05-30 09:29:00,Paid Search,Coding for Kids,South Region,Rep_12,3.42,Contacted,Open,,,
LD-304813,2025-02-11 16:52:00,Referral,K-12 Math,South Region,Rep_07,12.0,Negotiation,Lost,Went With Competitor,489.04,2025-04-05 21:00:34.356012
LD-304814,2025-01-31 17:12:00,Paid Search,Coding for Kids,International,Rep_15,10.5,Lead,Open,,,
LD-304815,2026-04-15 09:14:00,Referral,Coding for Kids,South Region,Rep_12,2.65,Contacted,Open,,,
LD-304816,01/19/2026 08:02,Cold Outreach,Coding for Kids,East Region,Rep_14,8.05,Contacted,Open,,,
LD-304817,14-Nov-2025 10:18,Partner Channel,Competitive Exam Prep,North Region,Rep_01,2.86,Contacted,Open,,,
LD-304818,02/10/2026 13:05,Organic Search,Coding for Kids,East Region,Rep_09,3.05,Demo Scheduled,Open,,,
LD-304819,05-Sep-2025 07:24,Paid Search,Study Abroad Prep,South Region,Rep_02,2.74,Demo Completed,Lost,No Response / Ghosted,1549.85,2025-10-08 15:48:44.641768
LD-304820,2025-06-13 08:06:00,Social Media,Language Learning,North Region,Rep_01,13.5,Contacted,Open,,,
LD-304821,2026-03-27 10:05:00,Social Media,Coding for Kids,North Region,Rep_06,3.61,Contacted,Open,,,
LD-304822,2025-06-03 20:24:00,Organic Search,Study Abroad Prep,South Region,Rep_02,1.89,Proposal Sent,Lost,Went With Competitor,"$1,642.22",2025-07-19 18:41:28.119275
LD-304823,20-Aug-2025 15:01,Social Media,Coding for Kids,North Region,Rep_11,5.14,Lead,Open,,,
LD-304824,08-Jan-2025 20:08,Webinar,Competitive Exam Prep,International,Rep_15,4.31,Contacted,Open,,,
LD-304825,07/03/2025 10:01,Referral,Coding for Kids,South Region,Rep_12,4.28,Contacted,Open,,,
LD-304826,15-Jun-2026 12:53,Cold Outreach,Language Learning,North Region,Rep_06,3.3,Lead,Open,,,
LD-304827,2025-12-02 18:56:00,Webinar,Coding for Kids,East Region,Rep_04,7.6,Lead,Open,,,
LD-304828,01/09/2026 20:39,Paid Search,K-12 Math,East Region,Rep_09,2.58,Demo Completed,Lost,No Response / Ghosted,$528.62,2026-02-11 18:22:04.226965
LD-304829,04/23/2025 12:29,Social Media,Language Learning,North Region,Rep_06,4.98,Contacted,Open,,,
LD-304830,2025-08-03 09:51:00,Partner Channel,Coding for Kids,West Region,Rep_08,0.72,Negotiation,Lost,No Response / Ghosted,665.38,2025-09-13 23:16:02.998336
LD-304831,17-Jun-2026 11:52,Social Media,Language Learning,South Region,Rep_12,5.54,Closed,Won,,$337.11,2026-08-14 01:52:54.642199
LD-304832,2026-06-05 07:52:00,Webinar,Language Learning,East Region,Rep_04,6.64,Proposal Sent,Lost,Price Objection,324.5,2026-07-02 03:47:15.417295
LD-304833,2025-09-15 11:26:00,SEO,Coding for Kids,West Region,Rep_03,1.99,Closed,Won,,631.4,2025-10-25 12:07:38.352045
LD-304834,23-May-2025 16:06,Paid Search,Language Learning,South Region,Rep_07,1.51,Contacted,Open,,,
LD-304835,2025-05-02 10:11:00,Referral,K-12 Math,East Region,Rep_04,4.45,Proposal Sent,Lost,Price Objection,422.38,2025-05-23 15:52:15.345744
LD-304836,2025-10-20 07:05:00,Partner Channel,Study Abroad Prep,,Rep_01,6.52,Proposal Sent,Lost,Price Objection,1197.89,2025-11-23 09:02:31.714723
LD-304837,08-Jun-2025 10:32,Referral,Competitive Exam Prep,International,Rep_15,0.57,Closed,Won,,1164.79,2025-07-19 16:52:35.849243
LD-304838,08/24/2025 15:12,Social Media,Language Learning,East Region,Rep_04,26.81,Lead,Open,,,
LD-304839,06/26/2025 17:39,Cold Outreach,Competitive Exam Prep,South Region,Rep_07,6.14,Contacted,Open,,,
LD-304840,19-Mar-2026 11:59,Partner Channel,Language Learning,South Region,Rep_07,3.86,Contacted,Open,,,
LD-304841,08/15/2025 08:56,Social Media,Coding for Kids,West Region,Rep_08,6.72,Contacted,Open,,,
LD-304842,24-Mar-2025 09:11,Social Media,Study Abroad Prep,West Region,Rep_13,4.8,Proposal Sent,Lost,Budget Not Approved,"$1,741.75",2025-04-21 23:09:45.598103
LD-304843,18-Jun-2026 13:26,Organic Search,Coding for Kids,West Region,Rep_03,3.68,Contacted,Open,,,
LD-304844,2025-06-03 20:54:00,Webinar,Competitive Exam Prep,North Region,Rep_11,2.74,Contacted,Open,,,
LD-304845,16-Apr-2026 16:14,Social Media,Coding for Kids,East Region,Rep_14,36.67,Contacted,Open,,,
LD-304846,06-Feb-2026 10:50,Referral,Study Abroad Prep,South Region,Rep_12,4.07,Closed,Won,,"$1,445.45",2026-03-24 16:56:56.658908
LD-304847,2025-10-09 09:17:00,Partner Channel,Study Abroad Prep,International,Rep_15,28.73,Lead,Open,,,
LD-304848,2025-10-07 09:51:00,Webinar,Competitive Exam Prep,East Region,Rep_04,3.97,Lead,Open,,,
LD-304849,24-Apr-2026 20:41,Organic Search,K12 Math,North Region,Rep_06,0.58,Contacted,Open,,,
LD-304850,09/08/2025 11:07,SOCIAL MEDIA,K-12 Math,East Region,Rep_14,1.97,Contacted,Open,,,
LD-304851,07/08/2025 10:57,Organic Search,K-12 Math,East Region,Rep_04,2.53,Proposal Sent,Lost,Bad Timing,460.42,2025-08-24 06:54:34.927425
LD-304852,03/31/2025 13:53,Partner Channel,Language Learning,South Region,Rep_07,3.51,Negotiation,Lost,Price Objection,341.54,2025-05-12 16:54:24.371278
LD-304853,01/09/2025 13:33,Partner Channel,Coding For Kids,South Region,Rep_12,1.48,Contacted,Open,,,
LD-304854,2026-06-19 11:24:00,Referral,Study Abroad Prep,East Region,Rep_04,1.31,Negotiation,Lost,Went With Competitor,1479.88,2026-08-07 19:27:05.162322
LD-304855,07/17/2025 10:16,Organic Search,K-12 Math,North Region,Rep_01,2.64,Contacted,Open,,,
LD-304856,2025-12-09 15:57:00,Cold Outreach,Language Learning,South Region,Rep_02,2.18,Lead,Open,,,
LD-304857,08/08/2025 18:55,Cold Outreach,Coding for Kids,West Region,Rep_13,1.93,Lead,Open,,,
LD-304858,05/28/2026 12:39,PPC,K-12 Math,West Region,Rep_03,1.66,Contacted,Open,,,
LD-304859,11-Mar-2025 13:10,Social Media,coding for kids,North Region,Rep_01,3.91,Demo Completed,Lost,Bad Timing,633.99,2025-04-20 09:51:28.565252
LD-304860,10/20/2025 16:20,Social,Language Learning,South Region,Rep_12,5.74,Lead,Open,,,
LD-304861,22-Apr-2025 15:48,SOCIAL MEDIA,Language Learning,East Region,Rep_04,4.0,Lead,Open,,,
LD-304862,02/06/2026 14:59,Organic Search,Study Abroad Prep,East Region,Rep_14,-10.34,Lead,Open,,,
LD-304863,12-Mar-2025 07:22,Paid Search,Coding For Kids,North Region,Rep_11,3.03,Negotiation,Lost,No Response / Ghosted,705.19,2025-04-24 12:34:39.898128
LD-304864,12/13/2025 12:39,Organic Search,Study Abroad Prep,South Region,Rep_07,0.97,Closed,Won,,1727.66,2026-01-21 00:42:28.202641
LD-304865,01-Feb-2026 11:30,Social Media,Study Abroad Prep,North Region,Rep_11,4.99,Closed,Won,,"$1,345.42",2026-03-15 19:18:44.652160
LD-304866,2025-09-30 07:13:00,Paid Search,Study Abroad Prep,North Region,Rep_01,4.31,Contacted,Open,,,
LD-304867,2025-05-08 20:38:00,Organic Search,coding for kids,North Region,Rep_11,1.76,Contacted,Open,,,
LD-304868,2025-08-29 19:42:00,Cold Outreach,Coding for Kids,East Region,Rep_14,10.79,Lead,Open,,,
LD-304869,2026-02-24 10:54:00,Referral,Study Abroad Prep,East Region,Rep_04,3.17,Contacted,Open,,,
LD-304870,08/04/2025 13:22,Social Media,Coding For Kids,West Region,Rep_08,6.03,Contacted,Open,,,
LD-304871,29-Mar-2026 18:00,Organic Search,K-12  Math,East Region,Rep_09,3.14,Closed,Won,,$587.49,2026-04-20 17:09:24.399176
LD-304872,25-Apr-2025 15:29,Paid Search,K-12 Math,North Region,Rep_06,2.64,Contacted,Open,,,
LD-304873,02/28/2025 17:56,Partner Channel,K-12 Math,West Region,Rep_08,1.25,Demo Completed,Lost,Price Objection,$416.90,2025-03-30 00:56:00.712569
LD-304874,2025-06-13 07:51:00,Organic Search,Coding for Kids,West Region,Rep_03,6.67,Lead,Open,,,
LD-304875,2025-05-11 09:34:00,Referral,K-12 Math,West Region,Rep_03,9.52,Contacted,Open,,,
LD-304876,07/04/2025 19:33,Referral,Study Abroad Prep,East Region,Rep_04,1.64,Contacted,Open,,,
LD-304877,03-Dec-2025 08:59,Referral,K-12 Math,,Rep_10,2.06,Demo Scheduled,Open,,,
LD-304878,08/01/2025 18:17,Partner Channel,Coding for Kids,,Rep_01,0.28,Closed,Won,,667.92,2025-09-16 14:49:03.027377
LD-304879,04/14/2026 18:02,Referral,Coding for Kids,East Region,Rep_14,4.82,Negotiation,Lost,Went With Competitor,552.91,2026-06-02 17:04:47.597727
LD-304880,23-Jan-2026 10:02,Social Media,Language Learning,International,Rep_15,3.86,Contacted,Open,,,
LD-304881,08/21/2025 20:49,Organic Search,Competitive Exam Prep,South Region,Rep_12,2.09,Closed,Won,,810.1,2025-09-24 11:18:36.967823
LD-304882,08/12/2025 17:28,Partner Channel,Language Learning,North Region,Rep_01,10.62,Contacted,Open,,,
LD-304883,08/25/2025 07:20,Paid Search,Language Learning,South Region,Rep_07,2.61,Lead,Open,,,
LD-304884,2026-03-12 15:24:00,organic search,K-12 Math,International,Rep_10,2.95,Contacted,Open,,,
LD-304885,11-Jul-2025 20:00,PPC,Study Abroad Prep,North Region,Rep_01,5.15,Contacted,Open,,,
LD-304886,19-May-2025 14:29,Partner Channel,Coding for Kids,East Region,Rep_14,6.3,Closed,Won,,638.69,2025-07-02 03:20:09.303813
LD-304887,2025-07-01 14:27:00,Organic Search,K-12 Math,East Region,Rep_09,0.47,Closed,Won,,$586.82,2025-08-12 11:07:15.593004
LD-304888,2025-05-15 14:25:00,Referral,Competitive Exam Prep,South Region,Rep_07,1.9,Negotiation,Lost,Budget Not Approved,1130.22,2025-06-26 02:12:27.811311
LD-304889,07/30/2025 10:57,Cold Outreach,Language Learning,North Region,Rep_01,1.28,Lead,Open,,,
LD-304890,2025-07-10 18:19:00,Organic Search,Coding for Kids,International,Rep_15,2.18,Closed,Won,,$649.05,2025-08-16 20:06:04.343361
LD-304891,2026-05-29 18:31:00,Paid Search,Study Abroad Prep,West Region,Rep_13,0.57,Negotiation,Lost,Bad Timing,1615.53,2026-06-28 10:49:30.636834
LD-304892,2025-12-18 12:24:00,Social Media,Coding For Kids,South Region,Rep_07,0.81,Contacted,Open,,,
LD-304893,12-Jan-2025 14:26,Paid Search,K-12 Math,East Region,Rep_09,0.45,Lead,Open,,,
LD-304894,01-Apr-2026 07:22,Webinar,Study Abroad Prep,South Region,Rep_12,13.67,Negotiation,Lost,Budget Not Approved,1356.18,2026-05-21 15:35:40.865943
LD-304895,03-Jul-2025 11:54,Organic Search,Language Learning,South Region,Rep_07,2.22,Contacted,Open,,,
LD-304896,22-Dec-2025 10:20,Referral,Language Learning,South Region,Rep_07,7.05,Negotiation,Lost,No Response / Ghosted,$313.19,2026-02-14 19:33:43.629629
LD-304897,2026-06-26 19:21:00,Cold Outreach,K-12 Math,International,Rep_05,0.49,Contacted,Open,,,
LD-304898,24-Jul-2025 20:55,Referral,K-12 Math,South Region,Rep_07,2.5,Closed,Won,,$461.16,2025-09-10 21:07:30.023779
LD-304899,11-Jun-2025 07:48,Organic Search,Language Learning,South Region,Rep_12,0.86,Contacted,Open,,,
LD-304900,25-Dec-2025 16:39,Webinar,Language Learning,North Region,Rep_01,7.04,Closed,Won,,407.65,2026-02-02 17:08:42.813175
LD-304901,01/12/2025 09:49,Organic Search,Competitive Exam Prep,South Region,Rep_07,5.09,Proposal Sent,Lost,Price Objection,910.38,2025-02-25 12:14:58.117472
LD-304902,24-Apr-2025 11:53,Cold Outreach,Coding for Kids,South Region,Rep_07,6.03,Contacted,Open,,,
LD-304903,2025-06-06 07:23:00,Webinar,Coding for Kids,South Region,Rep_02,1.02,Closed,Won,,664.73,2025-07-12 16:18:09.900699
LD-304904,2025-11-06 16:49:00,Organic Search,K-12 Math,South Region,Rep_12,2.68,Closed,Won,,576.33,2025-12-25 01:40:38.284176
LD-304905,08/07/2025 15:12,Referral,Coding for Kids,South Region,Rep_07,0.54,Closed,Won,,546.02,2025-09-13 05:44:35.978323
LD-304906,27-Oct-2025 09:17,Organic Search,Language Learning,,Rep_11,5.56,Lead,Open,,,
LD-304907,2025-06-06 14:51:00,Cold Outreach,coding for kids,North Region,Rep_06,2.27,Contacted,Open,,,
LD-304908,20-Mar-2025 19:11,COLD OUTREACH,K-12 Math,East Region,Rep_14,6.16,Lead,Open,,,
LD-304909,09/12/2025 16:53,Paid Search,Competitive Exam Prep,International,Rep_10,3.0,Contacted,Open,,,
LD-304910,17-Mar-2026 20:44,Cold Outreach,Language Learning,South Region,Rep_07,6.89,Lead,Open,,,
LD-304911,2025-09-05 08:40:00,Organic search,Competitive Exam Prep,East Region,Rep_14,7.64,Contacted,Open,,,
LD-304912,06/12/2025 11:25,Organic Search,Language Learning,International,Rep_15,2.97,Contacted,Open,,,
LD-304913,2025-04-22 08:29:00,Partner Channel,K-12 Math,West Region,Rep_03,3.35,Contacted,Open,,,
LD-304914,03/11/2025 09:36,Referral,Coding for Kids,South Region,Rep_12,7.83,Negotiation,Lost,No Response / Ghosted,756.85,2025-04-16 05:01:26.905440
LD-304915,03/19/2026 15:29,Webinar,K-12 Math,South Region,Rep_07,0.55,Negotiation,Lost,Price Objection,475.99,2026-05-24 08:04:01.621571
LD-304916,2025-05-15 19:06:00,Organic Search,Competitive Exam Prep,North Region,Rep_06,1.09,Lead,Open,,,
LD-304917,2025-09-19 09:13:00,Social Media,K-12 Math,North Region,Rep_06,4.95,Lead,Open,,,
LD-304918,27-May-2025 10:46,Paid Search,Coding For Kids,East Region,Rep_14,2.69,Demo Completed,Lost,Price Objection,635.72,2025-06-18 01:07:42.700388
LD-304919,23-Jun-2026 16:17,Social Media,K-12 Math,South Region,Rep_02,1.4,Contacted,Open,,,
LD-304920,13-Mar-2026 08:36,Webinar,K-12 Math,North Region,Rep_01,2.26,Contacted,Open,,,
LD-304921,04/30/2025 20:40,Cold Outreach,Study Abroad Prep,West Region,Rep_13,1.52,Lead,Open,,,
LD-304922,01/10/2026 07:54,Referral,Competitive Exam Prep,East Region,Rep_14,1.09,Closed,Won,,829.58,2026-02-16 07:13:03.429976
LD-304923,2026-01-14 08:50:00,Partner Channel,Competitive Exam Prep,North Region,Rep_01,0.5,Closed,Won,,$983.21,2026-02-22 03:59:13.441026
LD-304924,06/03/2026 15:34,Paid Search,Competitive Exam Prep,,Rep_09,1.52,Contacted,Open,,,
LD-304925,07-May-2026 07:22,Referral,K-12 Math,West Region,Rep_08,1.73,Closed,Won,,469.68,2026-06-07 12:42:30.756833
LD-304926,04/23/2025 17:54,Paid Search,Competitive Exam Prep,South Region,Rep_02,1.72,Contacted,Open,,,
LD-304927,05/17/2026 19:14,Referral,Coding For Kids,West Region,Rep_13,1.12,Negotiation,Lost,Budget Not Approved,538.97,2026-07-08 22:44:50.033761
LD-304928,2025-01-27 12:42:00,Paid Search,Competitive Exam Prep,South Region,Rep_02,17.17,Contacted,Open,,,
LD-304929,04-May-2026 16:04,Social Media,Study Abroad Prep,South Region,Rep_02,2.1,Contacted,Open,,,
LD-304930,2026-04-02 15:01:00,Cold Outreach,Coding for Kids,,Rep_08,1.9,Contacted,Open,,,
LD-304931,12/11/2025 10:23,Social Media,Coding for Kids,North Region,Rep_01,2.79,Contacted,Open,,,
LD-304932,2025-01-23 15:59:00,Paid Search,Competitive Exam Prep,North Region,Rep_11,2.82,Contacted,Open,,,
LD-304933,05/02/2025 10:10,Partner Channel,Language Learning,North Region,Rep_11,3.64,Negotiation,Lost,No Response / Ghosted,318.04,2025-06-26 17:31:01.726583
LD-304934,07-Mar-2025 12:11,Organic search,K-12 Math,West Region,Rep_13,2.81,Contacted,Open,,,
LD-304935,04/28/2025 16:35,Social Media,Language Learning,North Region,Rep_11,5.37,Contacted,Open,,,
LD-304936,09-Jan-2025 08:01,paid search,Coding for Kids,North Region,Rep_11,0.73,Lead,Open,,,
LD-304937,2025-12-04 08:34:00,Paid Search,Coding for Kids,International,Rep_10,16.61,Contacted,Open,,,
LD-304938,04/03/2026 08:33,Organic Search,Language Learning,South Region,Rep_12,0.4,Contacted,Open,,,
LD-304939,03/06/2026 20:04,Social,Competitive Exam Prep,North Region,Rep_01,4.43,Lead,Open,,,
LD-304940,10/17/2025 14:52,PPC,Competitive Exam Prep,,Rep_09,3.32,Lead,Open,,,
LD-304941,01/09/2026 19:21,SEO,Language Learning,West Region,Rep_03,2.9,Contacted,Open,,,
LD-304942,02/25/2026 15:27,Paid Search,Study Abroad Prep,West Region,Rep_08,8.27,Contacted,Open,,,
LD-304943,2025-11-23 20:40:00,Organic Search,Competitive Exam Prep,West Region,Rep_08,8.9,Contacted,Open,,,
LD-304944,2025-10-08 10:07:00,Cold Outreach,CODING FOR KIDS,International,Rep_05,8.51,Lead,Open,,,
LD-304945,2025-08-01 17:42:00,Paid Search,Coding For Kids,South Region,Rep_02,2.94,Demo Completed,Lost,No Response / Ghosted,$542.66,2025-08-22 05:23:22.144587
LD-304946,2026-01-02 17:09:00,Referral,Competitive Exam Prep,International,Rep_15,5.19,Contacted,Open,,,
LD-304947,01/17/2025 13:18,Organic Search,Coding for Kids,South Region,Rep_02,2.62,Contacted,Open,,,
LD-304948,12/06/2025 07:53,Partner Channel,Language Learning,International,Rep_05,6.09,Closed,Won,,385.76,2026-01-05 20:32:03.921551
LD-304949,08/29/2025 11:28,Organic Search,Competitive Exam Prep,East Region,Rep_09,2.3,Lead,Open,,,
LD-304950,06-Jan-2025 17:44,Referral,Competitive Exam Prep,International,Rep_05,1.18,Contacted,Open,,,
LD-304951,06/15/2026 16:16,Referral,Competitive Exam Prep,West Region,Rep_13,0.46,Contacted,Open,,,
LD-304952,05/28/2025 13:08,Referral,K-12 Math,South Region,Rep_12,1.32,Closed,Won,,419.27,2025-07-08 01:35:06.683045
LD-304953,2025-12-10 18:07:00,Webinar,Coding for Kids,East Region,Rep_04,6.38,Closed,Won,,532.4,2026-01-11 22:32:58.511758
LD-304954,05/11/2026 20:28,COLD OUTREACH,Language Learning,East Region,Rep_09,1.6,Contacted,Open,,,
LD-304955,2025-12-12 14:29:00,Organic Search,K-12 Math,,Rep_10,2.61,Contacted,Open,,,
LD-304956,2025-12-30 17:19:00,Paid Search,Competitive Exam Prep,East Region,Rep_14,4.23,Contacted,Open,,,
LD-304957,02/28/2026 07:19,Webinar,Study Abroad Prep,West Region,Rep_08,2.58,Closed,Won,,1705.98,2026-04-11 08:35:35.156220
LD-304958,13-Mar-2026 17:54,Referral,K-12 Math,North Region,Rep_06,1.19,Proposal Sent,Lost,Went With Competitor,596.48,2026-04-05 04:16:15.704851
LD-304959,2025-08-29 18:27:00,Organic Search,K-12  Math,North Region,Rep_01,9.47,Contacted,Open,,,
LD-304960,2025-08-22 16:38:00,Partner Channel,K-12 Math,North Region,Rep_11,6.3,Demo Scheduled,Open,,,
LD-304961,25-Nov-2025 11:27,Paid Search,Coding for Kids,South Region,Rep_07,1.75,Lead,Open,,,
LD-304962,05/23/2025 20:27,Cold Outreach,CODING FOR KIDS,South Region,Rep_07,8.66,Contacted,Open,,,
LD-304963,17-Apr-2026 15:36,Organic Search,Competitive Exam Prep,North Region,Rep_06,5.91,Contacted,Open,,,
LD-304964,26-Sep-2025 20:16,organic search,Competitive Exam Prep,West Region,Rep_03,1.32,Contacted,Open,,,
LD-304965,2026-06-29 10:54:00,Social Media,Study Abroad Prep,South Region,Rep_02,2.99,Demo Scheduled,Open,,,
LD-304966,10/24/2025 18:37,Partner Channel,K-12 Math,West Region,Rep_03,2.13,Contacted,Open,,,
LD-304967,2025-11-26 10:10:00,Webinar,Study Abroad Prep,West Region,Rep_08,0.84,Closed,Won,,1246.3,2026-01-19 07:29:24.248591
LD-304968,31-Jul-2025 15:35,Referral,Competitive Exam Prep,International,Rep_05,5.64,Negotiation,Lost,Went With Competitor,871.3,2025-09-05 02:55:31.068276
LD-304969,2026-04-01 12:33:00,organic search,Coding for Kids,South Region,Rep_07,4.5,Demo Scheduled,Open,,,
LD-304970,10/24/2025 09:38,Organic Search,Language Learning,East Region,Rep_14,2.25,Demo Scheduled,Open,,,
LD-304971,05/02/2025 09:42,Cold Outreach,Coding For Kids,North Region,Rep_06,2.37,Contacted,Open,,,
LD-304972,2026-02-09 09:30:00,Organic Search,K-12 Math,South Region,Rep_07,2.17,Contacted,Open,,,
LD-304973,2025-10-17 18:01:00,Social Media,Competitive Exam Prep,North Region,Rep_06,2.54,Demo Completed,Lost,Went With Competitor,1150.97,2025-11-16 10:55:08.128641
LD-304974,29-May-2025 14:59,Organic Search,Coding for Kids,South Region,Rep_07,4.88,Contacted,Open,,,
LD-304975,28-Mar-2025 16:07,Organic Search,Coding for Kids,,Rep_11,1.23,Demo Completed,Lost,Went With Competitor,$539.98,2025-05-11 06:08:08.687272
LD-304976,04-Mar-2025 12:20,Paid Search,Competitive Exam Prep,,Rep_01,1.64,Contacted,Open,,,
LD-304977,03/24/2025 14:09,SEO,K-12 Math,South Region,Rep_02,2.45,Negotiation,Lost,Budget Not Approved,440.45,2025-05-12 03:44:04.535483
LD-304978,04/08/2026 17:20,Webinar,Coding for Kids,International,Rep_05,21.34,Demo Completed,Lost,Bad Timing,621.05,2026-04-29 05:47:04.257810
LD-304979,23-Jan-2026 16:22,Social Media,K-12 Math,International,Rep_05,1.26,Contacted,Open,,,
LD-304980,29-Mar-2025 07:14,Social Media,Competitive Exam Prep,International,Rep_05,2.48,Lead,Open,,,
LD-304981,2026-01-09 12:53:00,Organic Search,K-12 Math,North Region,Rep_11,9.75,Closed,Won,,555.31,2026-02-23 16:40:48.016500
LD-304982,2025-07-11 15:04:00,Social Media,Coding for Kids,West Region,Rep_13,1.85,Demo Completed,Lost,Price Objection,747.49,2025-08-06 03:43:31.591958
LD-304983,20-Jun-2026 12:41,Cold Outreach,Coding for Kids,North Region,Rep_11,4.86,Demo Completed,Lost,Went With Competitor,$691.72,2026-07-13 18:06:25.852512
LD-304984,06/06/2025 14:35,Cold Outreach,K-12 Math,South Region,Rep_07,1.89,Lead,Open,,,
LD-304985,05-Feb-2025 12:24,Cold Outreach,K-12 Math,International,Rep_10,0.54,Demo Scheduled,Open,,,
LD-304986,09/04/2025 19:49,Referral,Competitive Exam Prep,North Region,Rep_06,2.43,Negotiation,Lost,Price Objection,842.86,2025-10-31 01:56:07.816412
LD-304987,12/05/2025 16:50,Paid Search,Competitive Exam Prep,South Region,Rep_12,3.06,Negotiation,Lost,Went With Competitor,1070.16,2026-01-10 10:31:47.604105
LD-304988,12-Jan-2026 19:25,Paid  Search,Study Abroad Prep,North Region,Rep_06,4.69,Contacted,Open,,,
LD-304989,12-Mar-2026 11:53,Organic Search,Competitive Exam Prep,South Region,Rep_12,2.98,Closed,Won,,"$1,086.84",2026-04-19 20:48:20.205567
LD-304990,29-Aug-2025 17:00,SOCIAL MEDIA,CODING FOR KIDS,International,Rep_05,7.43,Proposal Sent,Lost,Went With Competitor,726.77,2025-10-13 11:49:51.888434
LD-304991,06/25/2025 10:30,Social Media,Competitive Exam Prep,West Region,Rep_13,2.43,Contacted,Open,,,
LD-304992,12-Mar-2025 09:50,Paid Search,Competitive Exam Prep,South Region,Rep_02,10.3,Demo Scheduled,Open,,,
LD-304993,2026-06-02 08:43:00,Organic Search,Coding for Kids,West Region,Rep_13,2.52,Contacted,Open,,,
LD-304994,19-Jan-2026 07:20,Referral,Study Abroad Prep,East Region,Rep_04,8.41,Negotiation,Lost,Price Objection,1372.4,2026-02-27 09:21:14.195344
LD-304995,28-Nov-2025 20:24,Webinar,K-12 Math,East Region,Rep_14,26.2,Contacted,Open,,,
LD-304996,24-May-2025 16:58,Referral,Competitive Exam Prep,North Region,Rep_06,6.64,Proposal Sent,Lost,Budget Not Approved,874.72,2025-07-06 23:30:38.823548
LD-304997,07/02/2025 16:56,Cold Outreach,Study Abroad Prep,South Region,Rep_02,4.36,Contacted,Open,,,
LD-304998,04-Feb-2025 13:47,Social Media,Language Learning,East Region,Rep_04,3.34,Lead,Open,,,
LD-304999,08-May-2026 12:54,Cold Outreach,K-12 Math,North Region,Rep_01,1.14,Contacted,Open,,,
LD-305000,2025-01-06 07:18:00,Referral,K-12 Math,South Region,Rep_02,10.98,Contacted,Open,,,
LD-305001,09/05/2025 11:23,Organic Search,Competitive Exam Prep,West Region,Rep_08,3.63,Negotiation,Lost,Price Objection,"$1,144.81",2025-10-16 05:17:15.805205
LD-305002,2025-12-09 13:03:00,Social Media,Language Learning,South Region,Rep_02,0.66,Demo Scheduled,Open,,,
LD-305003,12/26/2025 16:43,Social Media,Language Learning,North Region,Rep_11,3.21,Contacted,Open,,,
LD-305004,06-Jan-2026 16:05,Social Media,Competitive Exam Prep,South Region,Rep_07,2.16,Proposal Sent,Lost,Bad Timing,852.22,2026-02-27 03:21:24.940989
LD-305005,2025-11-03 11:22:00,Paid Search,Coding for Kids,South Region,Rep_02,0.31,Closed,Won,,705.14,2025-12-09 03:39:57.450076
LD-305006,2025-05-16 14:50:00,Cold Outreach,Coding for Kids,International,Rep_15,1.36,Lead,Open,,,
LD-305007,02-Oct-2025 18:56,Organic Search,Coding for Kids,South Region,Rep_12,13.96,Demo Completed,Lost,Price Objection,747.9,2025-11-02 14:55:28.658371
LD-305008,08/29/2025 10:12,Cold Outreach,coding for kids,North Region,Rep_11,1.2,Proposal Sent,Lost,Price Objection,$711.37,2025-10-06 00:07:11.848153
LD-305009,08/15/2025 15:38,Organic Search,K-12 Math,South Region,Rep_12,0.76,Negotiation,Lost,No Response / Ghosted,445.27,2025-09-11 21:41:43.403454
LD-305010,03/06/2026 08:53,Paid Search,Competitive Exam Prep,South Region,Rep_07,1.69,Contacted,Open,,,
LD-305011,05/30/2025 15:11,Organic Search,Language Learning,North Region,Rep_01,1.2,Contacted,Open,,,
LD-305012,2025-03-07 16:25:00,Paid Search,K-12 Math,North Region,Rep_01,3.37,Demo Scheduled,Open,,,
LD-305013,2025-11-07 13:18:00,Paid Search,K-12 Math,North Region,Rep_01,15.93,Demo Completed,Lost,Price Objection,462.33,2025-12-15 18:24:46.297591
LD-305014,2025-08-19 10:01:00,Paid Search,Language Learning,North Region,Rep_06,0.82,Demo Completed,Lost,Budget Not Approved,345.03,2025-09-06 13:20:39.405711
LD-305015,06/20/2025 19:33,Social Media,Language Learning,International,Rep_05,1.92,Lead,Open,,,
LD-305016,10-Jul-2025 08:24,Organic Search,Competitive Exam Prep,East Region,Rep_14,2.65,Contacted,Open,,,
LD-305017,2025-02-12 10:52:00,Paid Search,k-12 math,West Region,Rep_08,14.37,Proposal Sent,Lost,Went With Competitor,$430.64,2025-03-24 08:15:44.244028
LD-305018,11/09/2025 09:44,Organic Search,Study Abroad Prep,South Region,Rep_07,2.08,Proposal Sent,Lost,Price Objection,"$1,524.73",2025-12-21 01:30:34.495994
LD-305019,2025-06-09 11:14:00,Webinar,Language Learning,International,Rep_15,2.01,Negotiation,Lost,Price Objection,365.04,2025-07-21 12:04:51.417045
LD-305020,08/22/2025 13:15,Cold-Outreach,Coding for Kids,South Region,Rep_12,8.02,Lead,Open,,,
LD-305021,2025-09-04 07:55:00,Referral,Language Learning,West Region,Rep_13,1.36,Closed,Won,,293.73,2025-10-09 03:38:05.471597
LD-305022,21-Apr-2026 14:23,Partner Channel,Language Learning,North Region,Rep_06,2.46,Demo Scheduled,Open,,,
LD-305023,08/28/2025 11:28,Social Media,K-12 Math,North Region,Rep_01,8.96,Lead,Open,,,
LD-305024,2026-01-09 16:43:00,Social Media,K-12 Math,North Region,Rep_01,1.37,Contacted,Open,,,
LD-305025,07/15/2025 20:19,COLD OUTREACH,K-12 Math,West Region,Rep_03,3.53,Contacted,Open,,,
LD-305026,02/28/2025 17:36,Organic Search,Competitive Exam Prep,East Region,Rep_14,0.97,Lead,Open,,,
LD-305027,01/30/2026 10:38,Webinar,Competitive Exam Prep,South Region,Rep_07,5.86,Contacted,Open,,,
LD-305028,2025-01-31 11:57:00,Referral,Coding for Kids,South Region,Rep_02,3.64,Contacted,Open,,,
LD-305029,23-Jan-2026 07:03,paid search,Competitive Exam Prep,International,Rep_15,3.23,Lead,Open,,,
LD-305030,03/12/2026 20:55,Paid Search,Coding for Kids,North Region,Rep_06,6.32,Contacted,Open,,,
LD-305031,03-Dec-2025 12:48,Organic Search,K-12 Math,International,Rep_15,30.84,Contacted,Open,,,
LD-305032,17-Feb-2026 18:51,Paid Search,K-12 Math,North Region,Rep_01,0.73,Contacted,Open,,,
LD-305033,2025-03-04 18:37:00,Social Media,Language Learning,International,Rep_05,0.32,Demo Scheduled,Open,,,
LD-305034,22-Feb-2025 08:07,Organic search,Competitive Exam Prep,North Region,Rep_06,3.92,Lead,Open,,,
LD-305035,02/21/2025 09:39,SEO,Coding for Kids,East Region,Rep_04,1.66,Contacted,Open,,,
LD-305036,05-May-2025 20:35,social media,K-12 Math,West Region,Rep_03,2.0,Lead,Open,,,
LD-305037,17-Mar-2025 15:12,Paid Search,Study Abroad Prep,North Region,Rep_06,3.62,Lead,Open,,,
LD-305038,11/23/2025 18:38,Referral,Language Learning,West Region,Rep_08,1.13,Closed,Won,,421.1,2025-12-30 15:58:04.255687
LD-305039,2025-03-29 13:11:00,Partner Channel,Study Abroad Prep,South Region,Rep_12,1.57,Proposal Sent,Lost,Bad Timing,1309.99,2025-05-15 10:17:09.380005
LD-305040,06/13/2025 18:22,Paid Search,K-12 Math,South Region,Rep_02,4.55,Proposal Sent,Lost,Went With Competitor,495.28,2025-07-09 22:50:19.462377
LD-305041,2025-01-27 12:00:00,Webinar,K12 Math,East Region,Rep_09,44.66,Closed,Won,,470.02,2025-03-07 11:01:39.401622
LD-305042,2026-01-01 12:04:00,Organic Search,K-12 Math,East Region,Rep_14,1.17,Contacted,Open,,,
LD-305043,12/26/2025 12:54,Social Media,Competitive Exam Prep,South Region,Rep_02,1.26,Closed,Won,,$852.88,2026-01-24 04:12:05.215329
LD-305044,2025-07-23 11:41:00,Cold Outreach,Study Abroad Prep,North Region,Rep_11,2.31,Contacted,Open,,,
LD-305045,16-Feb-2026 08:40,Webinar,Language Learning,East Region,Rep_04,1.63,Contacted,Open,,,
LD-305046,05/18/2026 12:11,Organic Search,Competitive Exam Prep,North Region,Rep_01,1.47,Contacted,Open,,,
LD-305047,06/04/2025 18:20,Social Media,Competitive Exam Prep,East Region,Rep_14,14.41,Lead,Open,,,
LD-305048,2026-05-28 15:26:00,Paid Search,Competitive Exam Prep,West Region,Rep_13,6.52,Contacted,Open,,,
LD-305049,07/04/2025 15:10,Referral,Competitive Exam Prep,West Region,Rep_08,2.67,Negotiation,Lost,Went With Competitor,1145.12,2025-08-27 16:54:47.973442
LD-305050,2026-02-16 14:21:00,Webinar,Language Learning,South Region,Rep_02,1.53,Contacted,Open,,,
LD-305051,03/10/2026 07:28,Paid Search,K-12 Math,South Region,Rep_07,3.99,Demo Scheduled,Open,,,
LD-305052,2025-03-24 12:49:00,Social Media,K-12 Math,North Region,Rep_11,8.77,Contacted,Open,,,
LD-305053,2025-07-28 07:24:00,Partner Channel,Language Learning,West Region,Rep_08,1.04,Negotiation,Lost,No Response / Ghosted,345.07,2025-09-13 15:43:50.788176
LD-305054,08/06/2025 15:26,paid search,Coding for Kids,South Region,Rep_02,6.08,Contacted,Open,,,
LD-305055,11-Mar-2025 09:56,Organic Search,K-12 Math,West Region,Rep_03,2.05,Lead,Open,,,
LD-305056,05-Jun-2026 20:33,Organic Search,K-12 Math,East Region,Rep_04,2.32,Contacted,Open,,,
LD-305057,24-Dec-2025 13:21,Cold Outreach,Competitive Exam Prep,West Region,Rep_13,4.22,Contacted,Open,,,
LD-305058,05-Feb-2025 11:33,Social Media,Language Learning,West Region,Rep_08,3.47,Contacted,Open,,,
LD-305059,11-Mar-2026 17:38,Social Media,K-12  Math,South Region,Rep_07,7.75,Contacted,Open,,,
LD-305060,12/30/2025 10:35,Partner Channel,Coding for Kids,West Region,Rep_08,4.6,Contacted,Open,,,
LD-305061,07-Nov-2025 20:25,Social Media,Language Learning,South Region,Rep_02,0.74,Contacted,Open,,,
LD-305062,11/28/2025 07:52,Cold Outreach,Competitive Exam Prep,South Region,Rep_07,3.16,Contacted,Open,,,
LD-305063,01/29/2025 16:40,Social Media,Competitive Exam Prep,East Region,Rep_14,4.76,Lead,Open,,,
LD-305064,2025-07-03 13:03:00,SOCIAL MEDIA,Competitive Exam Prep,East Region,Rep_14,3.25,Demo Completed,Lost,No Response / Ghosted,985.02,2025-07-28 09:18:48.628591
LD-305065,23-May-2025 08:41,Partner Channel,K-12 Math,International,Rep_15,2.26,Contacted,Open,,,
LD-305066,26-Jul-2025 17:14,Cold-Outreach,Study Abroad Prep,West Region,Rep_13,1.32,Contacted,Open,,,
LD-305067,22-Jan-2025 15:44,Social Media,Competitive Exam Prep,South Region,Rep_02,2.22,Lead,Open,,,
LD-305068,2025-08-14 16:24:00,Organic Search,K-12 Math,West Region,Rep_13,1.57,Demo Completed,Lost,Price Objection,424.69,2025-08-25 23:11:38.089886
LD-305069,03/27/2026 08:57,Paid Search,Competitive Exam Prep,South Region,Rep_12,1.84,Contacted,Open,,,
LD-305070,15-Sep-2025 07:53,Paid Search,Competitive Exam Prep,South Region,Rep_07,8.32,Contacted,Open,,,
LD-305071,2026-04-06 12:15:00,Social,Competitive Exam Prep,East Region,Rep_09,9.93,Contacted,Open,,,
LD-305072,02/10/2026 18:39,SEO,K-12 Math,North Region,Rep_11,3.64,Negotiation,Lost,Price Objection,505.91,2026-03-25 16:38:55.087855
LD-305073,03/21/2025 11:54,Paid Search,Study Abroad Prep,South Region,Rep_07,2.08,Proposal Sent,Lost,Bad Timing,1268.88,2025-05-03 22:48:57.581290
LD-305074,01/31/2025 08:50,Social Media,Language Learning,South Region,Rep_12,1.29,Negotiation,Lost,No Response / Ghosted,336.79,2025-03-08 04:41:46.404336
LD-305075,25-Apr-2025 14:01,Organic Search,K-12  Math,East Region,Rep_04,1.42,Contacted,Open,,,
LD-305076,2026-03-06 17:08:00,Cold Outreach,K-12 Math,International,Rep_05,4.9,Lead,Open,,,
LD-305077,2025-10-28 19:29:00,Paid Search,Language Learning,North Region,Rep_06,1.84,Contacted,Open,,,
LD-305078,11/07/2025 14:45,Paid Search,K-12 Math,East Region,Rep_09,2.98,Contacted,Open,,,
LD-305079,2025-06-02 16:16:00,Referral,Competitive Exam Prep,North Region,Rep_01,2.39,Negotiation,Lost,Went With Competitor,1168.65,2025-07-21 01:45:39.648969
LD-305080,2025-04-28 16:06:00,Organic Search,Coding for Kids,South Region,Rep_02,5.74,Contacted,Open,,,
LD-305081,01-May-2026 17:49,Partner Channel,Coding for Kids,West Region,Rep_03,3.26,Contacted,Open,,,
LD-305082,08/01/2025 10:19,Webinar,Language Learning,East Region,Rep_04,2.08,Demo Completed,Lost,Bad Timing,$290.85,2025-09-03 12:05:43.032238
LD-305083,09/29/2025 08:09,Organic Search,Language Learning,South Region,Rep_02,3.9,Contacted,Open,,,
LD-305084,02/11/2026 19:11,Social Media,Competitive Exam Prep,International,Rep_10,7.06,Demo Scheduled,Open,,,
LD-305085,10-Feb-2026 18:21,Referral,K-12 Math,North Region,Rep_11,3.19,Closed,Won,,$466.09,2026-03-15 05:50:35.240529
LD-305086,23-Jan-2025 10:43,Referral,K-12  Math,North Region,Rep_11,19.53,Closed,Won,,$587.62,2025-03-04 14:08:35.600636
LD-305087,2025-05-29 15:21:00,Cold Outreach,Study Abroad Prep,South Region,Rep_02,3.25,Lead,Open,,,
LD-305088,2026-02-20 19:14:00,Social Media,Competitive Exam Prep,South Region,Rep_12,3.55,Demo Completed,Lost,No Response / Ghosted,1167.6,2026-04-08 01:21:00.736659
LD-305089,13-Nov-2025 16:57,cold outreach,Language Learning,West Region,Rep_13,3.9,Lead,Open,,,
LD-305090,14-Nov-2025 18:29,Paid Search,Competitive Exam Prep,East Region,Rep_04,1.21,Lead,Open,,,
LD-305091,11/13/2025 13:55,Organic Search,Language Learning,International,Rep_15,1.7,Contacted,Open,,,
LD-305092,01-Jun-2025 19:32,Social Media,Competitive Exam Prep,West Region,Rep_13,3.39,Contacted,Open,,,
LD-305093,15-Sep-2025 09:32,Organic Search,Competitive Exam Prep,South Region,Rep_12,1.43,Closed,Won,,1020.45,2025-10-24 11:42:13.382678
LD-305094,05/09/2025 07:54,Referral,Study Abroad Prep,International,Rep_10,18.52,Contacted,Open,,,
LD-305095,04/24/2026 14:22,Social Media,Competitive Exam Prep,South Region,Rep_12,15.5,Demo Completed,Lost,No Response / Ghosted,$896.51,2026-05-31 19:58:46.327265
LD-305096,01/06/2026 16:46,Organic Search,K-12 Math,,Rep_11,6.73,Contacted,Open,,,
LD-305097,22-May-2026 09:16,Organic Search,Competitive Exam Prep,West Region,Rep_13,2.41,Negotiation,Lost,No Response / Ghosted,"$1,166.57",2026-07-27 06:58:39.499579
LD-305098,09/09/2025 09:34,Organic Search,Coding for Kids,,Rep_03,19.68,Lead,Open,,,
LD-305099,01-Oct-2025 14:49,Cold Outreach,Competitive Exam Prep,South Region,Rep_12,3.49,Lead,Open,,,
LD-305100,2026-01-28 11:00:00,Social Media,Coding for Kids,East Region,Rep_14,13.95,Contacted,Open,,,
LD-305101,06/29/2025 18:31,Paid Search,Study Abroad Prep,International,Rep_15,9.01,Contacted,Open,,,
LD-305102,08/04/2025 20:53,Partner Channel,Coding for Kids,South Region,Rep_07,18.78,Negotiation,Lost,Price Objection,$656.98,2025-09-21 01:29:12.460477
LD-305103,28-Feb-2025 14:18,PPC,K-12 Math,East Region,Rep_09,2.38,Contacted,Open,,,
LD-305104,06/09/2025 15:56,Paid Search,coding for kids,North Region,Rep_06,2.24,Demo Scheduled,Open,,,
LD-305105,02/20/2026 14:44,Webinar,Study Abroad Prep,South Region,Rep_02,1.15,Negotiation,Lost,Price Objection,1281.14,2026-04-15 07:03:23.859863
LD-305106,28-Nov-2025 11:00,Cold Outreach,Language Learning,South Region,Rep_07,37.52,Contacted,Open,,,
LD-305107,2025-02-25 17:14:00,Organic Search,K-12 Math,North Region,Rep_11,3.53,Contacted,Open,,,
LD-305108,2025-02-19 19:45:00,Social,Study Abroad Prep,South Region,Rep_02,2.46,Proposal Sent,Lost,Price Objection,"$1,254.26",2025-04-04 14:40:51.990763
LD-305109,16-Jan-2025 07:13,PPC,K-12 Math,South Region,Rep_02,2.78,Contacted,Open,,,
LD-305110,2025-09-19 19:30:00,Social Media,Language Learning,South Region,Rep_07,2.2,Demo Completed,Lost,Went With Competitor,340.71,2025-11-05 19:56:47.116649
LD-305111,2025-08-18 09:12:00,Organic Search,K-12 Math,South Region,Rep_02,9.11,Contacted,Open,,,
LD-305112,02/18/2025 16:24,organic search,Competitive Exam Prep,North Region,Rep_06,0.83,Contacted,Open,,,
LD-305113,25-Sep-2025 08:34,Referral,Competitive Exam Prep,West Region,Rep_08,1.55,Closed,Won,,"$1,070.87",2025-11-02 00:16:45.471418
LD-305114,02/01/2025 12:04,Organic Search,Coding for Kids,South Region,Rep_12,1.52,Contacted,Open,,,
LD-305115,2025-04-21 07:04:00,Paid Search,Study Abroad Prep,West Region,Rep_13,5.43,Contacted,Open,,,
LD-305116,2025-09-15 14:42:00,Referral,Coding for Kids,North Region,Rep_06,5.81,Contacted,Open,,,
LD-305117,13-Jan-2025 07:39,Referral,Study Abroad Prep,West Region,Rep_13,4.28,Contacted,Open,,,
LD-305118,27-May-2026 20:26,Paid Search,Study Abroad Prep,South Region,Rep_02,17.6,Proposal Sent,Lost,Price Objection,"$1,196.57",2026-07-05 06:35:51.129053
LD-305119,18-Mar-2025 20:14,Referral,K12 Math,North Region,Rep_06,3.19,Contacted,Open,,,
LD-305120,25-Mar-2026 14:36,Referral,Study Abroad Prep,North Region,Rep_01,3.82,Contacted,Open,,,
LD-305121,09/09/2025 14:00,Webinar,Coding for Kids,South Region,Rep_12,3.51,Closed,Won,,$589.03,2025-10-18 08:47:28.313761
LD-305122,04/30/2025 18:04,Webinar,Study Abroad Prep,South Region,Rep_07,1.56,Lead,Open,,,
LD-305123,2025-12-30 15:43:00,Paid Search,K-12 Math,West Region,Rep_13,3.13,Contacted,Open,,,
LD-305124,04-Aug-2025 20:48,Partner Channel,K-12 Math,North Region,Rep_11,2.4,Contacted,Open,,,
LD-305125,2026-03-17 20:36:00,Paid Search,Competitive Exam Prep,South Region,Rep_02,9.06,Lead,Open,,,
LD-305126,13-Mar-2026 10:20,Organic Search,Coding for Kids,West Region,Rep_03,3.43,Contacted,Open,,,
LD-305127,05/08/2025 11:16,Referral,K-12 Math,,Rep_02,6.09,Closed,Won,,557.05,2025-06-15 19:49:11.340564
LD-305128,03/28/2025 09:51,Organic Search,Language Learning,North Region,Rep_06,7.0,Lead,Open,,,
LD-305129,21-Jun-2025 15:20,Social Media,Coding for Kids,North Region,Rep_01,4.94,Lead,Open,,,
LD-305130,08-Aug-2025 15:21,Webinar,k-12 math,South Region,Rep_07,4.65,Contacted,Open,,,
LD-305131,10/25/2025 11:51,paid search,K12 Math,East Region,Rep_14,6.29,Lead,Open,,,
LD-305132,2025-05-23 17:37:00,Cold Outreach,Competitive Exam Prep,West Region,Rep_08,1.7,Demo Completed,Lost,No Response / Ghosted,931.28,2025-06-10 20:33:53.855608
LD-305133,10/09/2025 07:39,Paid Search,Language Learning,North Region,Rep_01,1.53,Contacted,Open,,,
LD-305134,03/03/2026 19:03,Paid Search,k-12 math,East Region,Rep_09,3.46,Lead,Open,,,
LD-305135,28-Feb-2025 10:02,Social Media,Language Learning,West Region,Rep_08,1.22,Proposal Sent,Lost,No Response / Ghosted,$337.73,2025-04-01 22:57:27.391766
LD-305136,19-Apr-2025 16:35,Social Media,K-12 Math,West Region,Rep_13,0.53,Contacted,Open,,,
LD-305137,21-Feb-2025 12:35,Paid Search,Language Learning,North Region,Rep_06,6.42,Lead,Open,,,
LD-305138,04/21/2026 11:17,Referral,Study Abroad Prep,West Region,Rep_03,1.03,Contacted,Open,,,
LD-305139,2025-08-19 11:59:00,Organic Search,Study Abroad Prep,North Region,Rep_11,2.4,Negotiation,Lost,Price Objection,1336.25,2025-10-13 20:11:32.669803
LD-305140,09/11/2025 17:37,Paid Search,Competitive Exam Prep,West Region,Rep_03,1.73,Contacted,Open,,,
LD-305141,2025-07-25 15:23:00,Paid Search,Language Learning,South Region,Rep_07,1.81,Lead,Open,,,
LD-305142,08/26/2025 07:52,Webinar,K-12 Math,North Region,Rep_11,2.13,Contacted,Open,,,
LD-305143,2025-09-03 09:21:00,Partner Channel,Coding for Kids,East Region,Rep_04,3.33,Closed,Won,,680.82,2025-10-10 15:05:25.041664
LD-305144,12/19/2025 14:35,Referral,Competitive Exam Prep,South Region,Rep_12,2.94,Closed,Won,,1005.79,2026-01-17 13:14:55.628607
LD-305145,2025-11-25 12:16:00,Organic Search,K-12 Math,East Region,Rep_04,1.89,Lead,Open,,,
LD-305146,18-Apr-2025 17:09,Referral,Competitive Exam Prep,East Region,Rep_14,7.55,Contacted,Open,,,
LD-305147,04/25/2025 10:37,Webinar,Competitive Exam Prep,North Region,Rep_11,4.04,Closed,Won,,1017.85,2025-05-29 01:00:24.960076
LD-305148,04/14/2026 14:03,Cold Outreach,Coding for Kids,North Region,Rep_01,1.2,Lead,Open,,,
LD-305149,2026-04-02 08:11:00,Webinar,K-12 Math,East Region,Rep_09,16.82,Contacted,Open,,,
LD-305150,26-Jun-2025 10:45,Paid Search,CODING FOR KIDS,West Region,Rep_13,4.15,Contacted,Open,,,
LD-305151,2026-04-18 11:55:00,Paid Search,Competitive Exam Prep,,Rep_06,13.62,Contacted,Open,,,
LD-305152,29-Jun-2025 10:12,Webinar,K-12 Math,North Region,Rep_11,2.57,Closed,Won,,$517.37,2025-08-07 10:32:43.934503
LD-305153,04-Apr-2025 19:56,Referral,Study Abroad Prep,North Region,Rep_11,1.59,Negotiation,Lost,Went With Competitor,1351.11,2025-05-18 08:52:08.491775
LD-305154,02/20/2026 10:01,Paid Search,Language Learning,South Region,Rep_02,4.88,Contacted,Open,,,
LD-305155,15-Jan-2025 10:31,Organic Search,Coding for Kids,East Region,Rep_14,3.95,Demo Scheduled,Open,,,
LD-305156,09/08/2025 08:23,Partner Channel,Language Learning,North Region,Rep_01,2.99,Contacted,Open,,,
LD-305157,08/22/2025 09:35,organic search,Language Learning,West Region,Rep_03,2.13,Lead,Open,,,
LD-305158,24-Jan-2025 13:00,Social,Coding for Kids,South Region,Rep_02,10.03,Demo Completed,Lost,Price Objection,$566.03,2025-02-15 10:53:10.441365
LD-305159,06/27/2026 07:49,Organic Search,Language Learning,North Region,Rep_01,2.84,Contacted,Open,,,
LD-305160,05/18/2025 07:44,Paid  Search,Study Abroad Prep,South Region,Rep_12,1.88,Proposal Sent,Lost,Price Objection,1480.26,2025-06-30 04:39:08.802691
LD-305161,01/30/2026 13:02,Social Media,Language Learning,West Region,Rep_03,7.15,Closed,Won,,418.98,2026-03-09 09:32:41.192689
LD-305162,2025-02-21 13:23:00,Social Media,Coding for Kids,,Rep_07,9.44,Lead,Open,,,
LD-305163,05/29/2025 16:24,Referral,Competitive Exam Prep,West Region,Rep_03,1.93,Demo Scheduled,Open,,,
LD-305164,01/05/2026 20:44,Paid Search,Language Learning,East Region,Rep_04,1.06,Contacted,Open,,,
LD-305165,01/24/2025 10:51,Webinar,K-12 Math,West Region,Rep_03,3.37,Closed,Won,,592.71,2025-03-15 16:41:54.295705
LD-305166,02-Dec-2025 15:15,Referral,Competitive Exam Prep,South Region,Rep_12,1.13,Contacted,Open,,,
LD-305167,2026-01-09 11:50:00,organic search,Language Learning,East Region,Rep_14,5.37,Lead,Open,,,
LD-305168,28-Mar-2025 14:54,Referral,Coding for Kids,North Region,Rep_06,1.28,Contacted,Open,,,
LD-305169,2025-03-22 19:35:00,Organic Search,K-12 Math,South Region,Rep_07,2.34,Negotiation,Lost,Went With Competitor,541.9,2025-05-05 21:43:31.086372
LD-305170,2026-06-05 09:34:00,Partner Channel,K-12 Math,East Region,Rep_09,3.15,Proposal Sent,Lost,Bad Timing,462.32,2026-07-05 17:14:26.474698
LD-305171,2025-02-14 16:23:00,Cold Outreach,Study Abroad Prep,East Region,Rep_14,5.77,Lead,Open,,,
LD-305172,08/08/2025 13:52,Cold Outreach,K-12 Math,North Region,Rep_06,10.64,Lead,Open,,,
LD-305173,05-May-2026 08:49,Cold Outreach,Language Learning,,Rep_06,10.53,Contacted,Open,,,
LD-305174,2026-06-16 17:16:00,Paid Search,Study Abroad Prep,South Region,Rep_02,1.11,Contacted,Open,,,
LD-305175,25-Aug-2025 13:35,Referral,K12 Math,West Region,Rep_03,1.03,Contacted,Open,,,
LD-305176,10/15/2025 07:37,Organic Search,Coding For Kids,West Region,Rep_13,2.63,Contacted,Open,,,
LD-305177,2025-02-26 11:02:00,Referral,Competitive Exam Prep,North Region,Rep_01,6.02,Contacted,Open,,,
LD-305178,08/04/2025 20:05,Social Media,K-12 Math,South Region,Rep_12,3.33,Contacted,Open,,,
LD-305179,19-Nov-2025 07:12,Paid Search,Language Learning,East Region,Rep_04,0.75,Contacted,Open,,,
LD-305180,01/12/2026 17:22,Referral,K-12 Math,International,Rep_15,2.7,Contacted,Open,,,
LD-305181,07-Feb-2025 20:01,Paid Search,K-12 Math,North Region,Rep_06,8.79,Lead,Open,,,
LD-305182,20-Nov-2025 14:49,Cold Outreach,K-12 Math,East Region,Rep_04,4.02,Lead,Open,,,
LD-305183,26-Oct-2025 20:22,SEO,Coding for Kids,South Region,Rep_07,1.14,Contacted,Open,,,
LD-305184,05/26/2025 07:35,Social Media,K-12 Math,South Region,Rep_12,4.93,Negotiation,Lost,Bad Timing,522.45,2025-07-13 05:52:31.992943
LD-305185,08-Aug-2025 16:33,paid search,Competitive Exam Prep,East Region,Rep_14,21.9,Contacted,Open,,,
LD-305186,02/17/2026 16:45,Social,K12 Math,East Region,Rep_14,1.38,Demo Scheduled,Open,,,
LD-305187,2026-02-21 08:24:00,Social Media,Competitive Exam Prep,North Region,Rep_06,9.09,Lead,Open,,,
LD-305188,02/17/2025 20:05,Organic Search,Language Learning,South Region,Rep_07,15.18,Contacted,Open,,,
LD-305189,2025-12-20 08:39:00,Social Media,Language Learning,South Region,Rep_12,3.78,Contacted,Open,,,
LD-305190,15-Apr-2025 09:47,Webinar,Competitive Exam Prep,West Region,Rep_13,0.54,Contacted,Open,,,
LD-305191,2025-12-02 07:37:00,Cold Outreach,K-12 Math,West Region,Rep_03,4.01,Lead,Open,,,
LD-305192,17-Feb-2025 11:48,Cold Outreach,K-12 Math,South Region,Rep_07,1.48,Demo Scheduled,Open,,,
LD-305193,02-May-2025 08:01,Referral,Competitive Exam Prep,North Region,Rep_01,16.15,Closed,Won,,958.3,2025-06-15 08:57:00.577506
LD-305194,11-Jan-2026 14:19,Organic Search,Coding for Kids,East Region,Rep_09,10.2,Contacted,Open,,,
LD-305195,2026-05-15 11:32:00,Webinar,Study Abroad Prep,,Rep_09,0.68,Contacted,Open,,,
LD-305196,2025-02-13 08:29:00,Organic Search,k-12 math,South Region,Rep_02,0.39,Contacted,Open,,,
LD-305197,03/13/2025 11:07,Organic search,K-12 Math,South Region,Rep_02,4.26,Negotiation,Lost,Price Objection,408.04,2025-05-04 13:05:16.376756
LD-305198,09-Oct-2025 18:57,Social Media,Competitive Exam Prep,West Region,Rep_03,5.3,Negotiation,Lost,Price Objection,950.63,2025-11-20 23:14:51.834837
LD-305199,04/25/2026 11:06,Organic Search,Language Learning,North Region,Rep_01,2.07,Contacted,Open,,,
LD-305200,2025-01-17 08:28:00,Paid Search,Language Learning,West Region,Rep_08,2.08,Closed,Won,,401.07,2025-02-18 23:23:15.353269
LD-305201,2025-09-30 19:00:00,Referral,k-12 math,West Region,Rep_13,6.12,Negotiation,Lost,Went With Competitor,$515.47,2025-10-25 12:01:10.499988
LD-305202,09-Sep-2025 13:37,Social Media,Competitive Exam Prep,South Region,Rep_02,4.71,Closed,Won,,894.98,2025-10-22 15:38:02.941453
LD-305203,14-Jul-2025 13:42,Social Media,Competitive Exam Prep,South Region,Rep_12,11.79,Proposal Sent,Lost,Went With Competitor,$969.35,2025-08-20 11:16:27.837721
LD-305204,04/28/2025 09:44,Webinar,Coding for Kids,East Region,Rep_14,0.77,Contacted,Open,,,
LD-305205,11-Sep-2025 11:23,Webinar,Language Learning,South Region,Rep_12,0.73,Contacted,Open,,,
LD-305206,2025-04-30 08:28:00,Paid Search,K-12 Math,East Region,Rep_14,1.16,Demo Scheduled,Open,,,
LD-305207,19-Mar-2026 15:59,Cold Outreach,Coding for Kids,South Region,Rep_12,0.45,Contacted,Open,,,
LD-305208,25-Jun-2026 10:12,Referral,Study Abroad Prep,International,Rep_15,1.8,Negotiation,Lost,Price Objection,"$1,538.14",2026-08-08 07:42:13.826160
LD-305209,22-May-2025 18:48,Webinar,Coding for Kids,North Region,Rep_11,1.05,Closed,Won,,$648.35,2025-06-19 11:41:51.800800
LD-305210,11-Dec-2025 09:57,Organic Search,Study Abroad Prep,,Rep_09,3.35,Lead,Open,,,
LD-305211,2026-01-16 12:09:00,Referral,Language Learning,West Region,Rep_08,10.99,Closed,Won,,311.98,2026-02-21 00:26:31.216093
LD-305212,2026-04-28 16:00:00,Webinar,Language Learning,North Region,Rep_06,2.11,Contacted,Open,,,
LD-305213,05/12/2026 20:16,Paid Search,Language Learning,International,Rep_05,2.74,Lead,Open,,,
LD-305214,2025-10-02 20:59:00,Cold Outreach,Study Abroad Prep,South Region,Rep_12,1.1,Lead,Open,,,
LD-305215,17-Jul-2025 20:13,Referral,Coding for Kids,East Region,Rep_04,2.72,Contacted,Open,,,
LD-305216,26-Aug-2025 07:00,Referral,Coding for Kids,South Region,Rep_12,2.27,Negotiation,Lost,No Response / Ghosted,$764.53,2025-10-01 22:12:05.684145
LD-305217,07/17/2025 13:36,Social Media,Language Learning,West Region,Rep_13,5.2,Contacted,Open,,,
LD-305218,11/14/2025 11:48,Partner Channel,Language Learning,West Region,Rep_08,1.55,Contacted,Open,,,
LD-305219,2025-08-08 15:30:00,Referral,Coding for Kids,West Region,Rep_08,1.52,Closed,Won,,557.0,2025-09-14 07:56:57.214180
LD-305220,2026-02-17 10:51:00,Referral,Coding for Kids,South Region,Rep_02,7.62,Contacted,Open,,,
LD-305221,2026-05-28 07:07:00,Organic search,Language Learning,West Region,Rep_08,2.19,Negotiation,Lost,Price Objection,308.48,2026-07-19 20:57:57.094727
LD-305222,05-Dec-2025 09:10,Social Media,K-12 Math,East Region,Rep_14,3.24,Lead,Open,,,
LD-305223,20-Feb-2026 10:29,Referral,Coding for Kids,North Region,Rep_11,23.55,Closed,Won,,698.09,2026-04-11 15:04:36.427790
LD-305224,2026-01-08 07:11:00,SOCIAL MEDIA,Competitive Exam Prep,South Region,Rep_02,1.65,Contacted,Open,,,
LD-305225,2026-02-16 13:13:00,Webinar,K-12 Math,South Region,Rep_12,0.94,Contacted,Open,,,
LD-305226,05/01/2026 19:30,Cold Outreach,K12 Math,North Region,Rep_06,6.92,Lead,Open,,,
LD-305227,2025-05-23 17:05:00,Social,Study Abroad Prep,North Region,Rep_01,7.75,Demo Completed,Lost,Price Objection,"$1,312.48",2025-06-23 12:35:02.629327
LD-305228,02-Apr-2026 17:44,Paid Search,Competitive Exam Prep,East Region,Rep_14,2.11,Contacted,Open,,,
LD-305229,2026-04-14 18:47:00,Webinar,Coding for Kids,International,Rep_15,5.76,Lead,Open,,,
LD-305230,2025-02-27 16:27:00,Webinar,Competitive Exam Prep,North Region,Rep_01,2.28,Closed,Won,,$893.48,2025-04-08 20:52:28.157953
LD-305231,2025-12-25 15:01:00,Paid Search,K-12 Math,South Region,Rep_07,9.76,Contacted,Open,,,
LD-305232,2025-06-11 18:08:00,Cold Outreach,Competitive Exam Prep,International,Rep_05,7.32,Contacted,Open,,,
LD-305233,19-Feb-2026 07:37,Webinar,K12 Math,West Region,Rep_08,0.86,Proposal Sent,Lost,Price Objection,558.02,2026-04-05 03:20:48.964082
LD-305234,08/11/2025 19:52,Cold Outreach,Coding for Kids,,Rep_11,0.82,Lead,Open,,,
LD-305235,08/29/2025 10:49,Cold Outreach,Competitive Exam Prep,South Region,Rep_12,3.04,Lead,Open,,,
LD-305236,03-Jun-2026 18:48,Cold Outreach,K-12 Math,North Region,Rep_01,3.52,Contacted,Open,,,
LD-305237,2026-02-15 11:16:00,Referral,Coding for Kids,International,Rep_10,4.44,Contacted,Open,,,
LD-305238,05/02/2025 15:13,Paid Search,K-12 Math,South Region,Rep_07,3.48,Negotiation,Lost,No Response / Ghosted,550.16,2025-06-08 03:38:44.724903
LD-305239,2026-04-17 19:18:00,Organic Search,Coding for Kids,North Region,Rep_06,10.75,Contacted,Open,,,
LD-305240,01-Jun-2026 13:35,Organic Search,Competitive Exam Prep,International,Rep_05,8.77,Proposal Sent,Lost,Budget Not Approved,1113.42,2026-07-01 05:54:00.587619
LD-305241,2025-07-29 12:45:00,Paid Search,Coding for Kids,South Region,Rep_02,3.2,Demo Completed,Lost,No Response / Ghosted,563.79,2025-08-10 02:44:34.464821
LD-305242,2025-06-26 14:05:00,Cold Outreach,Competitive Exam Prep,West Region,Rep_13,5.51,Demo Completed,Lost,Price Objection,823.54,2025-08-10 02:56:22.205482
LD-305243,15-May-2025 18:55,Cold Outreach,Language Learning,North Region,Rep_06,6.31,Lead,Open,,,
LD-305244,2025-03-02 07:28:00,Social Media,Competitive Exam Prep,South Region,Rep_12,1.26,Demo Scheduled,Open,,,
LD-305245,05-Feb-2025 13:44,Social Media,Language Learning,International,Rep_10,35.71,Contacted,Open,,,
LD-305246,2025-05-13 09:27:00,Social Media,Language Learning,East Region,Rep_14,1.17,Demo Completed,Lost,Bad Timing,$392.65,2025-06-06 23:38:26.356810
LD-305247,2025-09-04 16:00:00,Referral,Competitive Exam Prep,South Region,Rep_12,4.01,Contacted,Open,,,
LD-305248,2025-08-07 15:11:00,Paid Search,Competitive Exam Prep,South Region,Rep_02,8.73,Contacted,Open,,,
LD-305249,07-Feb-2025 16:49,Referral,Language Learning,International,Rep_15,2.77,Contacted,Open,,,
LD-305250,06/04/2026 07:51,Paid Search,Coding For Kids,South Region,Rep_12,1.12,Negotiation,Lost,Went With Competitor,584.92,2026-07-27 06:05:04.670614
LD-305251,25-Feb-2025 10:24,Referral,Language Learning,South Region,Rep_07,3.24,Closed,Won,,397.94,2025-04-04 04:34:50.464218
LD-305252,2025-10-24 17:53:00,organic search,Language Learning,South Region,Rep_07,0.84,Contacted,Open,,,
LD-305253,06/14/2025 18:35,Organic Search,Competitive Exam Prep,West Region,Rep_13,7.64,Contacted,Open,,,
LD-305254,26-Jun-2025 14:44,SEO,Coding For Kids,West Region,Rep_03,3.03,Demo Completed,Lost,Price Objection,632.48,2025-07-25 09:02:04.822239
LD-305255,2025-08-19 17:12:00,Paid Search,Language Learning,West Region,Rep_13,19.14,Demo Scheduled,Open,,,
LD-305256,2025-03-05 09:56:00,Webinar,Coding for Kids,North Region,Rep_11,2.85,Negotiation,Lost,Went With Competitor,628.87,2025-04-17 08:53:23.777621
LD-305257,02-Jan-2026 07:04,Social Media,Competitive Exam Prep,South Region,Rep_07,4.31,Lead,Open,,,
LD-305258,06-Aug-2025 07:02,Organic Search,Competitive Exam Prep,South Region,Rep_07,2.4,Demo Completed,Lost,No Response / Ghosted,1059.17,2025-09-03 03:13:13.327746
LD-305259,28-Apr-2025 12:58,Organic Search,K-12 Math,North Region,Rep_01,3.88,Closed,Won,,586.29,2025-06-05 21:33:59.304739
LD-305260,31-Mar-2026 16:09,Referral,Competitive Exam Prep,North Region,Rep_11,4.68,Proposal Sent,Lost,Price Objection,$935.73,2026-05-08 23:09:27.940375
LD-305261,09/16/2025 14:34,Organic Search,Language Learning,South Region,Rep_07,0.87,Demo Completed,Lost,Bad Timing,368.29,2025-10-08 13:22:40.239496
LD-305262,21-May-2026 11:07,Social,Language Learning,West Region,Rep_08,2.77,Proposal Sent,Lost,Price Objection,$370.28,2026-06-26 09:29:35.994276
LD-305263,22-Jul-2025 10:59,Organic Search,K-12 Math,North Region,Rep_11,1.74,Closed,Won,,584.74,2025-08-21 20:28:10.582748
LD-305264,05/22/2026 07:01,Paid  Search,Competitive Exam Prep,South Region,Rep_07,2.45,Proposal Sent,Lost,Price Objection,"$1,034.55",2026-07-09 01:11:56.436295
LD-305265,05-Feb-2026 13:27,Organic Search,K-12  Math,North Region,Rep_06,1.11,Lead,Open,,,
LD-305266,18-Jul-2025 15:11,Referral,Coding for Kids,South Region,Rep_02,1.67,Contacted,Open,,,
LD-305267,2025-11-26 09:25:00,Organic Search,K-12 Math,International,Rep_05,1.48,Proposal Sent,Lost,Price Objection,$587.47,2026-01-05 07:20:38.676822
LD-305268,04/04/2025 07:00,Paid Search,Coding for Kids,South Region,Rep_07,0.96,Proposal Sent,Lost,Bad Timing,623.32,2025-05-09 21:56:23.366404
LD-305269,2025-08-08 16:24:00,Organic Search,Study Abroad Prep,International,Rep_15,3.68,Proposal Sent,Lost,Budget Not Approved,1255.5,2025-09-11 01:41:09.749755
LD-305270,13-Mar-2026 08:53,Organic Search,K-12 Math,South Region,Rep_12,2.4,Proposal Sent,Lost,Budget Not Approved,$495.68,2026-04-20 04:45:56.549413
LD-305271,28-May-2025 16:23,Social Media,K-12 Math,North Region,Rep_06,5.68,Lead,Open,,,
LD-305272,08/12/2025 09:29,Social Media,Coding for Kids,West Region,Rep_08,1.55,Contacted,Open,,,
LD-305273,03-Jun-2025 07:42,Paid Search,Coding for Kids,North Region,Rep_06,2.28,Contacted,Open,,,
LD-305274,09/14/2025 13:51,Organic Search,K-12 Math,West Region,Rep_08,6.29,Negotiation,Lost,Budget Not Approved,524.49,2025-11-04 15:14:52.639109
LD-305275,05-Feb-2025 09:36,Webinar,K-12 Math,South Region,Rep_07,2.43,Negotiation,Lost,Went With Competitor,468.86,2025-03-26 20:28:12.969549
LD-305276,02/10/2026 17:24,Webinar,Coding for Kids,South Region,Rep_12,3.69,Contacted,Open,,,
LD-305277,01/28/2026 19:23,Referral,Competitive Exam Prep,South Region,Rep_07,1.86,Closed,Won,,1123.27,2026-03-14 07:01:30.502255
LD-305278,2025-12-01 07:49:00,Organic Search,Competitive Exam Prep,South Region,Rep_07,1.04,Closed,Won,,1168.92,2026-01-13 21:06:44.859620
LD-305279,2026-03-20 11:15:00,Social Media,Language Learning,South Region,Rep_12,7.04,Proposal Sent,Lost,No Response / Ghosted,371.48,2026-04-18 21:08:08.107574
LD-305280,01/01/2026 16:12,Referral,K-12 Math,South Region,Rep_12,10.86,Closed,Won,,$444.56,2026-02-08 00:31:10.678293
LD-305281,06/13/2025 16:24,Referral,Coding for Kids,South Region,Rep_02,1.13,Closed,Won,,644.53,2025-07-12 00:20:42.082054
LD-305282,01-May-2026 14:49,Organic Search,CODING FOR KIDS,West Region,Rep_13,1.42,Proposal Sent,Lost,Bad Timing,557.23,2026-06-22 17:20:17.582955
LD-305283,11/28/2025 12:58,Webinar,K-12 Math,North Region,Rep_01,1.57,Negotiation,Lost,No Response / Ghosted,466.43,2026-01-09 00:48:54.381518
LD-305284,08/07/2025 07:30,Cold Outreach,Language Learning,South Region,Rep_12,2.09,Lead,Open,,,
LD-305285,2025-08-31 18:15:00,Social Media,k-12 math,South Region,Rep_07,1.96,Contacted,Open,,,
LD-305286,01/09/2026 11:06,Referral,Competitive Exam Prep,West Region,Rep_13,10.18,Negotiation,Lost,Bad Timing,"$1,035.09",2026-02-24 21:13:29.307191
LD-305287,2026-02-26 15:25:00,Webinar,Study Abroad Prep,South Region,Rep_07,4.41,Contacted,Open,,,
LD-305288,12-Oct-2025 12:31,Organic Search,Study Abroad Prep,South Region,Rep_12,4.08,Proposal Sent,Lost,Went With Competitor,1229.86,2025-11-03 20:01:37.284613
LD-305289,2025-07-11 08:30:00,Organic Search,K-12 Math,East Region,Rep_09,2.6,Lead,Open,,,
LD-305290,2026-01-09 08:39:00,Paid Search,Coding for Kids,East Region,Rep_04,2.09,Contacted,Open,,,
LD-305291,11/05/2025 20:41,Organic Search,Competitive Exam Prep,East Region,Rep_09,2.29,Lead,Open,,,
LD-305292,30-Apr-2025 14:28,Webinar,K-12 Math,West Region,Rep_08,1.69,Contacted,Open,,,
LD-305293,2026-03-13 11:36:00,Organic Search,Language Learning,North Region,Rep_06,2.46,Contacted,Open,,,
LD-305294,19-Jun-2025 08:50,Cold Outreach,Coding for Kids,East Region,Rep_04,2.41,Lead,Open,,,
LD-305295,2025-06-16 19:00:00,Cold Outreach,Competitive Exam Prep,East Region,Rep_14,5.1,Lead,Open,,,
LD-305296,2025-05-27 20:29:00,Partner Channel,Competitive Exam Prep,West Region,Rep_08,1.1,Negotiation,Lost,Price Objection,1112.11,2025-07-04 01:13:25.126099
LD-305297,01/11/2025 15:30,Cold Outreach,Coding for Kids,South Region,Rep_07,3.22,Contacted,Open,,,
LD-305298,04/05/2026 14:17,Paid Search,K-12 Math,North Region,Rep_01,1.57,Demo Scheduled,Open,,,
LD-305299,2025-02-21 18:47:00,Paid Search,Language Learning,South Region,Rep_12,4.79,Proposal Sent,Lost,No Response / Ghosted,332.33,2025-04-04 11:56:16.362429
LD-305300,05-Sep-2025 12:41,COLD OUTREACH,Competitive Exam Prep,South Region,Rep_12,3.25,Lead,Open,,,
LD-305301,04/14/2026 09:04,Referral,Competitive Exam Prep,North Region,Rep_06,3.64,Contacted,Open,,,
LD-305302,15-Aug-2025 20:04,Organic Search,Study Abroad Prep,East Region,Rep_09,2.83,Demo Completed,Lost,No Response / Ghosted,1309.94,2025-09-15 18:50:02.658768
LD-305303,14-Jul-2025 15:02,Cold Outreach,K-12  Math,South Region,Rep_07,3.72,Lead,Open,,,
LD-305304,2025-09-25 19:43:00,Social Media,Coding for Kids,West Region,Rep_13,1.61,Lead,Open,,,
LD-305305,01/31/2025 15:31,Partner Channel,Study Abroad Prep,South Region,Rep_12,4.35,Lead,Open,,,
LD-305306,08/01/2025 15:11,Referral,Coding for Kids,West Region,Rep_03,2.19,Closed,Won,,589.33,2025-09-10 01:17:36.442731
LD-305307,05/22/2026 10:29,Social Media,K-12 Math,West Region,Rep_13,6.88,Lead,Open,,,
LD-305308,31-Dec-2025 09:16,Referral,Competitive Exam Prep,,Rep_03,1.93,Contacted,Open,,,
LD-305309,2025-12-12 17:35:00,Social Media,Competitive Exam Prep,East Region,Rep_04,6.83,Contacted,Open,,,
LD-305310,2025-07-07 10:34:00,Webinar,K-12 Math,International,Rep_15,2.22,Proposal Sent,Lost,No Response / Ghosted,588.88,2025-08-16 05:41:06.325490
LD-305311,06/25/2026 19:38,Referral,Coding for Kids,East Region,Rep_09,1.51,Negotiation,Lost,Went With Competitor,711.82,2026-07-25 03:16:15.837960
LD-305312,22-Sep-2025 14:26,Organic Search,Language Learning,South Region,Rep_12,1.81,Contacted,Open,,,
LD-305313,01/31/2026 12:33,Organic Search,K12 Math,North Region,Rep_06,5.91,Contacted,Open,,,
LD-305314,11-Feb-2026 08:38,Social Media,K-12 Math,South Region,Rep_07,6.04,Lead,Open,,,
LD-305315,2026-03-25 16:16:00,Organic Search,Competitive Exam Prep,South Region,Rep_12,0.83,Contacted,Open,,,
LD-305316,09/05/2025 19:44,Social Media,Competitive Exam Prep,West Region,Rep_03,4.05,Contacted,Open,,,
LD-305317,09/21/2025 16:06,Referral,K-12 Math,North Region,Rep_06,1.37,Contacted,Open,,,
LD-305318,2025-12-30 09:51:00,Organic Search,Competitive Exam Prep,East Region,Rep_09,3.84,Demo Completed,Lost,Bad Timing,911.88,2026-02-02 15:03:38.637793
LD-305319,2026-04-10 13:55:00,Paid Search,Language Learning,International,Rep_10,3.29,Negotiation,Lost,Price Objection,$371.76,2026-05-28 11:44:43.112607
LD-305320,2025-09-01 07:09:00,Referral,K-12 Math,West Region,Rep_13,2.51,Contacted,Open,,,
LD-305321,05/23/2025 12:29,Webinar,K-12 Math,North Region,Rep_01,5.77,Contacted,Open,,,
LD-305322,01/07/2025 10:21,Referral,Study Abroad Prep,North Region,Rep_06,15.41,Closed,Won,,"$1,489.01",2025-02-19 06:23:19.357795
LD-305323,2025-11-07 10:26:00,Cold Outreach,Coding for Kids,West Region,Rep_08,0.39,Lead,Open,,,
LD-305324,24-May-2026 15:57,Organic Search,Study Abroad Prep,South Region,Rep_02,2.92,Contacted,Open,,,
LD-305325,2026-02-09 12:40:00,Paid Search,K-12 Math,International,Rep_05,2.8,Lead,Open,,,
LD-305326,03/06/2026 08:53,Cold Outreach,k-12 math,West Region,Rep_13,1.1,Lead,Open,,,
LD-305327,11-Jul-2025 12:55,Webinar,Competitive Exam Prep,North Region,Rep_11,7.45,Negotiation,Lost,Went With Competitor,"$1,083.85",2025-08-27 13:29:59.477756
LD-305328,29-Dec-2025 17:12,Referral,Language Learning,South Region,Rep_02,2.65,Contacted,Open,,,
LD-305329,09-May-2025 13:28,Social Media,Coding for Kids,International,Rep_10,0.75,Proposal Sent,Lost,Went With Competitor,676.25,2025-06-09 03:52:36.846426
LD-305330,10-Dec-2025 12:37,Referral,Coding for Kids,International,Rep_10,0.57,Contacted,Open,,,
LD-305331,20-May-2025 17:57,Webinar,Language Learning,North Region,Rep_01,1.18,Demo Completed,Lost,Price Objection,342.45,2025-06-21 19:38:34.047918
LD-305332,01/31/2025 14:54,Referral,K-12 Math,North Region,Rep_01,10.13,Closed,Won,,437.06,2025-03-15 17:31:00.961339
LD-305333,2025-08-08 14:28:00,Partner Channel,Competitive Exam Prep,East Region,Rep_09,12.29,Closed,Won,,1148.24,2025-09-12 04:30:49.696468
LD-305334,2026-04-17 14:54:00,Organic Search,Language Learning,North Region,Rep_06,4.01,Contacted,Open,,,
LD-305335,09/05/2025 20:43,Referral,K12 Math,East Region,Rep_09,1.15,Demo Completed,Lost,No Response / Ghosted,590.95,2025-10-12 08:12:32.492127
LD-305336,01-Jan-2026 16:37,organic search,K-12 Math,International,Rep_05,1.97,Contacted,Open,,,
LD-305337,2025-10-15 08:13:00,Paid Search,Competitive Exam Prep,International,Rep_10,1.66,Contacted,Open,,,
LD-305338,10-Jul-2025 17:46,Cold Outreach,Competitive Exam Prep,South Region,Rep_02,1.33,Proposal Sent,Lost,Bad Timing,928.73,2025-08-20 21:54:58.701925
LD-305339,29-Aug-2025 13:28,social media,Competitive Exam Prep,North Region,Rep_01,3.28,Demo Completed,Lost,Price Objection,$828.63,2025-09-22 15:19:10.505343
LD-305340,2026-01-30 13:29:00,Cold Outreach,Competitive Exam Prep,North Region,Rep_06,1.27,Contacted,Open,,,
LD-305341,03/28/2025 16:25,Referral,Coding for Kids,North Region,Rep_06,6.98,Contacted,Open,,,
LD-305342,01/06/2025 10:44,Social Media,K-12  Math,West Region,Rep_08,5.06,Lead,Open,,,
LD-305343,04-Aug-2025 08:21,Paid Search,Coding for Kids,North Region,Rep_11,0.76,Negotiation,Lost,No Response / Ghosted,614.94,2025-09-26 23:21:27.253467
LD-305344,2026-05-25 10:47:00,Webinar,Coding For Kids,North Region,Rep_11,9.68,Negotiation,Lost,Price Objection,577.57,2026-07-06 06:20:25.993103
LD-305345,2025-11-01 08:08:00,Organic Search,K-12 Math,West Region,Rep_03,3.75,Contacted,Open,,,
LD-305346,2026-02-11 13:22:00,Partner Channel,Competitive Exam Prep,West Region,Rep_03,7.9,Demo Completed,Lost,Bad Timing,872.08,2026-03-12 19:21:12.928602
LD-305347,01/27/2025 17:33,Paid Search,Coding for Kids,South Region,Rep_07,2.96,Contacted,Open,,,
LD-305348,10/17/2025 19:07,Referral,Study Abroad Prep,South Region,Rep_07,1.45,Contacted,Open,,,
LD-305349,06/07/2025 14:53,Paid Search,Study Abroad Prep,West Region,Rep_08,2.34,Demo Completed,Lost,Bad Timing,1617.41,2025-07-06 17:10:46.452230
LD-305350,28-Oct-2025 10:15,Organic Search,Competitive Exam Prep,South Region,Rep_12,5.87,Demo Completed,Lost,No Response / Ghosted,1128.17,2025-12-06 05:02:49.946627
LD-305351,10/28/2025 19:37,Social Media,Competitive Exam Prep,South Region,Rep_07,0.73,Contacted,Open,,,
LD-305352,30-Jun-2025 19:36,Referral,Competitive Exam Prep,North Region,Rep_06,4.92,Lead,Open,,,
LD-305353,30-Mar-2025 18:29,Organic Search,K-12 Math,West Region,Rep_08,1.09,Contacted,Open,,,
LD-305354,26-Jun-2026 19:45,Organic Search,Competitive Exam Prep,South Region,Rep_12,1.06,Contacted,Open,,,
LD-305355,18-Jun-2026 10:12,Paid Search,Competitive Exam Prep,East Region,Rep_14,10.0,Contacted,Open,,,
LD-305356,05/07/2026 14:39,Partner Channel,Competitive Exam Prep,North Region,Rep_11,0.7,Contacted,Open,,,
LD-305357,09/24/2025 14:14,Organic Search,Study Abroad Prep,East Region,Rep_14,2.9,Contacted,Open,,,
LD-305358,09-Aug-2025 07:19,Social Media,K-12 Math,International,Rep_05,3.25,Demo Completed,Lost,Budget Not Approved,563.54,2025-09-09 15:22:11.203984
LD-305359,03/18/2026 11:24,Webinar,Study Abroad Prep,South Region,Rep_12,7.01,Contacted,Open,,,
LD-305360,07/31/2025 12:37,Social Media,Coding for Kids,,Rep_03,15.39,Lead,Open,,,
LD-305361,06/05/2026 15:55,paid search,K-12 Math,South Region,Rep_12,4.69,Contacted,Open,,,
LD-305362,14-May-2026 14:27,Organic Search,K-12 Math,East Region,Rep_04,26.38,Lead,Open,,,
LD-305363,08-Feb-2025 16:34,Paid Search,Competitive Exam Prep,West Region,Rep_08,1.57,Lead,Open,,,
LD-305364,16-Apr-2026 08:38,Partner Channel,Language Learning,East Region,Rep_09,15.33,Closed,Won,,374.41,2026-05-24 11:18:24.772053
LD-305365,10/10/2025 12:11,Social Media,Competitive Exam Prep,East Region,Rep_09,5.7,Lead,Open,,,
LD-305366,2025-03-15 19:21:00,Paid Search,K-12 Math,South Region,Rep_02,15.47,Contacted,Open,,,
LD-305367,04-Feb-2026 17:14,Paid Search,Language Learning,North Region,Rep_11,5.75,Lead,Open,,,
LD-305368,2026-03-29 08:42:00,Organic Search,Language Learning,South Region,Rep_12,0.6,Closed,Won,,$303.54,2026-05-13 06:30:10.510130
LD-305369,2025-06-27 18:59:00,Cold Outreach,Coding for Kids,West Region,Rep_03,3.44,Contacted,Open,,,
LD-305370,09-Jan-2026 09:43,Webinar,K-12 Math,International,Rep_05,2.09,Contacted,Open,,,
LD-305371,05/07/2026 20:06,Social Media,K-12 Math,South Region,Rep_12,1.06,Contacted,Open,,,
LD-305372,2025-11-07 10:28:00,Organic Search,K-12 Math,North Region,Rep_11,2.58,Proposal Sent,Lost,No Response / Ghosted,$580.97,2025-12-23 10:19:52.972102
LD-305373,10/20/2025 08:25,Social,Language Learning,South Region,Rep_02,4.85,Contacted,Open,,,
LD-305374,15-Feb-2026 07:07,Cold Outreach,Study Abroad Prep,South Region,Rep_07,2.59,Lead,Open,,,
LD-305375,2025-03-19 15:29:00,Paid Search,K-12 Math,South Region,Rep_07,1.41,Contacted,Open,,,
LD-305376,02/21/2025 15:23,Organic Search,Competitive Exam Prep,South Region,Rep_12,0.22,Contacted,Open,,,
LD-305377,2026-04-14 17:12:00,Organic Search,Coding for Kids,East Region,Rep_04,2.85,Contacted,Open,,,
LD-305378,21-Mar-2025 07:45,Webinar,Competitive Exam Prep,South Region,Rep_02,12.99,Negotiation,Lost,Price Objection,955.78,2025-04-21 14:37:18.356140
LD-305379,10/21/2025 19:20,Social Media,Language Learning,International,Rep_10,0.51,Demo Scheduled,Open,,,
LD-305380,08/05/2025 08:20,Organic Search,K-12 Math,South Region,Rep_02,2.37,Negotiation,Lost,No Response / Ghosted,$592.11,2025-09-06 10:41:10.895803
LD-305381,25-Feb-2026 11:36,Social Media,K-12 Math,East Region,Rep_04,3.56,Lead,Open,,,
LD-305382,2025-10-23 11:59:00,Social Media,Study Abroad Prep,International,Rep_15,2.04,Lead,Open,,,
LD-305383,2025-08-18 17:57:00,Paid Search,Competitive Exam Prep,East Region,Rep_14,2.75,Contacted,Open,,,
LD-305384,2026-04-20 16:48:00,Social Media,Study Abroad Prep,South Region,Rep_12,3.71,Closed,Won,,"$1,717.38",2026-05-30 20:57:00.845950
LD-305385,29-Apr-2026 13:44,SOCIAL MEDIA,K-12 Math,South Region,Rep_07,4.75,Demo Completed,Lost,Price Objection,444.25,2026-05-23 10:44:56.948787
LD-305386,01/24/2025 18:09,Organic Search,Coding for Kids,South Region,Rep_02,5.09,Contacted,Open,,,
LD-305387,2026-05-20 09:37:00,Cold-Outreach,k-12 math,International,Rep_10,4.58,Lead,Open,,,
LD-305388,01/02/2026 07:18,Social Media,k-12 math,East Region,Rep_09,3.99,Contacted,Open,,,
LD-305389,2025-10-10 16:48:00,Referral,K-12  Math,East Region,Rep_09,5.78,Contacted,Open,,,
LD-305390,12-Feb-2026 08:18,Organic Search,Coding for Kids,South Region,Rep_12,1.28,Demo Completed,Lost,Went With Competitor,$736.77,2026-03-10 00:08:02.558856
LD-305391,07/04/2025 10:59,cold outreach,Competitive Exam Prep,South Region,Rep_12,4.33,Contacted,Open,,,
LD-305392,19-Sep-2025 16:04,Paid Search,k-12 math,,Rep_12,0.76,Proposal Sent,Lost,Price Objection,469.5,2025-10-28 23:34:07.516809
LD-305393,26-Sep-2025 20:04,Organic Search,Study Abroad Prep,West Region,Rep_08,1.29,Contacted,Open,,,
LD-305394,14-Nov-2025 07:23,Referral,K-12 Math,West Region,Rep_13,1.01,Closed,Won,,596.04,2025-12-22 05:49:03.834063
LD-305395,2025-10-10 07:24:00,Social Media,K-12 Math,West Region,Rep_13,3.62,Demo Scheduled,Open,,,
LD-305396,22-Jun-2026 14:15,Referral,Study Abroad Prep,International,Rep_10,1.04,Closed,Won,,1456.6,2026-07-15 05:43:40.350256
LD-305397,08/06/2025 07:23,Cold Outreach,K-12 Math,South Region,Rep_02,27.91,Demo Scheduled,Open,,,
LD-305398,06-Feb-2026 16:49,Cold Outreach,K-12 Math,South Region,Rep_07,1.74,Contacted,Open,,,
LD-305399,13-Jan-2025 16:20,Organic Search,Study Abroad Prep,East Region,Rep_04,5.34,Contacted,Open,,,
LD-305400,26-Mar-2025 09:49,Organic Search,Coding for Kids,North Region,Rep_01,1.25,Demo Completed,Lost,No Response / Ghosted,638.37,2025-05-06 14:25:10.796069
LD-305401,27-Jul-2025 10:29,Referral,K12 Math,South Region,Rep_12,2.72,Closed,Won,,412.63,2025-09-07 15:26:26.263000
LD-305402,2025-07-03 12:13:00,Social Media,Competitive Exam Prep,South Region,Rep_02,4.76,Contacted,Open,,,
LD-305403,03/28/2025 13:39,Organic Search,Coding for Kids,East Region,Rep_14,0.95,Closed,Won,,650.93,2025-04-28 06:58:01.794235
LD-305404,2026-02-02 15:18:00,Partner Channel,Competitive Exam Prep,South Region,Rep_12,2.31,Contacted,Open,,,
LD-305405,2025-05-04 17:16:00,Referral,Competitive Exam Prep,South Region,Rep_07,12.47,Negotiation,Lost,Bad Timing,946.14,2025-06-22 15:47:48.702817
LD-305406,12/12/2025 19:00,Cold Outreach,K-12 Math,South Region,Rep_02,2.08,Contacted,Open,,,
LD-305407,17-Oct-2025 19:39,Partner Channel,Language Learning,South Region,Rep_02,5.35,Contacted,Open,,,
LD-305408,10-Oct-2025 07:21,Organic Search,coding for kids,North Region,Rep_01,1.14,Contacted,Open,,,
LD-305409,2025-12-06 11:25:00,Paid Search,K-12 Math,North Region,Rep_01,11.95,Proposal Sent,Lost,No Response / Ghosted,552.14,2026-01-09 19:14:58.137078
LD-305410,15-Jul-2025 18:08,Webinar,Language Learning,West Region,Rep_08,11.0,Contacted,Open,,,
LD-305411,2026-05-05 10:46:00,Organic Search,Study Abroad Prep,South Region,Rep_02,1.73,Negotiation,Lost,No Response / Ghosted,1377.54,2026-06-07 02:21:09.063473
LD-305412,05/16/2025 19:18,Cold-Outreach,Competitive Exam Prep,West Region,Rep_08,2.59,Demo Scheduled,Open,,,
LD-305413,01/19/2025 19:21,Cold Outreach,Coding for Kids,North Region,Rep_01,12.93,Contacted,Open,,,
LD-305414,2025-03-28 15:10:00,Cold Outreach,K-12 Math,East Region,Rep_14,2.53,Lead,Open,,,
LD-305415,2026-06-02 11:37:00,Webinar,Coding for Kids,North Region,Rep_06,2.02,Lead,Open,,,
LD-305416,10/02/2025 14:07,Social Media,K-12 Math,South Region,Rep_12,7.76,Contacted,Open,,,
LD-305417,26-Nov-2025 10:26,Social Media,K-12 Math,South Region,Rep_07,2.15,Demo Scheduled,Open,,,
LD-305418,10/10/2025 17:16,Partner Channel,Language Learning,North Region,Rep_11,17.24,Contacted,Open,,,
LD-305419,01/29/2026 07:29,Social Media,Language Learning,North Region,Rep_11,14.69,Contacted,Open,,,
LD-305420,2025-05-23 10:06:00,paid search,Study Abroad Prep,South Region,Rep_12,4.46,Closed,Won,,"$1,644.77",2025-06-22 03:36:59.780940
LD-305421,2025-06-12 10:31:00,Paid Search,K-12 Math,North Region,Rep_06,6.16,Contacted,Open,,,
LD-305422,27-Feb-2026 15:48,Social Media,Coding for Kids,East Region,Rep_09,0.3,Contacted,Open,,,
LD-305423,06-Jan-2025 12:36,Paid Search,K-12 Math,West Region,Rep_03,13.33,Contacted,Open,,,
LD-305424,07-Apr-2026 15:45,Referral,Study Abroad Prep,South Region,Rep_12,4.6,Closed,Won,,1604.82,2026-05-17 22:08:24.161530
LD-305425,03-Feb-2026 20:50,Referral,Study Abroad Prep,East Region,Rep_04,49.76,Contacted,Open,,,
LD-305426,07-Mar-2025 13:02,Social Media,Coding For Kids,South Region,Rep_07,2.84,Proposal Sent,Lost,Budget Not Approved,756.48,2025-04-06 23:41:27.794002
LD-305427,05-Sep-2025 17:36,Paid Search,Competitive Exam Prep,West Region,Rep_03,1.56,Demo Completed,Lost,No Response / Ghosted,961.83,2025-09-28 20:33:23.565802
LD-305428,04/17/2026 17:52,Paid Search,K-12 Math,West Region,Rep_08,4.67,Contacted,Open,,,
LD-305429,07/16/2025 20:08,Partner Channel,Competitive Exam Prep,South Region,Rep_07,1.26,Negotiation,Lost,No Response / Ghosted,"$1,021.23",2025-09-01 00:34:09.790834
LD-305430,08-May-2025 10:03,Referral,k-12 math,West Region,Rep_08,1.31,Closed,Won,,580.79,2025-06-24 03:11:17.660741
LD-305431,20-Dec-2025 13:27,Partner Channel,Competitive Exam Prep,South Region,Rep_02,4.2,Contacted,Open,,,
LD-305432,2026-06-27 07:36:00,Paid Search,Coding for Kids,South Region,Rep_07,6.17,Contacted,Open,,,
LD-305433,2026-05-02 08:49:00,Cold Outreach,K-12 Math,International,Rep_15,2.61,Contacted,Open,,,
LD-305434,26-Sep-2025 08:55,Paid Search,Coding for Kids,West Region,Rep_03,9.11,Proposal Sent,Lost,Price Objection,$698.84,2025-11-08 02:43:31.814067
LD-305435,04/24/2026 19:38,SEO,Language Learning,South Region,Rep_12,7.68,Proposal Sent,Lost,Budget Not Approved,327.91,2026-05-30 02:35:32.659308
LD-305436,2026-01-18 17:48:00,Social Media,Competitive Exam Prep,North Region,Rep_01,0.76,Proposal Sent,Lost,Bad Timing,1066.43,2026-02-18 07:53:06.843750
LD-305437,02/24/2026 14:03,Referral,Competitive Exam Prep,South Region,Rep_12,0.16,Closed,Won,,$959.28,2026-03-30 10:53:51.494186
LD-305438,18-Jun-2026 13:01,Paid Search,Competitive Exam Prep,South Region,Rep_02,3.96,Contacted,Open,,,
LD-305439,03-Dec-2025 16:24,Social Media,Competitive Exam Prep,South Region,Rep_12,4.57,Contacted,Open,,,
LD-305440,04/16/2026 10:42,Partner Channel,Language Learning,East Region,Rep_09,1.5,Contacted,Open,,,
LD-305441,2025-08-21 12:56:00,Paid Search,Language Learning,South Region,Rep_07,10.21,Contacted,Open,,,
LD-305442,06/03/2026 11:40,Organic Search,Coding for Kids,,Rep_06,6.68,Contacted,Open,,,
LD-305443,13-May-2025 15:03,Organic search,Competitive Exam Prep,North Region,Rep_01,1.76,Contacted,Open,,,
LD-305444,06/24/2026 07:55,Webinar,Language Learning,West Region,Rep_03,1.77,Contacted,Open,,,
LD-305445,06/11/2026 15:10,Paid Search,Coding for Kids,West Region,Rep_13,3.59,Proposal Sent,Lost,Price Objection,560.66,2026-07-16 23:22:06.843089
LD-305446,06-Jan-2026 20:07,Paid Search,Competitive Exam Prep,International,Rep_15,1.18,Contacted,Open,,,
LD-305447,2025-11-08 19:07:00,Organic search,Study Abroad Prep,North Region,Rep_11,2.53,Negotiation,Lost,Price Objection,1472.86,2025-12-23 15:43:42.511637
LD-305448,04/23/2026 12:00,Referral,K-12 Math,North Region,Rep_11,2.88,Lead,Open,,,
LD-305449,2025-02-14 11:02:00,Social Media,Coding for Kids,East Region,Rep_14,0.66,Lead,Open,,,
LD-305450,02/10/2026 17:29,Paid Search,Coding for Kids,South Region,Rep_12,1.48,Closed,Won,,595.32,2026-03-10 21:53:34.226322
LD-305451,12/25/2025 07:32,Webinar,K-12 Math,North Region,Rep_01,0.83,Contacted,Open,,,
LD-305452,02/08/2025 17:32,Webinar,Coding for Kids,East Region,Rep_04,1.12,Demo Completed,Lost,Bad Timing,570.42,2025-03-04 01:40:15.016435
LD-305453,02/18/2026 10:55,Social,K-12 Math,South Region,Rep_02,1.31,Contacted,Open,,,
LD-305454,2026-06-01 15:03:00,Paid Search,Study Abroad Prep,East Region,Rep_14,1.0,Contacted,Open,,,
LD-305455,2025-05-30 07:41:00,Paid Search,Language Learning,North Region,Rep_06,6.16,Lead,Open,,,
LD-305456,05/21/2025 20:46,SOCIAL MEDIA,K-12 Math,West Region,Rep_13,1.81,Contacted,Open,,,
LD-305457,2025-07-25 16:11:00,Organic Search,K-12 Math,South Region,Rep_07,1.54,Demo Completed,Lost,Bad Timing,$462.17,2025-08-31 14:10:44.643477
LD-305458,03-Nov-2025 11:58,Paid  Search,K-12 Math,South Region,Rep_12,1.19,Closed,Won,,442.74,2025-12-11 11:03:00.002238
LD-305459,28-Mar-2025 17:21,Organic Search,Coding for Kids,South Region,Rep_02,0.82,Contacted,Open,,,
LD-305460,17-Jul-2025 10:47,Partner Channel,K-12 Math,West Region,Rep_03,7.45,Demo Completed,Lost,Price Objection,555.75,2025-08-23 00:13:33.426836
LD-305461,13-Jun-2025 13:58,Paid Search,Language Learning,International,Rep_05,4.36,Proposal Sent,Lost,Budget Not Approved,$374.16,2025-07-16 04:59:38.915439
LD-305462,23-Jan-2026 17:51,Paid Search,k-12 math,East Region,Rep_04,4.74,Contacted,Open,,,
LD-305463,12-Jan-2026 13:38,Referral,Coding for Kids,South Region,Rep_12,1.64,Closed,Won,,$703.08,2026-02-06 00:01:18.668871
LD-305464,2025-10-05 12:38:00,Paid Search,Competitive Exam Prep,South Region,Rep_12,3.76,Lead,Open,,,
LD-305465,08/24/2025 16:15,Referral,Competitive Exam Prep,North Region,Rep_06,1.51,Negotiation,Lost,Price Objection,914.98,2025-10-10 15:02:25.234998
LD-305466,06-Mar-2025 12:15,Partner Channel,Competitive Exam Prep,International,Rep_10,7.15,Contacted,Open,,,
LD-305467,2025-02-01 12:11:00,Partner Channel,K-12  Math,North Region,Rep_06,2.92,Contacted,Open,,,
LD-305468,2025-05-30 13:23:00,Paid Search,K-12 Math,International,Rep_15,0.79,Contacted,Open,,,
LD-305469,04/25/2025 07:59,Organic search,Study Abroad Prep,North Region,Rep_01,3.6,Contacted,Open,,,
LD-305470,12-Nov-2025 07:30,Partner Channel,Language Learning,North Region,Rep_11,1.17,Negotiation,Lost,Price Objection,380.59,2025-12-22 12:23:26.909182
LD-305471,03-Feb-2026 18:02,Referral,Competitive Exam Prep,North Region,Rep_11,2.38,Contacted,Open,,,
LD-305472,2025-09-12 07:01:00,Referral,Coding for Kids,South Region,Rep_12,9.14,Proposal Sent,Lost,No Response / Ghosted,731.82,2025-10-19 05:24:23.004466
LD-305473,2025-05-16 14:31:00,paid search,K-12 Math,West Region,Rep_13,1.62,Contacted,Open,,,
LD-305474,2025-09-12 10:14:00,Cold Outreach,Coding for Kids,East Region,Rep_14,6.68,Contacted,Open,,,
LD-305475,04-Feb-2026 17:06,Webinar,K-12 Math,North Region,Rep_01,1.1,Contacted,Open,,,
LD-305476,03/05/2026 11:12,Referral,Competitive Exam Prep,,Rep_02,3.14,Proposal Sent,Lost,Went With Competitor,1134.67,2026-04-05 16:27:56.230556
LD-305477,02/13/2026 13:53,Organic Search,Language Learning,East Region,Rep_14,0.51,Lead,Open,,,
LD-305478,04/05/2026 14:38,Social Media,Coding for Kids,North Region,Rep_06,0.41,Contacted,Open,,,
LD-305479,12/25/2025 09:13,organic search,Study Abroad Prep,East Region,Rep_14,6.28,Lead,Open,,,
LD-305480,2026-05-07 18:17:00,Social Media,Coding for Kids,West Region,Rep_08,5.38,Contacted,Open,,,
LD-305481,22-Jul-2025 09:25,Organic Search,Coding for Kids,North Region,Rep_11,10.17,Proposal Sent,Lost,Bad Timing,689.61,2025-08-21 01:09:39.335229
LD-305482,19-Nov-2025 09:15,Referral,Study Abroad Prep,North Region,Rep_11,1.27,Negotiation,Lost,Price Objection,1472.1,2025-12-27 21:27:27.465345
LD-305483,27-Oct-2025 20:43,Organic Search,Competitive Exam Prep,North Region,Rep_11,24.38,Contacted,Open,,,
LD-305484,08/16/2025 11:56,Social Media,Language Learning,West Region,Rep_03,0.94,Demo Scheduled,Open,,,
LD-305485,07/25/2025 10:13,Partner Channel,Study Abroad Prep,South Region,Rep_02,6.95,Contacted,Open,,,
LD-305486,03/28/2025 07:24,organic search,Study Abroad Prep,South Region,Rep_02,1.66,Contacted,Open,,,
LD-305487,03/20/2025 07:43,Paid Search,Competitive Exam Prep,International,Rep_10,3.86,Contacted,Open,,,
LD-305488,2026-04-28 13:48:00,Webinar,Study Abroad Prep,South Region,Rep_02,5.53,Contacted,Open,,,
LD-305489,2026-04-06 20:56:00,Paid Search,K-12 Math,North Region,Rep_06,2.32,Contacted,Open,,,
LD-305490,29-May-2025 09:32,Social Media,Competitive Exam Prep,International,Rep_05,4.55,Contacted,Open,,,
LD-305491,27-Mar-2026 12:53,Partner Channel,Competitive Exam Prep,North Region,Rep_06,2.51,Contacted,Open,,,
LD-305492,31-Jan-2025 09:40,Cold Outreach,Study Abroad Prep,,Rep_13,3.53,Contacted,Open,,,
LD-305493,2025-10-31 11:39:00,Webinar,Coding For Kids,North Region,Rep_01,4.7,Closed,Won,,675.16,2025-12-06 11:25:22.818438
LD-305494,12-Sep-2025 12:36,Organic Search,coding for kids,South Region,Rep_02,4.13,Contacted,Open,,,
LD-305495,2026-04-08 18:19:00,Webinar,Language Learning,West Region,Rep_03,1.19,Contacted,Open,,,
LD-305496,18-Feb-2025 14:21,Organic Search,K-12 Math,South Region,Rep_07,7.77,Closed,Won,,$557.46,2025-04-04 05:52:40.746029
LD-305497,02/13/2026 13:12,Webinar,K-12 Math,International,Rep_10,1.64,Closed,Won,,521.7,2026-04-05 13:21:44.318694
LD-305498,2025-07-25 18:14:00,Paid Search,Competitive Exam Prep,North Region,Rep_06,17.95,Lead,Open,,,
LD-305499,2026-05-27 10:20:00,Referral,Coding for Kids,North Region,Rep_06,0.85,Contacted,Open,,,
LD-305500,12-Jun-2026 13:07,Organic Search,Coding for Kids,South Region,Rep_02,0.94,Closed,Won,,751.72,2026-07-24 05:53:09.007110
LD-305501,01/31/2026 16:23,SOCIAL MEDIA,Study Abroad Prep,North Region,Rep_06,5.96,Lead,Open,,,
LD-305502,2025-11-21 14:26:00,Referral,K-12 Math,South Region,Rep_07,3.11,Negotiation,Lost,No Response / Ghosted,590.72,2026-01-14 11:16:49.625163
LD-305503,2025-08-31 17:11:00,Webinar,Competitive Exam Prep,South Region,Rep_12,1.7,Contacted,Open,,,
LD-305504,09/27/2025 16:09,Paid Search,Language Learning,West Region,Rep_03,1.08,Lead,Open,,,
LD-305505,12/18/2025 12:46,Webinar,Competitive Exam Prep,West Region,Rep_03,2.52,Contacted,Open,,,
LD-305506,01-Dec-2025 12:36,Paid Search,Competitive Exam Prep,East Region,Rep_14,3.4,Demo Scheduled,Open,,,
LD-305507,14-Jun-2026 10:20,Referral,K-12 Math,South Region,Rep_02,4.46,Negotiation,Lost,Went With Competitor,586.47,2026-07-31 03:53:49.177566
LD-305508,29-May-2025 11:55,Partner Channel,Language Learning,North Region,Rep_11,6.46,Demo Completed,Lost,Bad Timing,350.44,2025-07-11 15:53:10.901431
LD-305509,2025-12-16 12:22:00,Cold Outreach,Competitive Exam Prep,West Region,Rep_13,1.93,Demo Scheduled,Open,,,
LD-305510,2025-10-30 14:09:00,Organic Search,Coding For Kids,North Region,Rep_01,1.09,Contacted,Open,,,
LD-305511,05/22/2026 08:56,Organic Search,Competitive Exam Prep,South Region,Rep_02,4.91,Contacted,Open,,,
LD-305512,2025-06-04 17:04:00,Social Media,Language Learning,South Region,Rep_07,5.2,Demo Completed,Lost,Went With Competitor,408.89,2025-07-01 00:07:48.148603
LD-305513,21-Jan-2025 19:02,Social Media,Competitive Exam Prep,South Region,Rep_02,1.04,Contacted,Open,,,
LD-305514,2025-01-29 20:48:00,Paid Search,Competitive Exam Prep,North Region,Rep_06,1.19,Lead,Open,,,
LD-305515,10/13/2025 20:15,Webinar,Competitive Exam Prep,East Region,Rep_09,16.52,Contacted,Open,,,
LD-305516,12/10/2025 09:17,Webinar,K-12 Math,North Region,Rep_06,4.12,Contacted,Open,,,
LD-305517,06/09/2025 16:42,Organic Search,Language Learning,South Region,Rep_12,11.9,Lead,Open,,,
LD-305518,24-Mar-2026 15:02,Paid Search,K-12 Math,International,Rep_05,13.96,Lead,Open,,,
LD-305519,2025-06-05 11:03:00,Paid Search,Coding for Kids,South Region,Rep_02,10.58,Lead,Open,,,
LD-305520,04/17/2026 15:24,Webinar,Language Learning,East Region,Rep_14,9.03,Contacted,Open,,,
LD-305521,01/03/2025 14:23,Organic Search,Language Learning,North Region,Rep_11,0.82,Closed,Won,,$357.41,2025-02-08 08:01:46.888318
LD-305522,02/20/2026 16:45,Cold Outreach,Language Learning,North Region,Rep_01,3.02,Lead,Open,,,
LD-305523,09-Apr-2025 07:50,Referral,K-12 Math,North Region,Rep_01,4.13,Contacted,Open,,,
LD-305524,2025-11-07 07:37:00,Referral,K-12 Math,,Rep_12,5.47,Closed,Won,,554.62,2025-12-20 12:47:20.756402
LD-305525,2025-10-02 15:57:00,Organic Search,Competitive Exam Prep,East Region,Rep_04,29.69,Demo Completed,Lost,No Response / Ghosted,"$1,055.05",2025-10-31 17:16:17.074265
LD-305526,30-Apr-2026 15:19,Paid Search,Competitive Exam Prep,South Region,Rep_02,1.86,Lead,Open,,,
LD-305527,10/27/2025 19:39,Referral,Coding for Kids,North Region,Rep_06,3.06,Closed,Won,,604.64,2025-12-05 12:15:20.832364
LD-305528,11/14/2025 19:48,Cold Outreach,Study Abroad Prep,International,Rep_05,11.11,Lead,Open,,,
LD-305529,16-Jan-2025 10:41,organic search,Study Abroad Prep,North Region,Rep_06,5.14,Closed,Won,,"$1,426.72",2025-02-17 23:25:46.219423
LD-305530,22-Sep-2025 19:28,Paid Search,Competitive Exam Prep,South Region,Rep_12,1.69,Lead,Open,,,
LD-305531,2026-05-11 20:09:00,Social Media,K-12 Math,North Region,Rep_01,2.52,Lead,Open,,,
LD-305532,04/01/2026 07:05,Organic Search,Study Abroad Prep,South Region,Rep_02,4.25,Negotiation,Lost,Budget Not Approved,1376.18,2026-05-06 18:58:25.969799
LD-305533,19-Nov-2025 20:04,Referral,Coding for Kids,North Region,Rep_01,2.26,Closed,Won,,$676.22,2025-12-29 08:39:08.516426
LD-305534,09/19/2025 08:46,SEO,Coding for Kids,South Region,Rep_07,6.58,Contacted,Open,,,
LD-305535,15-Mar-2025 10:43,Referral,Study Abroad Prep,South Region,Rep_12,0.88,Contacted,Open,,,
LD-305536,04-Jul-2025 08:59,Organic Search,k-12 math,South Region,Rep_02,5.09,Negotiation,Lost,Went With Competitor,522.53,2025-08-20 23:11:13.700080
LD-305537,12/29/2025 08:18,Referral,Language Learning,South Region,Rep_02,0.49,Contacted,Open,,,
LD-305538,04-Jun-2025 08:31,Webinar,K-12 Math,North Region,Rep_06,1.23,Closed,Won,,$492.26,2025-07-09 16:13:41.100946
LD-305539,03/10/2026 11:24,Cold Outreach,Competitive Exam Prep,East Region,Rep_14,0.9,Lead,Open,,,
LD-305540,01-Jan-2026 08:18,Referral,Language Learning,South Region,Rep_02,4.38,Negotiation,Lost,No Response / Ghosted,362.7,2026-01-27 07:28:07.954317
LD-305541,14-Feb-2025 17:12,Organic Search,Coding for Kids,East Region,Rep_14,1.0,Demo Completed,Lost,Went With Competitor,756.22,2025-03-17 08:39:33.780054
LD-305542,2025-04-29 18:38:00,Referral,Competitive Exam Prep,East Region,Rep_14,4.14,Negotiation,Lost,No Response / Ghosted,907.52,2025-06-09 06:23:03.763684
LD-305543,2026-01-08 14:16:00,Webinar,Competitive Exam Prep,West Region,Rep_08,17.14,Contacted,Open,,,
LD-305544,09-Sep-2025 20:42,Organic Search,k-12 math,International,Rep_05,4.45,Lead,Open,,,
LD-305545,06/06/2025 08:48,Paid Search,Language Learning,South Region,Rep_07,0.58,Contacted,Open,,,
LD-305546,2026-05-08 19:29:00,Cold Outreach,Coding for Kids,West Region,Rep_03,5.18,Contacted,Open,,,
LD-305547,2026-03-13 16:14:00,Cold Outreach,Coding for Kids,International,Rep_05,3.67,Lead,Open,,,
LD-305548,06/26/2025 07:04,Cold Outreach,Coding for Kids,International,Rep_05,2.13,Lead,Open,,,
LD-305549,02-May-2025 07:34,Referral,Language Learning,International,Rep_05,0.49,Contacted,Open,,,
LD-305550,2026-01-22 12:37:00,Organic Search,Study Abroad Prep,South Region,Rep_12,9.46,Demo Completed,Lost,Price Objection,1694.58,2026-02-14 13:38:27.236133
LD-305551,03/09/2026 11:55,Organic Search,Coding For Kids,South Region,Rep_12,1.6,Negotiation,Lost,Budget Not Approved,533.33,2026-04-24 07:06:56.150514
LD-305552,2026-04-24 17:20:00,Webinar,Study Abroad Prep,North Region,Rep_11,1.29,Closed,Won,,"$1,405.08",2026-05-30 07:27:53.874895
LD-305553,02/14/2025 17:03,organic search,K-12 Math,International,Rep_10,3.66,Contacted,Open,,,
LD-305554,2026-02-06 16:04:00,Webinar,Competitive Exam Prep,West Region,Rep_03,18.57,Contacted,Open,,,
LD-305555,16-Jun-2025 12:04,Referral,Competitive Exam Prep,South Region,Rep_12,10.09,Closed,Won,,"$1,010.64",2025-07-30 11:48:41.344795
LD-305556,22-Jun-2026 18:07,Organic Search,Coding for Kids,North Region,Rep_06,2.35,Negotiation,Lost,Bad Timing,698.16,2026-08-11 05:26:26.275894
LD-305557,13-Apr-2025 09:23,Social Media,Competitive Exam Prep,South Region,Rep_12,1.04,Demo Scheduled,Open,,,
LD-305558,2025-09-30 20:40:00,Paid Search,Competitive Exam Prep,West Region,Rep_08,1.25,Contacted,Open,,,
LD-305559,04/24/2026 14:10,Referral,Competitive Exam Prep,North Region,Rep_11,5.84,Demo Scheduled,Open,,,
LD-305560,03/09/2026 10:00,Social Media,coding for kids,International,Rep_15,4.59,Contacted,Open,,,
LD-305561,12-Jul-2025 19:58,Cold Outreach,Competitive Exam Prep,West Region,Rep_03,0.97,Contacted,Open,,,
LD-305562,2025-05-05 09:38:00,Paid Search,Coding for Kids,West Region,Rep_08,0.76,Proposal Sent,Lost,Bad Timing,$661.36,2025-06-21 22:17:39.887027
LD-305563,2025-07-07 15:14:00,Paid Search,Language Learning,North Region,Rep_01,5.61,Proposal Sent,Lost,Bad Timing,355.88,2025-07-27 19:59:59.323968
LD-305564,06/14/2025 20:07,Social Media,Competitive Exam Prep,North Region,Rep_11,3.38,Proposal Sent,Lost,No Response / Ghosted,907.51,2025-07-29 00:17:46.845173
LD-305565,2026-03-21 18:39:00,Webinar,Coding for Kids,West Region,Rep_03,0.41,Contacted,Open,,,
LD-305566,12/05/2025 09:37,SEO,Language Learning,International,Rep_05,4.58,Negotiation,Lost,Price Objection,337.57,2026-01-16 22:19:19.335709
LD-305567,2025-10-22 20:06:00,Referral,Competitive Exam Prep,,Rep_03,1.79,Closed,Won,,823.23,2025-11-26 16:31:43.875560
LD-305568,06/04/2025 09:48,Webinar,K-12 Math,West Region,Rep_03,1.21,Contacted,Open,,,
LD-305569,2025-09-27 19:49:00,Cold-Outreach,K-12 Math,North Region,Rep_01,4.06,Contacted,Open,,,
LD-305570,14-Oct-2025 08:06,Organic Search,K-12 Math,North Region,Rep_01,3.1,Demo Completed,Lost,Price Objection,$487.38,2025-11-17 15:25:18.103366
LD-305571,2025-09-29 13:19:00,Organic Search,k-12 math,West Region,Rep_13,3.63,Proposal Sent,Lost,Bad Timing,474.15,2025-11-01 19:43:47.421126
LD-305572,05/12/2025 16:42,SEO,K-12 Math,South Region,Rep_02,2.14,Closed,Won,,$497.14,2025-06-14 08:34:51.994705
LD-305573,07/18/2025 09:18,Social Media,K12 Math,East Region,Rep_14,1.67,Contacted,Open,,,
LD-305574,06/03/2025 18:03,PPC,Coding for Kids,South Region,Rep_02,7.05,Lead,Open,,,
LD-305575,09-Jan-2025 13:00,Social Media,Coding for Kids,East Region,Rep_14,3.55,Lead,Open,,,
LD-305576,2025-10-06 09:17:00,Organic Search,Coding for Kids,International,Rep_10,5.72,Contacted,Open,,,
LD-305577,18-Aug-2025 09:02,Partner Channel,Coding for Kids,,Rep_14,13.95,Proposal Sent,Lost,Price Objection,704.06,2025-09-25 15:59:08.862810
LD-305578,03-Apr-2026 17:03,Social Media,Study Abroad Prep,West Region,Rep_03,2.78,Negotiation,Lost,Price Objection,1749.51,2026-05-06 15:26:48.138254
LD-305579,27-Apr-2026 20:30,Organic Search,Coding for Kids,South Region,Rep_07,1.63,Negotiation,Lost,Budget Not Approved,763.43,2026-06-04 03:16:56.961165
LD-305580,10-Jan-2025 08:16,Referral,K-12 Math,North Region,Rep_11,4.32,Contacted,Open,,,
LD-305581,2025-03-30 14:48:00,Paid Search,K12 Math,East Region,Rep_04,1.47,Lead,Open,,,
LD-305582,16-Apr-2025 13:06,Partner Channel,K-12  Math,West Region,Rep_08,2.46,Contacted,Open,,,
LD-305583,2025-12-12 07:04:00,Paid Search,Coding For Kids,,Rep_09,15.09,Lead,Open,,,
LD-305584,01/10/2025 07:14,Social Media,Language Learning,South Region,Rep_02,3.36,Contacted,Open,,,
LD-305585,2026-01-03 08:47:00,Webinar,Language Learning,,Rep_11,2.81,Closed,Won,,$400.26,2026-02-14 11:41:57.587301
LD-305586,03-Oct-2025 14:14,Paid Search,Competitive Exam Prep,West Region,Rep_08,3.47,Negotiation,Lost,Went With Competitor,1009.26,2025-11-08 23:11:46.345787
LD-305587,2025-07-01 11:45:00,Organic Search,Language Learning,North Region,Rep_01,20.02,Demo Completed,Lost,Price Objection,314.72,2025-08-09 14:42:18.905087
LD-305588,28-Nov-2025 11:10,Webinar,Competitive Exam Prep,South Region,Rep_02,1.93,Demo Scheduled,Open,,,
LD-305589,05/09/2025 17:50,Social Media,K-12 Math,South Region,Rep_02,0.35,Contacted,Open,,,
LD-305590,20-Feb-2026 17:19,Social Media,Competitive Exam Prep,North Region,Rep_11,2.81,Contacted,Open,,,
LD-305591,05/08/2025 08:21,Referral,Language Learning,South Region,Rep_02,0.31,Closed,Won,,$385.20,2025-06-05 05:07:23.225676
LD-305592,06/24/2026 12:25,Organic Search,Language Learning,West Region,Rep_08,0.52,Demo Completed,Lost,Went With Competitor,306.95,2026-08-02 05:20:38.676540
LD-305593,02/15/2026 17:59,Social Media,K-12 Math,South Region,Rep_07,7.92,Contacted,Open,,,
LD-305594,01/24/2025 12:29,Webinar,K-12 Math,North Region,Rep_01,2.81,Contacted,Open,,,
LD-305595,2026-03-24 10:08:00,Cold Outreach,Coding for Kids,South Region,Rep_02,1.42,Demo Scheduled,Open,,,
LD-305596,01/20/2025 13:37,Referral,Study Abroad Prep,North Region,Rep_11,1.0,Negotiation,Lost,Went With Competitor,"$1,288.20",2025-03-15 00:14:46.619271
LD-305597,02/21/2025 07:22,Organic Search,Competitive Exam Prep,South Region,Rep_02,6.45,Negotiation,Lost,Price Objection,1184.48,2025-04-07 19:05:25.417044
LD-305598,2025-11-07 10:34:00,Webinar,Language Learning,West Region,Rep_03,5.85,Negotiation,Lost,Went With Competitor,372.21,2025-12-29 16:48:43.174885
LD-305599,2025-01-03 17:57:00,Paid Search,Language Learning,East Region,Rep_09,1.8,Contacted,Open,,,
LD-305600,2026-05-15 19:27:00,Referral,K-12 Math,East Region,Rep_14,4.98,Contacted,Open,,,
LD-305601,2026-05-13 16:09:00,Paid Search,K-12 Math,,Rep_06,1.05,Lead,Open,,,
LD-305602,01/12/2025 10:58,Organic Search,Coding for Kids,North Region,Rep_01,5.69,Contacted,Open,,,
LD-305603,2026-06-11 17:55:00,Social Media,Competitive Exam Prep,West Region,Rep_03,1.14,Negotiation,Lost,No Response / Ghosted,"$1,040.98",2026-07-29 22:00:03.531653
LD-305604,11-Mar-2025 07:52,Cold Outreach,Competitive Exam Prep,West Region,Rep_08,9.81,Demo Completed,Lost,Price Objection,808.26,2025-04-20 23:23:53.274298
LD-305605,23-Oct-2025 14:41,Partner Channel,Language Learning,South Region,Rep_12,1.88,Contacted,Open,,,
LD-305606,12-Aug-2025 08:04,Organic Search,CODING FOR KIDS,North Region,Rep_11,7.66,Closed,Won,,710.18,2025-09-24 22:31:01.463072
LD-305607,23-Jun-2026 12:48,Social Media,Language Learning,North Region,Rep_01,7.33,Contacted,Open,,,
LD-305608,06/06/2025 13:06,Social Media,Language Learning,North Region,Rep_11,1.27,Contacted,Open,,,
LD-305609,2025-11-27 08:00:00,Webinar,Competitive Exam Prep,International,Rep_15,0.82,Closed,Won,,"$1,025.14",2025-12-29 21:06:32.033363
LD-305610,01/13/2025 10:55,Referral,Study Abroad Prep,East Region,Rep_14,3.1,Contacted,Open,,,
LD-305611,10/17/2025 10:22,Social,Coding for Kids,South Region,Rep_02,11.68,Contacted,Open,,,
LD-305612,2025-01-17 11:06:00,Referral,Coding for Kids,International,Rep_15,2.18,Closed,Won,,$769.53,2025-03-08 04:05:50.216810
LD-305613,11-Feb-2026 11:24,Organic Search,K-12 Math,,Rep_01,2.18,Contacted,Open,,,
LD-305614,09-Jul-2025 19:48,Paid Search,Competitive Exam Prep,South Region,Rep_02,7.42,Demo Completed,Lost,No Response / Ghosted,1142.72,2025-08-11 15:19:27.070843
LD-305615,10/21/2025 12:40,social media,coding for kids,West Region,Rep_13,9.88,Negotiation,Lost,Went With Competitor,763.62,2025-11-21 17:45:05.696507
LD-305616,10-Sep-2025 09:19,Paid Search,Competitive Exam Prep,West Region,Rep_13,0.63,Closed,Won,,931.44,2025-10-17 08:23:15.017663
LD-305617,31-Oct-2025 20:51,Organic Search,K-12 Math,East Region,Rep_14,3.25,Contacted,Open,,,
LD-305618,12-Aug-2025 13:22,Webinar,Language Learning,North Region,Rep_11,10.81,Negotiation,Lost,Went With Competitor,310.28,2025-10-05 14:20:17.380079
LD-305619,07-Jul-2025 19:24,Referral,Coding for Kids,International,Rep_10,5.64,Demo Completed,Lost,Price Objection,624.55,2025-08-09 02:03:09.657531
LD-305620,2026-06-03 08:56:00,Organic Search,Coding for Kids,West Region,Rep_08,3.03,Closed,Won,,629.67,2026-07-01 07:23:52.183174
LD-305621,2026-01-02 17:54:00,Referral,Study Abroad Prep,South Region,Rep_12,8.08,Closed,Won,,1619.21,2026-02-07 18:51:54.403608
LD-305622,05/22/2026 14:12,Referral,k-12 math,South Region,Rep_12,2.34,Contacted,Open,,,
LD-305623,03-Jul-2025 17:04,Organic search,Language Learning,East Region,Rep_09,3.15,Contacted,Open,,,
LD-305624,2025-06-12 08:29:00,Paid Search,Language Learning,West Region,Rep_03,2.03,Lead,Open,,,
LD-305625,2025-09-11 17:36:00,Organic search,k-12 math,North Region,Rep_06,4.49,Closed,Won,,457.24,2025-10-20 21:07:39.088388
LD-305626,02/25/2025 13:30,Referral,CODING FOR KIDS,East Region,Rep_14,1.59,Contacted,Open,,,
LD-305627,04/16/2026 08:16,Webinar,Language Learning,East Region,Rep_04,3.46,Lead,Open,,,
LD-305628,07/24/2025 13:16,Paid Search,Competitive Exam Prep,International,Rep_15,13.74,Contacted,Open,,,
LD-305629,03/01/2025 20:41,Partner Channel,Competitive Exam Prep,West Region,Rep_08,18.85,Closed,Won,,873.87,2025-04-03 19:04:36.349703
LD-305630,31-Oct-2025 20:42,Organic Search,Competitive Exam Prep,South Region,Rep_07,5.69,Demo Completed,Lost,Budget Not Approved,941.0,2025-12-01 15:19:59.062163
LD-305631,10-Jan-2025 07:32,Organic Search,K-12 Math,East Region,Rep_04,5.95,Contacted,Open,,,
LD-305632,25-Feb-2026 20:56,Organic Search,CODING FOR KIDS,South Region,Rep_12,7.93,Proposal Sent,Lost,Bad Timing,$672.43,2026-04-12 00:15:54.340277
LD-305633,2026-04-14 14:49:00,Organic Search,Language Learning,South Region,Rep_07,0.6,Closed,Won,,409.03,2026-06-03 22:35:55.900359
LD-305634,2025-10-16 09:48:00,organic search,Competitive Exam Prep,East Region,Rep_14,30.32,Contacted,Open,,,
LD-305635,08/17/2025 12:30,Social Media,Competitive Exam Prep,North Region,Rep_11,2.23,Lead,Open,,,
LD-305636,24-Jan-2026 11:45,Social Media,Competitive Exam Prep,North Region,Rep_01,5.17,Lead,Open,,,
LD-305637,2026-03-12 16:11:00,Referral,Language Learning,North Region,Rep_01,2.36,Contacted,Open,,,
LD-305638,09/06/2025 09:14,Social Media,Competitive Exam Prep,East Region,Rep_14,15.66,Contacted,Open,,,
LD-305639,04/29/2026 09:48,Organic Search,coding for kids,West Region,Rep_13,3.69,Lead,Open,,,
LD-305640,10-Oct-2025 18:11,Webinar,K12 Math,West Region,Rep_03,0.29,Contacted,Open,,,
LD-305641,17-Sep-2025 19:15,Referral,K-12 Math,West Region,Rep_08,1.65,Closed,Won,,$499.11,2025-10-30 10:57:13.034171
LD-305642,2026-03-27 07:40:00,Organic Search,Language Learning,West Region,Rep_13,4.23,Contacted,Open,,,
LD-305643,2025-09-05 09:42:00,Referral,Coding for Kids,South Region,Rep_07,3.8,Contacted,Open,,,
LD-305644,23-Feb-2026 12:00,Social Media,K-12 Math,South Region,Rep_07,0.5,Proposal Sent,Lost,No Response / Ghosted,560.22,2026-03-19 07:43:56.854349
LD-305645,2025-01-24 09:11:00,Cold Outreach,K-12 Math,South Region,Rep_12,7.24,Contacted,Open,,,
LD-305646,07/24/2025 17:22,Partner Channel,K-12 Math,South Region,Rep_07,8.78,Negotiation,Lost,Bad Timing,463.86,2025-09-13 18:19:07.653987
LD-305647,31-Oct-2025 18:14,Cold Outreach,K-12 Math,North Region,Rep_01,1.38,Demo Scheduled,Open,,,
LD-305648,08/14/2025 20:41,PPC,K-12 Math,East Region,Rep_14,-4.95,Contacted,Open,,,
LD-305649,28-Nov-2025 19:04,Webinar,Language Learning,South Region,Rep_02,-7.57,Negotiation,Lost,No Response / Ghosted,$418.59,2026-01-23 07:47:31.054549
LD-305650,2025-03-05 12:25:00,Organic Search,K-12 Math,West Region,Rep_13,2.78,Contacted,Open,,,
LD-305651,09-Jun-2026 20:16,organic search,K-12 Math,South Region,Rep_02,3.1,Contacted,Open,,,
LD-305652,02-Jun-2026 12:31,Paid Search,Competitive Exam Prep,South Region,Rep_12,2.86,Contacted,Open,,,
LD-305653,01/17/2025 14:25,Webinar,Coding for Kids,,Rep_01,4.09,Closed,Won,,$538.60,2025-02-28 18:40:47.665275
LD-305654,2025-10-13 14:40:00,Organic Search,Coding for Kids,West Region,Rep_03,4.75,Contacted,Open,,,
LD-305655,09-May-2026 09:33,SOCIAL MEDIA,Study Abroad Prep,East Region,Rep_14,2.53,Contacted,Open,,,
LD-305656,2025-06-04 20:46:00,Social Media,Language Learning,,Rep_02,1.51,Demo Completed,Lost,Bad Timing,$388.26,2025-06-27 23:57:49.398685
LD-305657,04/11/2026 08:07,Social Media,K-12 Math,North Region,Rep_11,6.18,Contacted,Open,,,
LD-305658,15-Mar-2026 11:27,Referral,Study Abroad Prep,East Region,Rep_04,0.78,Closed,Won,,1572.56,2026-05-02 08:03:06.534443
LD-305659,2025-10-15 09:58:00,Partner Channel,Coding for Kids,West Region,Rep_08,2.91,Contacted,Open,,,
LD-305660,2026-04-06 13:40:00,cold outreach,K-12 Math,,Rep_10,18.4,Lead,Open,,,
LD-305661,03-Apr-2026 16:56,Social Media,Competitive Exam Prep,North Region,Rep_11,10.71,Closed,Won,,$933.63,2026-05-19 19:32:10.307001
LD-305662,01/13/2026 15:46,Organic Search,Competitive Exam Prep,East Region,Rep_04,0.41,Contacted,Open,,,
LD-305663,2025-10-29 14:52:00,Partner Channel,Competitive Exam Prep,South Region,Rep_02,1.65,Proposal Sent,Lost,Went With Competitor,1056.43,2025-12-03 01:34:14.088085
LD-305664,03/25/2025 11:58,Paid Search,Coding for Kids,West Region,Rep_03,7.76,Contacted,Open,,,
LD-305665,06/01/2026 13:40,Organic Search,Competitive Exam Prep,South Region,Rep_07,4.26,Negotiation,Lost,No Response / Ghosted,"$1,100.87",2026-07-07 20:43:50.499438
LD-305666,2026-05-27 09:15:00,Social Media,Study Abroad Prep,South Region,Rep_02,1.67,Contacted,Open,,,
LD-305667,10-Mar-2025 20:34,Referral,Language Learning,North Region,Rep_11,2.62,Demo Completed,Lost,Bad Timing,318.63,2025-03-26 03:05:52.425822
LD-305668,2025-12-17 15:26:00,Partner Channel,K-12 Math,West Region,Rep_13,3.89,Contacted,Open,,,
LD-305669,2026-01-08 18:01:00,Organic Search,Coding for Kids,South Region,Rep_02,2.44,Contacted,Open,,,
LD-305670,2025-04-02 12:06:00,Organic Search,CODING FOR KIDS,South Region,Rep_07,1.31,Negotiation,Lost,Bad Timing,$711.84,2025-05-12 17:27:51.155173
LD-305671,06/11/2025 11:46,Partner Channel,Competitive Exam Prep,West Region,Rep_08,12.96,Contacted,Open,,,
LD-305672,05/20/2025 13:51,Social Media,Study Abroad Prep,South Region,Rep_12,1.94,Demo Completed,Lost,No Response / Ghosted,1502.19,2025-06-15 23:47:09.003062
LD-305673,06/16/2025 10:16,social media,Study Abroad Prep,North Region,Rep_06,0.6,Contacted,Open,,,
LD-305674,2025-01-01 09:17:00,social media,coding for kids,North Region,Rep_11,3.78,Contacted,Open,,,
LD-305675,06/01/2025 08:15,Webinar,Competitive Exam Prep,West Region,Rep_13,3.67,Contacted,Open,,,
LD-305676,19-Sep-2025 13:03,Referral,Language Learning,West Region,Rep_08,0.84,Contacted,Open,,,
LD-305677,2026-02-28 11:15:00,Organic Search,K-12 Math,East Region,Rep_04,7.1,Lead,Open,,,
LD-305678,11/27/2025 14:47,Partner Channel,Language Learning,West Region,Rep_13,16.76,Negotiation,Lost,Price Objection,363.47,2026-01-24 05:22:52.817008
LD-305679,18-Jul-2025 14:08,Organic Search,Language Learning,West Region,Rep_13,1.76,Demo Scheduled,Open,,,
LD-305680,24-Jan-2025 10:34,Paid Search,Competitive Exam Prep,South Region,Rep_07,0.51,Contacted,Open,,,
LD-305681,2026-04-24 20:35:00,Cold Outreach,Language Learning,West Region,Rep_03,3.06,Lead,Open,,,
LD-305682,12/09/2025 10:58,Paid Search,Competitive Exam Prep,North Region,Rep_11,0.42,Proposal Sent,Lost,Went With Competitor,1040.3,2026-01-18 02:18:24.785103
LD-305683,24-Apr-2025 10:17,Webinar,Language Learning,West Region,Rep_03,3.65,Negotiation,Lost,Went With Competitor,353.2,2025-06-07 13:29:11.317432
LD-305684,01-Jun-2026 13:19,Paid Search,Competitive Exam Prep,West Region,Rep_13,4.14,Contacted,Open,,,
LD-305685,22-Aug-2025 14:12,Paid Search,k-12 math,West Region,Rep_08,6.15,Proposal Sent,Lost,No Response / Ghosted,540.83,2025-09-26 19:14:02.724307
LD-305686,2025-01-17 14:38:00,Paid  Search,Study Abroad Prep,West Region,Rep_03,2.6,Contacted,Open,,,
LD-305687,26-Sep-2025 11:52,Organic Search,Language Learning,International,Rep_05,0.78,Contacted,Open,,,
LD-305688,2025-11-30 20:15:00,Referral,Language Learning,East Region,Rep_09,0.25,Contacted,Open,,,
LD-305689,08/18/2025 16:28,Organic Search,Coding For Kids,South Region,Rep_07,3.17,Negotiation,Lost,No Response / Ghosted,604.04,2025-10-14 06:38:32.230216
LD-305690,02/27/2026 14:28,Organic Search,Competitive Exam Prep,East Region,Rep_04,11.26,Lead,Open,,,
LD-305691,2025-05-08 10:20:00,Social Media,Competitive Exam Prep,South Region,Rep_07,1.44,Negotiation,Lost,No Response / Ghosted,865.82,2025-06-23 01:48:57.516545
LD-305692,06-May-2026 14:06,Webinar,Coding for Kids,South Region,Rep_02,1.09,Contacted,Open,,,
LD-305693,2026-04-24 12:38:00,organic search,Language Learning,South Region,Rep_07,1.95,Closed,Won,,$371.54,2026-05-28 20:21:28.516764
LD-305694,21-Apr-2026 10:53,Organic Search,Coding for Kids,West Region,Rep_08,3.53,Closed,Won,,728.53,2026-06-11 06:56:06.625331
LD-305695,06/25/2026 19:25,Organic Search,K-12 Math,South Region,Rep_02,2.88,Negotiation,Lost,Bad Timing,582.84,2026-08-04 01:09:15.332290
LD-305696,01-Apr-2025 16:02,Paid Search,Language Learning,West Region,Rep_13,1.62,Negotiation,Lost,No Response / Ghosted,368.84,2025-05-22 15:48:30.278218
LD-305697,10-Dec-2025 13:04,Organic Search,K-12 Math,International,Rep_10,1.36,Contacted,Open,,,
LD-305698,2025-01-29 11:08:00,Referral,K-12 Math,North Region,Rep_01,4.49,Contacted,Open,,,
LD-305699,2025-01-10 19:34:00,Paid Search,Competitive Exam Prep,West Region,Rep_13,4.81,Contacted,Open,,,
LD-305700,07-Feb-2026 07:30,Webinar,K-12 Math,South Region,Rep_12,1.77,Contacted,Open,,,
LD-305701,27-Jan-2025 10:31,Partner Channel,Competitive Exam Prep,West Region,Rep_13,2.76,Closed,Won,,1040.26,2025-03-08 11:08:55.574051
LD-305702,2025-07-30 11:21:00,paid search,Competitive Exam Prep,East Region,Rep_04,4.78,Contacted,Open,,,
LD-305703,2025-09-15 17:09:00,Cold Outreach,Competitive Exam Prep,South Region,Rep_02,3.82,Lead,Open,,,
LD-305704,03/30/2025 20:18,Webinar,Competitive Exam Prep,North Region,Rep_06,3.13,Negotiation,Lost,Bad Timing,$941.99,2025-05-17 16:06:59.448069
LD-305705,05/05/2026 11:10,Organic Search,Language Learning,North Region,Rep_11,4.61,Demo Completed,Lost,Price Objection,325.45,2026-06-04 00:34:16.602040
LD-305706,01/22/2026 14:24,Webinar,Coding For Kids,East Region,Rep_04,3.1,Proposal Sent,Lost,No Response / Ghosted,633.14,2026-03-07 11:35:45.478799
LD-305707,06/13/2025 10:51,Organic Search,Competitive Exam Prep,East Region,Rep_04,1.61,Negotiation,Lost,No Response / Ghosted,927.83,2025-07-10 04:08:32.973127
LD-305708,12/08/2025 18:26,Paid Search,Competitive Exam Prep,North Region,Rep_11,0.58,Negotiation,Lost,Budget Not Approved,980.91,2026-01-28 08:42:37.110230
LD-305709,03/27/2025 14:05,Organic Search,K-12 Math,North Region,Rep_01,5.58,Negotiation,Lost,Bad Timing,462.92,2025-05-05 20:21:28.515562
LD-305710,27-Jan-2025 08:23,Referral,Competitive Exam Prep,,Rep_07,1.58,Contacted,Open,,,
LD-305711,2026-01-12 12:55:00,Paid Search,Competitive Exam Prep,West Region,Rep_13,1.01,Proposal Sent,Lost,Bad Timing,1154.07,2026-02-15 08:06:07.318715
LD-305712,08/26/2025 11:05,Paid Search,K-12 Math,East Region,Rep_04,1.08,Contacted,Open,,,
LD-305713,2025-10-02 15:19:00,Organic Search,K-12 Math,South Region,Rep_02,1.27,Closed,Won,,$507.36,2025-11-15 12:24:20.205774
LD-305714,02-Mar-2026 09:33,Social Media,K-12 Math,East Region,Rep_09,5.02,Contacted,Open,,,
LD-305715,08/07/2025 19:23,Social Media,Competitive Exam Prep,,Rep_10,2.05,Proposal Sent,Lost,Bad Timing,840.13,2025-09-17 02:11:21.982206
LD-305716,2026-03-13 19:03:00,Organic Search,K-12 Math,,Rep_07,4.33,Contacted,Open,,,
LD-305717,2026-01-02 10:40:00,Partner Channel,K-12 Math,North Region,Rep_11,6.79,Negotiation,Lost,Price Objection,512.77,2026-01-29 22:04:54.565473
LD-305718,03/23/2025 17:25,Referral,Competitive Exam Prep,International,Rep_15,1.81,Demo Scheduled,Open,,,
LD-305719,01/29/2026 10:37,cold outreach,k-12 math,North Region,Rep_06,4.26,Contacted,Open,,,
LD-305720,02/20/2026 07:56,Social Media,Language Learning,South Region,Rep_02,2.07,Negotiation,Lost,Went With Competitor,404.2,2026-03-27 16:49:50.037725
LD-305721,09/22/2025 07:07,Cold Outreach,Competitive Exam Prep,South Region,Rep_07,6.78,Demo Scheduled,Open,,,
LD-305722,2025-11-03 18:17:00,Cold Outreach,Language Learning,North Region,Rep_11,5.05,Contacted,Open,,,
LD-305723,21-Mar-2025 18:21,Cold Outreach,K-12 Math,East Region,Rep_09,5.41,Demo Scheduled,Open,,,
LD-305724,29-May-2026 18:50,Referral,Competitive Exam Prep,North Region,Rep_01,1.76,Contacted,Open,,,
LD-305725,03-Sep-2025 11:52,Referral,Competitive Exam Prep,North Region,Rep_06,1.15,Proposal Sent,Lost,Bad Timing,"$1,154.94",2025-10-14 12:18:34.621308
LD-305726,02-Mar-2026 15:49,Referral,Language Learning,West Region,Rep_03,2.07,Contacted,Open,,,
LD-305727,2026-04-17 14:41:00,SEO,Competitive Exam Prep,South Region,Rep_02,9.82,Contacted,Open,,,
LD-305728,01/31/2025 14:37,Partner Channel,Coding for Kids,South Region,Rep_12,7.09,Contacted,Open,,,
LD-305729,07/08/2025 14:05,Social Media,Coding for Kids,East Region,Rep_09,0.63,Contacted,Open,,,
LD-305730,2025-06-03 12:11:00,Cold Outreach,K-12 Math,West Region,Rep_13,1.44,Lead,Open,,,
LD-305731,20-Feb-2026 20:26,Organic Search,Coding for Kids,South Region,Rep_07,5.24,Contacted,Open,,,
LD-305732,2026-05-04 16:26:00,Social,Competitive Exam Prep,North Region,Rep_11,1.31,Contacted,Open,,,
LD-305733,24-Jun-2025 13:10,Organic Search,K-12 Math,West Region,Rep_08,5.84,Contacted,Open,,,
LD-305734,2025-01-28 18:11:00,Social Media,Study Abroad Prep,South Region,Rep_07,3.42,Contacted,Open,,,
LD-305735,2025-06-27 13:14:00,Paid Search,Coding for Kids,West Region,Rep_03,3.1,Lead,Open,,,
LD-305736,02/27/2025 08:44,Paid Search,Competitive Exam Prep,East Region,Rep_04,1.88,Contacted,Open,,,
LD-305737,26-Aug-2025 07:29,Organic Search,Competitive Exam Prep,South Region,Rep_07,16.58,Contacted,Open,,,
LD-305738,2026-03-04 15:48:00,Referral,Competitive Exam Prep,International,Rep_15,2.46,Closed,Won,,$818.51,2026-04-11 03:24:14.073629
LD-305739,2025-10-22 20:49:00,Referral,K-12 Math,West Region,Rep_08,1.47,Closed,Won,,593.68,2025-12-07 06:05:44.278559
LD-305740,2025-05-30 20:49:00,Organic Search,Study Abroad Prep,,Rep_14,5.85,Contacted,Open,,,
LD-305741,2025-05-01 10:06:00,Paid Search,Coding for Kids,East Region,Rep_14,2.55,Demo Scheduled,Open,,,
LD-305742,12-Dec-2025 10:02,Referral,Competitive Exam Prep,East Region,Rep_14,2.81,Contacted,Open,,,
LD-305743,29-Apr-2025 11:12,Referral,K-12 Math,North Region,Rep_11,2.54,Contacted,Open,,,
LD-305744,2026-03-30 12:51:00,Paid Search,K-12 Math,International,Rep_10,2.38,Contacted,Open,,,
LD-305745,2025-01-03 07:40:00,Referral,Language Learning,North Region,Rep_11,2.45,Contacted,Open,,,
LD-305746,03/10/2026 20:47,Webinar,Coding for Kids,East Region,Rep_04,5.94,Contacted,Open,,,
LD-305747,06/02/2025 13:24,Organic Search,Language Learning,North Region,Rep_11,4.57,Contacted,Open,,,
LD-305748,01/10/2025 20:25,Paid Search,Competitive Exam Prep,North Region,Rep_06,0.98,Lead,Open,,,
LD-305749,18-Dec-2025 20:35,Cold Outreach,Study Abroad Prep,South Region,Rep_02,5.54,Lead,Open,,,
LD-305750,15-Apr-2025 09:45,Partner Channel,Study Abroad Prep,International,Rep_10,7.6,Proposal Sent,Lost,Budget Not Approved,1385.16,2025-06-01 20:27:47.465355
LD-305751,06-May-2025 16:09,Organic Search,Coding for Kids,East Region,Rep_09,2.73,Negotiation,Lost,Price Objection,549.68,2025-06-15 01:29:34.028464
LD-305752,2026-06-05 16:51:00,Paid Search,Competitive Exam Prep,South Region,Rep_07,1.04,Contacted,Open,,,
LD-305753,08/21/2025 17:25,Social Media,Competitive Exam Prep,International,Rep_05,4.05,Lead,Open,,,
LD-305754,24-Jan-2025 15:38,Partner Channel,Study Abroad Prep,West Region,Rep_03,2.43,Contacted,Open,,,
LD-305755,28-Jun-2025 17:12,Social,K-12 Math,International,Rep_15,4.03,Contacted,Open,,,
LD-305756,2025-01-01 16:00:00,Partner Channel,K-12 Math,West Region,Rep_13,9.93,Contacted,Open,,,
LD-305757,2025-08-15 17:49:00,Webinar,Study Abroad Prep,East Region,Rep_14,4.77,Contacted,Open,,,
LD-305758,10-Apr-2026 13:44,Social Media,K-12 Math,West Region,Rep_13,7.5,Lead,Open,,,
LD-305759,02-Jun-2025 07:59,Webinar,K-12 Math,West Region,Rep_13,4.52,Contacted,Open,,,
LD-305760,03/14/2025 08:21,Referral,Language Learning,East Region,Rep_14,6.54,Proposal Sent,Lost,Price Objection,398.41,2025-04-06 21:14:46.589193
LD-305761,11-May-2026 19:46,Paid Search,Study Abroad Prep,West Region,Rep_03,5.55,Lead,Open,,,
LD-305762,03/14/2025 19:47,Organic Search,K-12 Math,South Region,Rep_07,5.96,Negotiation,Lost,Went With Competitor,414.58,2025-04-20 14:31:30.134084
LD-305763,2025-10-29 16:34:00,Organic Search,K-12 Math,East Region,Rep_14,8.5,Negotiation,Lost,Went With Competitor,$513.70,2025-12-11 01:29:08.450550
LD-305764,2025-07-17 18:01:00,Cold Outreach,K-12 Math,South Region,Rep_02,0.26,Lead,Open,,,
LD-305765,03-Apr-2026 18:18,Organic Search,Coding for Kids,South Region,Rep_07,2.28,Closed,Won,,549.03,2026-05-05 13:38:15.593471
LD-305766,27-Jun-2026 13:04,Organic search,Study Abroad Prep,North Region,Rep_11,5.05,Closed,Won,,1425.37,2026-08-14 21:03:44.222440
LD-305767,11-Dec-2025 20:28,Paid Search,Language Learning,,Rep_07,2.03,Contacted,Open,,,
LD-305768,10/23/2025 11:26,Organic Search,Competitive Exam Prep,International,Rep_05,12.22,Contacted,Open,,,
LD-305769,01/13/2025 10:31,Cold Outreach,K-12 Math,South Region,Rep_07,0.85,Contacted,Open,,,
LD-305770,03-Mar-2026 12:09,organic search,K-12 Math,North Region,Rep_11,8.06,Demo Completed,Lost,Price Objection,537.14,2026-04-05 01:02:37.765656
LD-305771,28-Apr-2026 09:04,Webinar,Competitive Exam Prep,West Region,Rep_08,11.17,Negotiation,Lost,Went With Competitor,987.0,2026-06-05 15:50:44.408095
LD-305772,2026-01-30 15:13:00,Paid Search,Language Learning,South Region,Rep_12,2.12,Contacted,Open,,,
LD-305773,2025-10-03 13:07:00,Webinar,Language Learning,West Region,Rep_03,10.46,Negotiation,Lost,No Response / Ghosted,$380.20,2025-11-20 04:44:07.495454
LD-305774,2026-04-02 14:47:00,Paid Search,Competitive Exam Prep,North Region,Rep_01,26.44,Contacted,Open,,,
LD-305775,25-Apr-2025 12:30,Referral,Competitive Exam Prep,,Rep_07,2.32,Proposal Sent,Lost,Bad Timing,1130.56,2025-06-14 00:40:25.796959
LD-305776,2025-06-01 16:29:00,Social Media,Competitive Exam Prep,North Region,Rep_11,0.77,Contacted,Open,,,
LD-305777,2026-06-12 15:33:00,Social Media,Competitive Exam Prep,International,Rep_10,1.58,Contacted,Open,,,
LD-305778,04/08/2025 14:44,Paid Search,Coding for Kids,International,Rep_15,2.34,Contacted,Open,,,
LD-305779,2025-07-23 14:03:00,Referral,Language Learning,East Region,Rep_14,3.31,Contacted,Open,,,
LD-305780,11/12/2025 10:06,Social Media,K-12 Math,South Region,Rep_07,2.35,Contacted,Open,,,
LD-305781,2026-06-21 16:33:00,Paid Search,Study Abroad Prep,East Region,Rep_14,1.67,Contacted,Open,,,
LD-305782,2026-03-26 12:27:00,Organic Search,Language Learning,East Region,Rep_04,14.24,Negotiation,Lost,No Response / Ghosted,322.5,2026-05-18 17:25:04.684076
LD-305783,18-Jul-2025 14:40,Social Media,Coding for Kids,South Region,Rep_02,0.85,Contacted,Open,,,
LD-305784,30-Jan-2025 13:59,Paid Search,Language Learning,South Region,Rep_02,12.22,Contacted,Open,,,
LD-305785,2025-01-28 16:46:00,organic search,Competitive Exam Prep,West Region,Rep_03,2.64,Contacted,Open,,,
LD-305786,04/13/2026 20:15,Referral,Study Abroad Prep,North Region,Rep_11,22.4,Closed,Won,,"$1,230.55",2026-05-26 14:57:17.046855
LD-305787,04/09/2025 10:14,Organic Search,Competitive Exam Prep,South Region,Rep_07,15.66,Contacted,Open,,,
LD-305788,04/04/2025 10:29,Cold Outreach,Competitive Exam Prep,West Region,Rep_08,1.63,Lead,Open,,,
LD-305789,06/27/2025 16:43,Paid Search,Competitive Exam Prep,North Region,Rep_11,1.86,Demo Completed,Lost,No Response / Ghosted,1075.05,2025-07-12 16:53:54.027287
LD-305790,2026-01-15 13:27:00,Referral,Study Abroad Prep,West Region,Rep_13,7.51,Closed,Won,,1423.93,2026-02-28 15:18:59.320823
LD-305791,2025-10-12 18:14:00,Cold Outreach,Coding for Kids,South Region,Rep_12,3.76,Contacted,Open,,,
LD-305792,12-Sep-2025 12:45,Organic Search,Study Abroad Prep,West Region,Rep_08,2.31,Closed,Won,,"$1,551.82",2025-10-22 09:58:53.163025
LD-305793,18-Mar-2025 13:11,Organic Search,K-12 Math,International,Rep_05,1.21,Lead,Open,,,
LD-305794,2025-07-18 16:53:00,Social Media,Competitive Exam Prep,International,Rep_05,2.41,Contacted,Open,,,
LD-305795,04/07/2026 15:16,Cold Outreach,Competitive Exam Prep,North Region,Rep_11,2.55,Lead,Open,,,
LD-305796,04/24/2025 13:49,Organic Search,Study Abroad Prep,North Region,Rep_01,4.9,Lead,Open,,,
LD-305797,02-Nov-2025 13:37,Cold Outreach,K-12 Math,South Region,Rep_07,8.4,Contacted,Open,,,
LD-305798,2026-06-03 16:16:00,Organic Search,Language Learning,South Region,Rep_07,1.14,Closed,Won,,$315.68,2026-07-11 02:39:37.487799
LD-305799,05/16/2025 07:53,Webinar,Competitive Exam Prep,North Region,Rep_06,3.59,Lead,Open,,,
LD-305800,08-Jan-2025 19:16,Organic Search,Coding for Kids,International,Rep_05,1.15,Proposal Sent,Lost,Budget Not Approved,$613.98,2025-02-24 09:11:58.176320
LD-305801,2026-01-28 12:12:00,Partner Channel,K-12 Math,East Region,Rep_09,0.83,Contacted,Open,,,
LD-305802,12-Sep-2025 16:51,SOCIAL MEDIA,K-12 Math,South Region,Rep_02,1.15,Contacted,Open,,,
LD-305803,05/28/2026 11:53,Organic Search,K-12 Math,North Region,Rep_01,9.01,Contacted,Open,,,
LD-305804,2025-10-03 11:41:00,Paid Search,coding for kids,East Region,Rep_04,4.59,Lead,Open,,,
LD-305805,24-Aug-2025 13:17,Webinar,Coding for Kids,West Region,Rep_03,1.41,Negotiation,Lost,Price Objection,711.85,2025-09-27 20:25:58.794992
LD-305806,11/21/2025 10:56,Referral,Coding for Kids,South Region,Rep_07,0.79,Closed,Won,,751.9,2025-12-31 00:57:25.494658
LD-305807,2026-05-27 14:35:00,Referral,K-12 Math,North Region,Rep_01,3.64,Contacted,Open,,,
LD-305808,08-Jan-2026 18:32,Cold Outreach,Language Learning,South Region,Rep_02,4.84,Lead,Open,,,
LD-305809,13-Feb-2026 17:25,Cold-Outreach,Study Abroad Prep,North Region,Rep_11,2.24,Contacted,Open,,,
LD-305810,11-Apr-2026 09:40,Cold Outreach,Coding for Kids,North Region,Rep_01,4.97,Contacted,Open,,,
LD-305811,2025-02-17 20:10:00,Paid Search,Coding for Kids,East Region,Rep_04,4.17,Demo Completed,Lost,Price Objection,553.18,2025-03-08 13:54:35.317414
LD-305812,22-Aug-2025 13:12,Referral,Competitive Exam Prep,South Region,Rep_07,2.67,Demo Completed,Lost,No Response / Ghosted,815.32,2025-09-05 18:08:49.156812
LD-305813,01/06/2026 17:49,Paid Search,Competitive Exam Prep,North Region,Rep_06,1.21,Lead,Open,,,
LD-305814,03/07/2026 19:31,Referral,Language Learning,North Region,Rep_01,1.47,Closed,Won,,$422.05,2026-04-08 16:46:22.213503
LD-305815,22-Apr-2026 14:15,Partner Channel,Competitive Exam Prep,International,Rep_10,0.85,Contacted,Open,,,
LD-305816,15-Aug-2025 14:43,Webinar,Study Abroad Prep,East Region,Rep_09,2.41,Contacted,Open,,,
LD-305817,06/04/2025 07:30,paid search,Study Abroad Prep,International,Rep_15,1.08,Closed,Won,,1519.88,2025-07-17 05:11:29.448083
LD-305818,17-Dec-2025 14:26,Webinar,K-12 Math,East Region,Rep_04,9.9,Proposal Sent,Lost,Price Objection,$586.72,2026-01-31 17:52:17.185479
LD-305819,10-Oct-2025 13:33,PPC,Coding for Kids,International,Rep_15,9.03,Contacted,Open,,,
LD-305820,15-Jun-2026 11:46,Partner Channel,Competitive Exam Prep,South Region,Rep_07,21.32,Contacted,Open,,,
LD-305821,05/20/2025 07:58,Organic Search,Competitive Exam Prep,South Region,Rep_12,1.86,Contacted,Open,,,
LD-305822,2025-04-13 11:21:00,Referral,Language Learning,West Region,Rep_08,2.64,Contacted,Open,,,
LD-305823,12/05/2025 19:31,PPC,Competitive Exam Prep,North Region,Rep_11,2.13,Proposal Sent,Lost,No Response / Ghosted,$916.79,2026-01-14 06:41:03.803275
LD-305824,15-Apr-2025 18:17,Social Media,Competitive Exam Prep,West Region,Rep_13,6.24,Lead,Open,,,
LD-305825,06/05/2026 12:05,Organic Search,Competitive Exam Prep,East Region,Rep_09,0.88,Contacted,Open,,,
LD-305826,2026-05-15 14:26:00,Paid Search,K-12 Math,North Region,Rep_06,1.0,Contacted,Open,,,
LD-305827,17-Apr-2026 13:54,Webinar,K-12  Math,International,Rep_15,1.89,Closed,Won,,416.71,2026-06-05 13:56:34.192890
LD-305828,03-Oct-2025 14:49,Organic Search,K-12 Math,East Region,Rep_04,5.96,Demo Completed,Lost,Budget Not Approved,$434.60,2025-10-24 04:48:56.728698
LD-305829,07/24/2025 07:17,Paid Search,Coding for Kids,North Region,Rep_06,3.97,Contacted,Open,,,
LD-305830,04/15/2026 18:08,Referral,K-12 Math,International,Rep_15,2.41,Contacted,Open,,,
LD-305831,12/24/2025 10:48,Paid Search,K-12 Math,East Region,Rep_14,17.05,Contacted,Open,,,
LD-305832,26-Jun-2026 07:20,Paid Search,Coding for Kids,South Region,Rep_12,14.27,Lead,Open,,,
LD-305833,02-May-2026 10:05,Webinar,Competitive Exam Prep,East Region,Rep_09,5.29,Contacted,Open,,,
LD-305834,18-Feb-2025 07:49,Webinar,Language Learning,North Region,Rep_01,3.62,Closed,Won,,$291.70,2025-03-13 23:12:39.386622
LD-305835,2025-09-02 10:55:00,Social Media,Language Learning,South Region,Rep_02,39.64,Lead,Open,,,
LD-305836,11/14/2025 14:11,Paid  Search,Coding for Kids,West Region,Rep_08,2.63,Lead,Open,,,
LD-305837,03/17/2026 18:02,SEO,Language Learning,North Region,Rep_01,2.19,Negotiation,Lost,No Response / Ghosted,334.98,2026-04-27 08:27:25.006662
LD-305838,25-Apr-2025 12:27,Referral,K-12 Math,South Region,Rep_02,11.22,Contacted,Open,,,
LD-305839,11-Jan-2025 13:09,Referral,Competitive Exam Prep,South Region,Rep_07,3.76,Closed,Won,,$892.85,2025-02-07 02:50:11.929687
LD-305840,20-Feb-2025 19:50,organic search,Study Abroad Prep,North Region,Rep_01,0.53,Closed,Won,,1491.2,2025-03-26 23:05:20.529087
LD-305841,2025-08-08 07:02:00,Social Media,K-12  Math,South Region,Rep_07,1.79,Lead,Open,,,
LD-305842,08/14/2025 13:10,Organic Search,K-12  Math,West Region,Rep_13,3.21,Contacted,Open,,,
LD-305843,18-Feb-2025 19:03,Organic Search,Study Abroad Prep,North Region,Rep_06,2.16,Contacted,Open,,,
LD-305844,2026-02-24 13:36:00,Cold Outreach,Coding for Kids,North Region,Rep_11,1.18,Contacted,Open,,,
LD-305845,08/26/2025 08:11,PPC,K-12 Math,,Rep_10,0.79,Contacted,Open,,,
LD-305846,07-Jan-2026 17:52,Cold Outreach,K-12 Math,West Region,Rep_08,2.66,Contacted,Open,,,
LD-305847,19-Dec-2025 18:44,Social Media,Language Learning,West Region,Rep_03,10.57,Demo Completed,Lost,Price Objection,365.62,2026-02-04 07:20:21.510822
LD-305848,09-Dec-2025 07:43,Paid Search,Study Abroad Prep,West Region,Rep_03,2.25,Contacted,Open,,,
LD-305849,2025-08-01 20:53:00,Paid Search,Study Abroad Prep,International,Rep_10,1.12,Lead,Open,,,
LD-305850,16-Apr-2026 19:57,Webinar,Competitive Exam Prep,North Region,Rep_11,15.08,Lead,Open,,,
LD-305851,12/17/2025 14:47,Paid Search,Study Abroad Prep,South Region,Rep_07,2.23,Demo Completed,Lost,Went With Competitor,1417.33,2026-01-26 02:37:02.359925
LD-305852,05/06/2025 15:02,Organic Search,Language Learning,North Region,Rep_11,4.04,Demo Completed,Lost,No Response / Ghosted,296.25,2025-05-27 09:32:50.024259
LD-305853,2025-08-11 20:04:00,Referral,Language Learning,South Region,Rep_12,3.15,Closed,Won,,$379.49,2025-09-28 06:11:13.057043
LD-305854,03-Jul-2025 14:51,Webinar,Study Abroad Prep,South Region,Rep_07,1.81,Contacted,Open,,,
LD-305855,2026-04-01 17:22:00,Webinar,Competitive Exam Prep,International,Rep_15,1.13,Closed,Won,,"$1,117.09",2026-04-23 08:56:49.597293
LD-305856,02-Apr-2025 17:11,Webinar,Competitive Exam Prep,North Region,Rep_11,3.28,Contacted,Open,,,
LD-305857,2026-04-18 13:20:00,Paid Search,Competitive Exam Prep,West Region,Rep_13,5.22,Lead,Open,,,
LD-305858,11/18/2025 18:49,Paid Search,Language Learning,West Region,Rep_13,11.9,Demo Completed,Lost,Price Objection,390.76,2025-12-08 02:35:31.537701
LD-305859,23-Apr-2025 08:53,Webinar,Coding for Kids,South Region,Rep_07,2.55,Contacted,Open,,,
LD-305860,10-Oct-2025 11:25,Social Media,Language Learning,North Region,Rep_06,3.18,Lead,Open,,,
LD-305861,31-Mar-2025 08:26,Cold Outreach,K-12 Math,West Region,Rep_03,4.98,Lead,Open,,,
LD-305862,2026-04-16 11:54:00,paid search,K-12 Math,West Region,Rep_03,1.91,Demo Completed,Lost,Price Objection,$448.17,2026-05-22 03:23:49.691727
LD-305863,28-Nov-2025 08:23,social media,K-12 Math,East Region,Rep_09,1.21,Contacted,Open,,,
LD-305864,31-Oct-2025 17:13,Partner Channel,Language Learning,North Region,Rep_11,4.04,Demo Completed,Lost,Went With Competitor,366.82,2025-12-07 18:53:32.495052
LD-305865,15-Aug-2025 16:45,Paid Search,Language Learning,International,Rep_15,3.09,Contacted,Open,,,
LD-305866,01-Jun-2026 12:37,SOCIAL MEDIA,Competitive Exam Prep,West Region,Rep_03,5.48,Lead,Open,,,
LD-305867,06/13/2025 16:28,Webinar,K-12 Math,South Region,Rep_02,8.11,Closed,Won,,509.77,2025-07-23 08:38:48.483002
LD-305868,02/22/2026 16:43,Referral,Competitive Exam Prep,North Region,Rep_06,4.61,Closed,Won,,1152.05,2026-03-28 20:16:36.490808
LD-305869,2026-05-11 16:55:00,Partner Channel,Coding for Kids,International,Rep_05,1.87,Demo Completed,Lost,No Response / Ghosted,768.55,2026-06-01 14:21:37.198170
LD-305870,06/19/2026 10:07,Partner Channel,Coding for Kids,West Region,Rep_03,3.06,Contacted,Open,,,
LD-305871,2026-01-23 15:41:00,Organic Search,Study Abroad Prep,,Rep_13,2.86,Closed,Won,,"$1,420.67",2026-03-19 11:42:24.685814
LD-305872,2025-01-17 12:33:00,PPC,Language Learning,South Region,Rep_07,2.78,Demo Scheduled,Open,,,
LD-305873,11/28/2025 16:13,Partner Channel,Language Learning,North Region,Rep_06,8.39,Contacted,Open,,,
LD-305874,01-May-2026 12:42,Social Media,Competitive Exam Prep,International,Rep_05,2.09,Contacted,Open,,,
LD-305875,01/08/2026 19:52,Cold-Outreach,K-12 Math,South Region,Rep_02,18.3,Contacted,Open,,,
LD-305876,12/25/2025 18:57,SEO,Competitive Exam Prep,West Region,Rep_08,1.8,Demo Completed,Lost,Price Objection,$947.16,2026-02-04 09:37:07.137568
LD-305877,2026-03-25 19:46:00,Organic Search,K-12 Math,West Region,Rep_13,5.5,Closed,Won,,554.12,2026-04-30 02:21:07.532153
LD-305878,2025-01-19 19:46:00,Social,Language Learning,International,Rep_10,1.87,Demo Scheduled,Open,,,
LD-305879,27-Mar-2025 16:27,Partner Channel,Language Learning,,Rep_02,0.43,Contacted,Open,,,
LD-305880,05/05/2026 20:59,Paid Search,K-12 Math,East Region,Rep_14,1.82,Lead,Open,,,
LD-305881,2026-04-10 18:28:00,Referral,Coding for Kids,East Region,Rep_09,2.83,Contacted,Open,,,
LD-305882,2026-04-03 14:01:00,Cold Outreach,k-12 math,South Region,Rep_02,2.48,Contacted,Open,,,
LD-305883,12/24/2025 13:35,Webinar,CODING FOR KIDS,East Region,Rep_14,7.57,Contacted,Open,,,
LD-305884,06/19/2026 09:00,Referral,Competitive Exam Prep,,Rep_08,32.68,Closed,Won,,"$1,058.51",2026-07-25 04:41:12.029271
LD-305885,2025-06-13 07:04:00,Paid Search,Coding for Kids,West Region,Rep_08,16.56,Contacted,Open,,,
LD-305886,01/31/2025 12:20,Paid Search,Language Learning,North Region,Rep_01,1.42,Contacted,Open,,,
LD-305887,2026-02-20 14:26:00,Organic Search,Study Abroad Prep,West Region,Rep_03,9.96,Demo Completed,Lost,No Response / Ghosted,"$1,597.72",2026-03-24 22:01:20.244744
LD-305888,14-Jun-2026 20:14,Webinar,Competitive Exam Prep,East Region,Rep_14,2.53,Contacted,Open,,,
LD-305889,12/23/2025 15:15,Partner Channel,K-12 Math,South Region,Rep_12,5.0,Contacted,Open,,,
LD-305890,15-Apr-2025 11:46,Social Media,Competitive Exam Prep,South Region,Rep_07,2.36,Lead,Open,,,
LD-305891,07-Nov-2025 10:47,Partner Channel,Competitive Exam Prep,West Region,Rep_13,7.53,Contacted,Open,,,
LD-305892,05/17/2025 19:52,Referral,Competitive Exam Prep,North Region,Rep_01,5.29,Contacted,Open,,,
LD-305893,05/06/2025 17:53,Social Media,K12 Math,International,Rep_10,5.44,Contacted,Open,,,
LD-305894,17-May-2025 13:42,Referral,Study Abroad Prep,East Region,Rep_09,5.52,Contacted,Open,,,
LD-305895,26-May-2025 10:38,Referral,K-12 Math,South Region,Rep_12,9.32,Closed,Won,,534.03,2025-07-05 19:44:10.317821
LD-305896,11-Feb-2026 20:04,Paid Search,Language Learning,West Region,Rep_13,1.03,Contacted,Open,,,
LD-305897,2026-01-26 13:04:00,Webinar,K-12 Math,West Region,Rep_03,6.9,Negotiation,Lost,Price Objection,593.27,2026-03-14 19:49:26.110612
LD-305898,08/19/2025 07:21,Paid Search,Competitive Exam Prep,West Region,Rep_03,4.16,Lead,Open,,,
LD-305899,03-Apr-2025 17:34,Organic Search,Coding for Kids,South Region,Rep_07,2.36,Contacted,Open,,,
LD-305900,12/13/2025 11:27,Partner Channel,Coding for Kids,South Region,Rep_12,1.42,Contacted,Open,,,
LD-305901,10/24/2025 08:22,Partner Channel,Language Learning,West Region,Rep_08,1.21,Contacted,Open,,,
LD-305902,2025-12-17 09:14:00,Organic search,coding for kids,West Region,Rep_13,6.95,Proposal Sent,Lost,Price Objection,595.44,2026-01-25 19:23:19.210454
LD-305903,2025-11-24 08:35:00,Webinar,Coding for Kids,North Region,Rep_11,3.18,Closed,Won,,534.43,2026-01-11 00:35:56.490504
LD-305904,14-Dec-2025 16:10,Partner Channel,Competitive Exam Prep,South Region,Rep_07,1.05,Closed,Won,,1097.43,2026-01-26 05:00:59.547576
LD-305905,11/10/2025 10:55,Referral,Competitive Exam Prep,International,Rep_10,2.83,Closed,Won,,853.6,2025-12-26 14:39:17.006449
LD-305906,02/14/2026 19:44,Partner Channel,Competitive Exam Prep,North Region,Rep_06,3.14,Contacted,Open,,,
LD-305907,03/28/2025 17:59,Referral,Coding for Kids,International,Rep_15,2.73,Negotiation,Lost,No Response / Ghosted,$686.66,2025-04-23 18:33:44.536488
LD-305908,2026-05-22 11:44:00,Social Media,Study Abroad Prep,,Rep_07,2.53,Contacted,Open,,,
LD-305909,2025-01-10 17:14:00,Organic Search,Competitive Exam Prep,International,Rep_05,7.01,Lead,Open,,,
LD-305910,08/25/2025 17:04,Cold Outreach,K-12 Math,South Region,Rep_02,0.55,Contacted,Open,,,
LD-305911,18-Jul-2025 19:45,Social Media,Competitive Exam Prep,West Region,Rep_13,8.45,Contacted,Open,,,
LD-305912,2026-05-02 12:58:00,Referral,Language Learning,North Region,Rep_01,0.92,Contacted,Open,,,
LD-305913,01/07/2025 20:41,Partner Channel,K-12 Math,South Region,Rep_07,1.09,Lead,Open,,,
LD-305914,02/20/2026 07:36,Organic Search,Competitive Exam Prep,East Region,Rep_09,2.24,Contacted,Open,,,
LD-305915,03-Jan-2025 18:11,Organic Search,Coding for Kids,West Region,Rep_08,1.75,Negotiation,Lost,Went With Competitor,770.2,2025-02-22 06:36:44.128326
LD-305916,05/29/2026 09:47,Organic Search,Study Abroad Prep,North Region,Rep_01,0.53,Contacted,Open,,,
LD-305917,03/04/2026 15:52,Paid Search,K-12 Math,North Region,Rep_11,1.03,Contacted,Open,,,
LD-305918,04/12/2026 09:17,Organic Search,K12 Math,,Rep_09,2.08,Contacted,Open,,,
LD-305919,2026-03-12 14:25:00,Cold Outreach,Language Learning,West Region,Rep_08,4.33,Contacted,Open,,,
LD-305920,01/27/2025 13:42,Social Media,K-12 Math,North Region,Rep_01,7.51,Demo Scheduled,Open,,,
LD-305921,2026-03-09 13:56:00,Organic search,k-12 math,North Region,Rep_06,7.9,Contacted,Open,,,
LD-305922,2025-01-28 20:10:00,Social Media,Language Learning,West Region,Rep_13,4.96,Lead,Open,,,
LD-305923,03-Apr-2026 10:17,cold outreach,Language Learning,North Region,Rep_06,1.49,Lead,Open,,,
LD-305924,2026-04-24 07:42:00,Referral,Study Abroad Prep,West Region,Rep_08,14.28,Closed,Won,,1484.16,2026-05-29 07:00:31.126285
LD-305925,2026-01-14 12:47:00,Referral,Coding for Kids,South Region,Rep_12,0.79,Closed,Won,,$582.70,2026-03-03 13:01:05.637962
LD-305926,02/21/2025 12:52,Webinar,Language Learning,East Region,Rep_04,9.85,Contacted,Open,,,
LD-305927,2025-07-18 08:39:00,Webinar,Language Learning,International,Rep_10,0.82,Contacted,Open,,,
LD-305928,2026-04-05 11:18:00,Referral,Language Learning,North Region,Rep_06,2.35,Proposal Sent,Lost,Bad Timing,322.99,2026-05-05 15:39:30.038470
LD-305929,2025-12-31 16:13:00,Organic Search,Coding for Kids,South Region,Rep_02,13.25,Negotiation,Lost,Price Objection,$529.76,2026-02-20 10:21:34.245722
LD-305930,20-Jan-2026 17:01,Referral,K12 Math,North Region,Rep_06,7.48,Proposal Sent,Lost,Price Objection,496.81,2026-03-08 03:24:27.481730
LD-305931,08/30/2025 15:12,Organic Search,Language Learning,East Region,Rep_09,2.87,Negotiation,Lost,Bad Timing,305.41,2025-10-07 17:44:35.326166
LD-305932,29-May-2025 08:01,Referral,Coding for Kids,West Region,Rep_13,2.4,Contacted,Open,,,
LD-305933,2025-10-28 08:25:00,Organic Search,Coding For Kids,South Region,Rep_07,4.12,Closed,Won,,584.76,2025-12-17 11:15:45.483697
LD-305934,2025-02-24 20:41:00,Organic Search,K-12  Math,South Region,Rep_12,1.99,Negotiation,Lost,Price Objection,577.35,2025-04-11 20:25:06.895479
LD-305935,06-Apr-2026 17:44,Referral,Competitive Exam Prep,East Region,Rep_14,19.44,Contacted,Open,,,
LD-305936,2026-02-20 12:54:00,Paid Search,K-12 Math,South Region,Rep_02,1.44,Lead,Open,,,
LD-305937,09/08/2025 20:09,Social Media,K-12 Math,South Region,Rep_12,16.52,Lead,Open,,,
LD-305938,06/09/2026 10:03,Referral,Coding for Kids,South Region,Rep_07,10.99,Contacted,Open,,,
LD-305939,30-Apr-2025 07:29,Cold Outreach,Competitive Exam Prep,International,Rep_05,2.88,Lead,Open,,,
LD-305940,04/30/2026 11:29,Organic Search,Competitive Exam Prep,International,Rep_15,1.09,Contacted,Open,,,
LD-305941,28-Apr-2025 09:21,Organic Search,Competitive Exam Prep,West Region,Rep_08,1.23,Negotiation,Lost,Budget Not Approved,975.4,2025-06-10 13:53:40.434787
LD-305942,2025-04-16 12:44:00,Social Media,Competitive Exam Prep,North Region,Rep_01,3.6,Demo Completed,Lost,No Response / Ghosted,$914.51,2025-05-15 11:49:45.699854
LD-305943,10/16/2025 11:38,Referral,Competitive Exam Prep,North Region,Rep_01,3.46,Closed,Won,,853.8,2025-11-19 01:58:29.591562
LD-305944,2025-08-14 17:13:00,cold outreach,Competitive Exam Prep,International,Rep_10,0.75,Lead,Open,,,
LD-305945,09-Jun-2025 18:33,Webinar,CODING FOR KIDS,,Rep_11,7.84,Closed,Won,,695.43,2025-07-14 11:18:44.674884
LD-305946,09/06/2025 14:32,Webinar,K-12 Math,West Region,Rep_13,0.52,Closed,Won,,584.74,2025-10-30 14:37:48.901475
LD-305947,26-Dec-2025 11:31,Organic Search,Study Abroad Prep,East Region,Rep_04,2.08,Lead,Open,,,
LD-305948,2025-07-05 09:03:00,Organic Search,K-12 Math,South Region,Rep_07,1.87,Closed,Won,,$576.81,2025-08-02 00:07:37.343013
LD-305949,12-Jun-2026 13:44,Webinar,Competitive Exam Prep,,Rep_12,4.42,Contacted,Open,,,
LD-305950,02/03/2026 17:53,Organic Search,Competitive Exam Prep,West Region,Rep_13,5.83,Closed,Won,,$998.13,2026-03-18 09:27:15.262240
LD-305951,2025-07-11 15:46:00,Partner Channel,K-12 Math,North Region,Rep_11,8.4,Negotiation,Lost,Bad Timing,$458.34,2025-08-16 03:43:19.855348
LD-305952,04/25/2026 18:37,Social Media,Coding for Kids,West Region,Rep_08,6.15,Contacted,Open,,,
LD-305953,28-May-2025 13:43,Paid Search,Coding for Kids,South Region,Rep_12,2.04,Contacted,Open,,,
LD-305954,2025-02-26 09:19:00,Organic Search,Competitive Exam Prep,North Region,Rep_11,3.63,Proposal Sent,Lost,Went With Competitor,900.35,2025-04-09 08:55:43.963202
LD-305955,2025-04-13 19:21:00,Cold Outreach,Competitive Exam Prep,West Region,Rep_03,3.15,Lead,Open,,,
LD-305956,31-Dec-2025 14:14,Webinar,K-12 Math,South Region,Rep_02,6.35,Demo Scheduled,Open,,,
LD-305957,11-May-2025 15:09,Paid Search,K-12 Math,East Region,Rep_14,0.53,Contacted,Open,,,
LD-305958,2026-01-27 07:12:00,Webinar,Competitive Exam Prep,South Region,Rep_12,5.07,Lead,Open,,,
LD-305959,2025-10-15 12:34:00,Webinar,Language Learning,South Region,Rep_07,4.23,Closed,Won,,307.61,2025-11-20 08:25:17.415792
LD-305960,05/04/2026 14:59,Social Media,K-12 Math,West Region,Rep_13,0.64,Lead,Open,,,
LD-305961,01-Aug-2025 19:35,Paid Search,K-12 Math,South Region,Rep_02,4.35,Contacted,Open,,,
LD-305962,2026-04-16 20:02:00,Paid Search,Study Abroad Prep,South Region,Rep_07,0.64,Contacted,Open,,,
LD-305963,16-Feb-2025 19:51,Cold Outreach,Coding for Kids,South Region,Rep_07,3.31,Contacted,Open,,,
LD-305964,12/08/2025 14:09,Referral,Study Abroad Prep,North Region,Rep_11,4.06,Negotiation,Lost,Price Objection,"$1,674.86",2026-02-01 06:31:00.390924
LD-305965,24-Feb-2026 14:59,SEO,Language Learning,South Region,Rep_07,2.21,Contacted,Open,,,
LD-305966,10/24/2025 11:55,Paid Search,Language Learning,South Region,Rep_12,4.52,Demo Completed,Lost,Budget Not Approved,403.0,2025-11-25 13:53:18.860141
LD-305967,31-Jan-2025 16:04,Cold Outreach,Language Learning,East Region,Rep_14,2.64,Lead,Open,,,
LD-305968,2025-04-02 07:35:00,Organic Search,Competitive Exam Prep,South Region,Rep_07,0.52,Proposal Sent,Lost,Bad Timing,1139.73,2025-05-08 15:11:17.181438
LD-305969,01/16/2026 19:21,Paid Search,K-12 Math,South Region,Rep_12,0.67,Negotiation,Lost,Price Objection,596.08,2026-03-05 12:13:49.794177
LD-305970,25-Dec-2025 08:29,social media,Language Learning,West Region,Rep_13,1.86,Contacted,Open,,,
LD-305971,06/17/2026 19:06,Referral,Study Abroad Prep,East Region,Rep_04,3.76,Proposal Sent,Lost,Price Objection,1218.35,2026-07-29 02:45:52.024702
LD-305972,25-Apr-2025 12:31,Social Media,Study Abroad Prep,West Region,Rep_03,15.54,Lead,Open,,,
LD-305973,25-Sep-2025 08:02,Paid Search,k-12 math,South Region,Rep_12,1.39,Closed,Won,,589.73,2025-10-31 05:04:58.652733
LD-305974,2026-02-13 19:41:00,Referral,K-12 Math,East Region,Rep_04,1.89,Closed,Won,,574.04,2026-03-02 11:47:52.113590
LD-305975,2025-06-13 20:42:00,Paid Search,K-12 Math,East Region,Rep_04,0.58,Negotiation,Lost,No Response / Ghosted,486.25,2025-07-16 17:01:43.921077
LD-305976,04/14/2026 14:26,Cold Outreach,Study Abroad Prep,International,Rep_10,1.84,Lead,Open,,,
LD-305977,2025-03-26 14:22:00,Partner Channel,K-12 Math,North Region,Rep_06,0.53,Closed,Won,,527.65,2025-05-10 12:31:35.945140
LD-305978,2026-03-05 18:41:00,Webinar,Coding for Kids,East Region,Rep_04,5.12,Contacted,Open,,,
LD-305979,07/07/2025 11:29,organic search,Language Learning,North Region,Rep_06,0.82,Lead,Open,,,
LD-305980,01/07/2026 12:11,Referral,Language Learning,East Region,Rep_14,4.71,Demo Completed,Lost,Price Objection,$400.20,2026-01-25 13:15:04.217287
LD-305981,05-Mar-2026 12:59,PPC,K-12 Math,South Region,Rep_07,4.28,Contacted,Open,,,
LD-305982,02-May-2025 12:27,cold outreach,Competitive Exam Prep,West Region,Rep_03,5.81,Lead,Open,,,
LD-305983,2026-01-16 10:03:00,Paid Search,Coding for Kids,West Region,Rep_03,2.47,Contacted,Open,,,
LD-305984,03-Jan-2025 15:38,Paid Search,K-12 Math,International,Rep_15,1.45,Demo Scheduled,Open,,,
LD-305985,08/14/2025 09:41,organic search,Study Abroad Prep,South Region,Rep_07,2.94,Closed,Won,,1363.1,2025-09-02 22:08:27.863130
LD-305986,2026-02-20 12:18:00,Paid Search,Coding for Kids,International,Rep_05,2.38,Contacted,Open,,,
LD-305987,2025-04-01 11:12:00,Webinar,K-12 Math,North Region,Rep_11,3.2,Contacted,Open,,,
LD-305988,21-Mar-2026 14:36,Paid Search,K-12 Math,East Region,Rep_04,1.46,Lead,Open,,,
LD-305989,03/07/2025 17:29,Paid Search,CODING FOR KIDS,South Region,Rep_02,4.14,Contacted,Open,,,
LD-305990,03/23/2025 09:27,Referral,K-12 Math,West Region,Rep_03,1.58,Negotiation,Lost,No Response / Ghosted,$525.99,2025-05-11 21:10:23.514503
LD-305991,09/14/2025 16:39,Organic Search,K-12 Math,North Region,Rep_01,8.64,Contacted,Open,,,
LD-305992,2025-09-26 08:49:00,Referral,Competitive Exam Prep,North Region,Rep_06,5.63,Negotiation,Lost,No Response / Ghosted,"$1,136.68",2025-11-17 14:01:32.986140
LD-305993,03-Dec-2025 20:17,Organic Search,Coding for Kids,East Region,Rep_14,7.68,Lead,Open,,,
LD-305994,2026-05-11 13:24:00,Paid Search,Coding for Kids,West Region,Rep_08,8.59,Negotiation,Lost,Price Objection,735.02,2026-06-20 07:50:49.805741
LD-305995,25-Nov-2025 19:03,Webinar,Study Abroad Prep,West Region,Rep_08,0.51,Closed,Won,,1679.41,2025-12-30 12:50:09.315871
LD-305996,2025-02-08 16:41:00,Paid  Search,Language Learning,West Region,Rep_13,1.97,Negotiation,Lost,Bad Timing,401.04,2025-03-28 10:37:00.156985
LD-305997,15-Apr-2026 08:09,SEO,Coding for Kids,South Region,Rep_12,1.83,Contacted,Open,,,
LD-305998,2025-01-13 07:54:00,COLD OUTREACH,K-12 Math,North Region,Rep_06,6.45,Contacted,Open,,,
LD-305999,08/30/2025 16:35,Cold Outreach,K-12 Math,West Region,Rep_08,1.58,Lead,Open,,,
LD-306000,2025-07-07 18:41:00,Partner Channel,Study Abroad Prep,East Region,Rep_09,5.36,Lead,Open,,,
LD-306001,2025-04-27 20:08:00,Referral,K-12 Math,North Region,Rep_01,1.26,Negotiation,Lost,Price Objection,530.18,2025-06-03 07:02:53.234463
LD-306002,05/07/2025 12:33,Paid Search,Language Learning,South Region,Rep_02,16.96,Contacted,Open,,,
LD-306003,2025-04-22 20:55:00,Organic Search,K-12 Math,South Region,Rep_07,4.78,Contacted,Open,,,
LD-306004,21-Feb-2025 13:19,Partner Channel,Competitive Exam Prep,South Region,Rep_02,9.2,Negotiation,Lost,Bad Timing,819.76,2025-04-13 04:23:57.581076
LD-306005,05/09/2025 10:24,Referral,Coding for Kids,,Rep_08,2.57,Contacted,Open,,,
LD-306006,12/12/2025 12:58,PPC,Competitive Exam Prep,North Region,Rep_01,8.58,Proposal Sent,Lost,No Response / Ghosted,"$1,002.78",2026-01-17 00:20:03.465761
LD-306007,08-May-2026 12:50,Social Media,Coding for Kids,North Region,Rep_11,9.82,Demo Completed,Lost,Price Objection,539.07,2026-06-14 14:04:56.617937
LD-306008,15-May-2026 09:41,Paid Search,Competitive Exam Prep,South Region,Rep_02,11.3,Proposal Sent,Lost,Budget Not Approved,$864.80,2026-06-10 11:28:19.827639
LD-306009,06/02/2025 11:26,Paid Search,Study Abroad Prep,East Region,Rep_14,1.29,Contacted,Open,,,
LD-306010,22-Oct-2025 12:09,Referral,Coding for Kids,East Region,Rep_09,1.2,Closed,Won,,$553.15,2025-11-26 19:37:17.386655
LD-306011,2025-05-15 20:22:00,Webinar,coding for kids,,Rep_12,15.75,Proposal Sent,Lost,No Response / Ghosted,761.1,2025-06-26 19:58:41.249186
LD-306012,2026-01-29 12:46:00,Organic Search,Study Abroad Prep,West Region,Rep_13,4.26,Contacted,Open,,,
LD-306013,12-May-2025 09:24,Webinar,Coding for Kids,South Region,Rep_02,2.3,Contacted,Open,,,
LD-306014,2025-09-12 10:52:00,Paid  Search,K12 Math,East Region,Rep_14,4.78,Contacted,Open,,,
LD-306015,2025-04-04 09:56:00,Cold Outreach,K-12 Math,East Region,Rep_09,0.69,Contacted,Open,,,
LD-306016,2025-09-03 18:48:00,Organic Search,Language Learning,North Region,Rep_11,17.09,Negotiation,Lost,Went With Competitor,402.15,2025-11-02 04:45:43.302659
LD-306017,10/19/2025 12:44,Referral,Competitive Exam Prep,,Rep_12,2.8,Contacted,Open,,,
LD-306018,2025-06-25 10:15:00,Referral,Language Learning,East Region,Rep_14,0.41,Contacted,Open,,,
LD-306019,16-Jan-2026 14:18,Paid Search,Coding for Kids,East Region,Rep_04,0.68,Contacted,Open,,,
LD-306020,12/02/2025 10:30,paid search,Competitive Exam Prep,,Rep_01,9.01,Contacted,Open,,,
LD-306021,21-Jul-2025 10:29,Partner Channel,K-12 Math,International,Rep_05,4.78,Demo Scheduled,Open,,,
LD-306022,05-Feb-2026 14:57,Social Media,K-12 Math,West Region,Rep_03,2.78,Lead,Open,,,
LD-306023,17-Apr-2026 13:27,SOCIAL MEDIA,Language Learning,North Region,Rep_06,16.7,Contacted,Open,,,
LD-306024,2026-03-17 12:01:00,Paid Search,Study Abroad Prep,East Region,Rep_04,1.2,Contacted,Open,,,
LD-306025,05/08/2026 11:54,Social Media,K-12 Math,South Region,Rep_12,1.58,Contacted,Open,,,
LD-306026,16-Apr-2025 13:39,PPC,Study Abroad Prep,South Region,Rep_12,4.63,Contacted,Open,,,
LD-306027,2026-05-21 10:57:00,Social Media,Coding for Kids,West Region,Rep_13,2.49,Contacted,Open,,,
LD-306028,2026-01-02 14:45:00,Webinar,Study Abroad Prep,South Region,Rep_02,0.57,Negotiation,Lost,Price Objection,"$1,546.20",2026-02-26 07:05:59.815453
LD-306029,2025-08-11 18:58:00,Referral,Study Abroad Prep,South Region,Rep_12,10.19,Negotiation,Lost,Budget Not Approved,1409.74,2025-09-28 18:29:26.365385
LD-306030,2025-11-10 19:11:00,Paid Search,K-12 Math,West Region,Rep_03,3.24,Contacted,Open,,,
LD-306031,12/05/2025 08:41,Paid Search,K-12 Math,,Rep_11,11.22,Contacted,Open,,,
LD-306032,03/27/2026 15:18,Cold Outreach,Study Abroad Prep,West Region,Rep_13,2.73,Contacted,Open,,,
LD-306033,18-Apr-2025 17:22,Partner Channel,Language Learning,South Region,Rep_07,1.89,Contacted,Open,,,
LD-306034,09/11/2025 07:01,Referral,Study Abroad Prep,East Region,Rep_09,17.24,Closed,Won,,1459.25,2025-10-13 02:16:44.012288
LD-306035,02-Jan-2026 13:35,Organic Search,Competitive Exam Prep,North Region,Rep_11,4.76,Contacted,Open,,,
LD-306036,05/26/2026 16:34,Organic Search,Language Learning,North Region,Rep_11,21.41,Contacted,Open,,,
LD-306037,01-Jul-2025 07:13,Social Media,Language Learning,International,Rep_05,3.05,Demo Completed,Lost,No Response / Ghosted,$377.50,2025-08-09 22:06:53.561757
LD-306038,2025-10-07 07:22:00,Paid Search,Language Learning,North Region,Rep_06,4.06,Lead,Open,,,
LD-306039,08/23/2025 14:08,Webinar,Competitive Exam Prep,West Region,Rep_08,9.5,Contacted,Open,,,
LD-306040,07-Nov-2025 07:25,Referral,Competitive Exam Prep,North Region,Rep_01,2.13,Demo Scheduled,Open,,,
LD-306041,11/07/2025 09:43,Organic Search,Competitive Exam Prep,,Rep_04,14.58,Lead,Open,,,
LD-306042,29-Jan-2025 17:56,Organic Search,Study Abroad Prep,West Region,Rep_03,3.66,Negotiation,Lost,Bad Timing,1294.92,2025-03-14 08:38:40.152857
LD-306043,2025-05-16 13:36:00,Social Media,Competitive Exam Prep,West Region,Rep_03,0.43,Lead,Open,,,
LD-306044,06-Jun-2025 10:13,Partner Channel,CODING FOR KIDS,South Region,Rep_02,0.96,Contacted,Open,,,
LD-306045,08/04/2025 10:26,organic search,Coding for Kids,West Region,Rep_08,2.89,Contacted,Open,,,
LD-306046,19-Jul-2025 08:52,Partner Channel,Language Learning,,Rep_14,8.37,Closed,Won,,399.66,2025-08-21 02:32:33.824899
LD-306047,05/30/2026 20:54,Referral,Competitive Exam Prep,West Region,Rep_13,1.06,Proposal Sent,Lost,Price Objection,"$1,156.01",2026-07-23 16:05:29.716221
LD-306048,06-Mar-2026 14:44,Partner Channel,Language Learning,North Region,Rep_01,9.72,Contacted,Open,,,
LD-306049,09/10/2025 13:47,Social Media,K-12 Math,South Region,Rep_07,2.03,Contacted,Open,,,
LD-306050,06/06/2025 16:36,Partner Channel,Competitive Exam Prep,North Region,Rep_06,4.13,Closed,Won,,$872.98,2025-07-20 15:34:12.928990
LD-306051,2025-09-16 08:12:00,Paid  Search,Language Learning,South Region,Rep_02,1.03,Contacted,Open,,,
LD-306052,2025-01-10 15:02:00,Webinar,K-12 Math,North Region,Rep_06,0.43,Contacted,Open,,,
LD-306053,2025-12-12 11:46:00,Cold Outreach,Language Learning,North Region,Rep_11,0.34,Demo Scheduled,Open,,,
LD-306054,04/03/2025 16:42,Paid Search,K-12 Math,North Region,Rep_06,0.38,Demo Scheduled,Open,,,
LD-306055,13-May-2026 14:01,Social Media,Study Abroad Prep,East Region,Rep_09,3.34,Contacted,Open,,,
LD-306056,03/31/2025 11:36,Social Media,Language Learning,South Region,Rep_12,4.1,Lead,Open,,,
LD-306057,2025-04-30 13:55:00,Cold Outreach,Competitive Exam Prep,,Rep_01,1.14,Lead,Open,,,
LD-306058,2025-12-05 07:18:00,Organic Search,K-12 Math,North Region,Rep_01,9.15,Contacted,Open,,,
LD-306059,11/21/2025 16:56,Organic Search,K-12  Math,North Region,Rep_01,7.95,Demo Completed,Lost,Price Objection,$455.51,2025-12-26 05:03:41.909147
LD-306060,06/19/2026 12:10,Organic Search,Language Learning,West Region,Rep_08,0.88,Closed,Won,,$299.07,2026-08-17 09:05:01.875245
LD-306061,03/01/2025 15:26,Referral,K12 Math,South Region,Rep_02,0.69,Closed,Won,,$489.51,2025-04-05 12:58:14.110343
LD-306062,2025-11-14 18:46:00,Referral,K-12 Math,West Region,Rep_08,9.83,Closed,Won,,480.05,2026-01-09 05:08:06.439310
LD-306063,18-Oct-2025 18:31,Paid Search,K-12 Math,West Region,Rep_08,10.11,Closed,Won,,$482.81,2025-11-07 13:52:13.415935
LD-306064,2025-12-05 16:50:00,Organic Search,Language Learning,International,Rep_15,2.52,Demo Completed,Lost,No Response / Ghosted,$325.61,2026-01-06 11:23:43.528591
LD-306065,02/28/2025 16:40,Webinar,Language Learning,South Region,Rep_02,3.89,Closed,Won,,378.32,2025-04-15 01:05:26.309636
LD-306066,2025-11-23 07:07:00,Cold Outreach,Competitive Exam Prep,East Region,Rep_09,5.07,Lead,Open,,,
LD-306067,02/24/2026 18:55,Organic Search,K-12 Math,South Region,Rep_02,3.78,Closed,Won,,$482.00,2026-04-06 16:22:14.543682
LD-306068,01/03/2025 09:08,Paid Search,Competitive Exam Prep,North Region,Rep_11,0.64,Contacted,Open,,,
LD-306069,2025-11-26 17:07:00,SEO,Coding for Kids,South Region,Rep_02,2.23,Contacted,Open,,,
LD-306070,2025-01-13 20:55:00,Organic Search,Coding for Kids,South Region,Rep_07,1.35,Closed,Won,,$597.87,2025-03-02 10:27:44.699310
LD-306071,12-Sep-2025 20:00,Paid Search,Language Learning,International,Rep_05,1.27,Contacted,Open,,,
LD-306072,25-Nov-2025 14:15,Organic Search,Study Abroad Prep,West Region,Rep_13,15.94,Negotiation,Lost,Price Objection,1446.17,2025-12-28 02:14:25.339116
LD-306073,20-Jan-2025 10:02,SOCIAL MEDIA,Coding for Kids,South Region,Rep_07,4.77,Contacted,Open,,,
LD-306074,2026-04-25 15:43:00,Paid Search,Study Abroad Prep,North Region,Rep_01,1.08,Contacted,Open,,,
LD-306075,2025-08-31 08:26:00,Cold Outreach,Language Learning,North Region,Rep_06,1.23,Contacted,Open,,,
LD-306076,15-Jul-2025 17:37,Organic Search,K-12  Math,North Region,Rep_11,4.26,Contacted,Open,,,
LD-306077,11/29/2025 15:19,Organic Search,Competitive Exam Prep,,Rep_02,4.46,Closed,Won,,$934.43,2025-12-23 13:58:58.199884
LD-306078,29-Jun-2025 07:47,Cold Outreach,Competitive Exam Prep,South Region,Rep_02,0.94,Lead,Open,,,
LD-306079,2026-04-03 15:17:00,SEO,Competitive Exam Prep,South Region,Rep_07,3.06,Proposal Sent,Lost,Bad Timing,1180.57,2026-05-17 17:46:01.565942
LD-306080,2025-02-04 10:22:00,Webinar,Language Learning,East Region,Rep_14,20.82,Proposal Sent,Lost,No Response / Ghosted,$357.53,2025-03-07 07:23:01.475051
LD-306081,28-Aug-2025 18:59,Webinar,Study Abroad Prep,North Region,Rep_01,2.63,Closed,Won,,1373.97,2025-09-27 16:36:13.528237
LD-306082,2025-08-05 18:13:00,Organic Search,K-12 Math,West Region,Rep_08,2.92,Closed,Won,,431.37,2025-09-09 02:27:38.140016
LD-306083,2026-01-31 16:46:00,Cold Outreach,K-12 Math,South Region,Rep_02,1.48,Lead,Open,,,
LD-306084,21-Oct-2025 18:00,Partner Channel,Coding for Kids,South Region,Rep_02,12.04,Demo Completed,Lost,Price Objection,590.98,2025-11-17 23:36:49.394934
LD-306085,2025-07-04 07:50:00,Organic Search,Language Learning,West Region,Rep_08,8.86,Contacted,Open,,,
LD-306086,2025-12-29 20:04:00,Referral,Competitive Exam Prep,West Region,Rep_03,0.96,Closed,Won,,1148.98,2026-02-13 02:51:27.569239
LD-306087,19-Aug-2025 14:20,SEO,Competitive Exam Prep,West Region,Rep_13,1.03,Demo Scheduled,Open,,,
LD-306088,2026-04-17 07:02:00,Paid Search,K-12 Math,East Region,Rep_09,6.82,Contacted,Open,,,
LD-306089,07/10/2025 08:59,Referral,Coding for Kids,International,Rep_15,5.36,Contacted,Open,,,
LD-306090,04/17/2026 12:20,Organic Search,Competitive Exam Prep,West Region,Rep_13,7.66,Contacted,Open,,,
LD-306091,02-Oct-2025 12:55,Webinar,K-12 Math,East Region,Rep_04,3.78,Contacted,Open,,,
LD-306092,23-May-2025 09:59,Cold Outreach,CODING FOR KIDS,West Region,Rep_08,0.7,Contacted,Open,,,
LD-306093,08/03/2025 14:11,Referral,Language Learning,North Region,Rep_11,2.37,Closed,Won,,298.4,2025-09-02 05:42:44.953244
LD-306094,03/12/2026 17:39,Organic Search,K-12 Math,South Region,Rep_02,1.5,Demo Completed,Lost,Went With Competitor,$572.81,2026-04-18 15:04:16.115036
LD-306095,2026-03-21 09:20:00,Referral,Competitive Exam Prep,South Region,Rep_07,8.97,Closed,Won,,818.12,2026-05-16 03:54:05.355905
LD-306096,17-Oct-2025 17:00,Social Media,K-12 Math,South Region,Rep_07,0.56,Contacted,Open,,,
LD-306097,06/04/2026 07:43,Social Media,Language Learning,West Region,Rep_03,6.82,Proposal Sent,Lost,Went With Competitor,$422.07,2026-07-17 22:27:00.114319
LD-306098,10/06/2025 16:01,Paid Search,Coding for Kids,South Region,Rep_12,6.95,Lead,Open,,,
LD-306099,2025-02-20 16:12:00,Social Media,K12 Math,West Region,Rep_03,8.87,Contacted,Open,,,
LD-306100,25-Jul-2025 20:54,Social Media,Coding for Kids,West Region,Rep_13,3.93,Contacted,Open,,,
LD-306101,02/18/2025 17:21,Webinar,Competitive Exam Prep,West Region,Rep_08,1.87,Closed,Won,,"$1,145.85",2025-03-27 02:27:16.110492
LD-306102,2025-08-29 14:52:00,Paid Search,Competitive Exam Prep,East Region,Rep_04,4.55,Negotiation,Lost,Budget Not Approved,"$1,052.98",2025-10-29 03:37:40.904584
LD-306103,2026-05-01 15:01:00,Organic Search,K-12 Math,North Region,Rep_01,3.21,Negotiation,Lost,Went With Competitor,580.26,2026-06-17 22:56:59.227372
LD-306104,09-Feb-2025 19:50,Partner Channel,K12 Math,South Region,Rep_02,11.56,Contacted,Open,,,
LD-306105,31-Oct-2025 07:20,Webinar,Competitive Exam Prep,South Region,Rep_02,3.28,Negotiation,Lost,Went With Competitor,$992.96,2025-12-23 14:56:29.009152
LD-306106,15-Mar-2025 16:55,Paid Search,K-12 Math,North Region,Rep_01,1.66,Contacted,Open,,,
LD-306107,10/17/2025 17:33,Organic Search,Competitive Exam Prep,International,Rep_15,0.72,Closed,Won,,1029.04,2025-11-20 11:30:44.205971
LD-306108,26-Mar-2026 14:43,Social Media,Competitive Exam Prep,West Region,Rep_03,6.74,Lead,Open,,,
LD-306109,17-Jan-2025 19:09,Organic Search,Competitive Exam Prep,International,Rep_10,3.08,Contacted,Open,,,
LD-306110,2025-12-28 10:05:00,Webinar,Coding for Kids,South Region,Rep_02,9.39,Contacted,Open,,,
LD-306111,03/20/2025 18:12,Referral,K-12 Math,North Region,Rep_01,1.95,Negotiation,Lost,No Response / Ghosted,486.85,2025-04-25 13:50:51.622588
LD-306112,2026-05-07 15:15:00,Organic Search,K-12 Math,West Region,Rep_08,1.35,Closed,Won,,595.52,2026-06-21 07:56:53.554817
LD-306113,25-Sep-2025 13:27,organic search,K-12 Math,West Region,Rep_13,5.24,Contacted,Open,,,
LD-306114,10-Apr-2025 11:01,Organic Search,Competitive Exam Prep,International,Rep_15,5.22,Contacted,Open,,,
LD-306115,2025-06-27 19:17:00,Paid Search,Competitive Exam Prep,South Region,Rep_07,2.85,Negotiation,Lost,Price Objection,"$1,113.71",2025-08-11 07:49:55.118870
LD-306116,2025-08-07 19:07:00,Organic Search,K-12 Math,North Region,Rep_11,2.51,Closed,Won,,$569.90,2025-09-16 08:49:53.345650
LD-306117,06-Jul-2025 15:43,organic search,K-12  Math,West Region,Rep_03,0.84,Contacted,Open,,,
LD-306118,27-Mar-2026 15:28,Organic Search,Language Learning,North Region,Rep_01,15.48,Contacted,Open,,,
LD-306119,04/23/2026 19:25,Social Media,Study Abroad Prep,International,Rep_05,1.46,Contacted,Open,,,
LD-306120,02-Apr-2025 08:15,Cold Outreach,Language Learning,,Rep_08,0.5,Contacted,Open,,,
LD-306121,24-Jul-2025 17:28,Paid Search,Study Abroad Prep,East Region,Rep_04,4.05,Lead,Open,,,
LD-306122,17-Jan-2025 08:18,Webinar,K-12 Math,West Region,Rep_08,1.37,Contacted,Open,,,
LD-306123,12-Sep-2025 12:08,Social Media,Coding for Kids,West Region,Rep_13,1.99,Contacted,Open,,,
LD-306124,18-Jun-2025 14:36,Organic Search,Language Learning,East Region,Rep_09,13.55,Contacted,Open,,,
LD-306125,2025-08-01 15:31:00,SOCIAL MEDIA,Study Abroad Prep,North Region,Rep_06,2.11,Lead,Open,,,
LD-306126,05/19/2025 15:11,Social Media,Language Learning,West Region,Rep_08,1.57,Contacted,Open,,,
LD-306127,09-Jan-2025 13:10,Organic Search,Coding for Kids,South Region,Rep_02,1.49,Contacted,Open,,,
LD-306128,23-Apr-2025 08:43,Webinar,Competitive Exam Prep,,Rep_03,3.18,Contacted,Open,,,
LD-306129,2025-04-07 14:57:00,Social Media,Language Learning,,Rep_04,2.86,Contacted,Open,,,
LD-306130,2025-06-08 11:11:00,Social Media,Coding for Kids,North Region,Rep_06,1.28,Lead,Open,,,
LD-306131,03/09/2026 13:01,Paid Search,Competitive Exam Prep,West Region,Rep_03,15.11,Lead,Open,,,
LD-306132,2026-05-15 11:35:00,Social,Competitive Exam Prep,West Region,Rep_03,12.06,Contacted,Open,,,
LD-306133,02/18/2025 19:41,Social Media,Coding for Kids,South Region,Rep_12,1.77,Negotiation,Lost,No Response / Ghosted,652.74,2025-03-30 21:59:36.156441
LD-306134,2025-09-12 07:57:00,Partner Channel,Competitive Exam Prep,North Region,Rep_06,2.47,Contacted,Open,,,
LD-306135,06-Jan-2025 14:51,Paid Search,k-12 math,East Region,Rep_09,3.1,Contacted,Open,,,
LD-306136,2025-09-18 08:07:00,Organic Search,Coding for Kids,West Region,Rep_13,1.65,Contacted,Open,,,
LD-306137,2025-11-05 12:40:00,Social Media,K-12 Math,South Region,Rep_02,0.97,Contacted,Open,,,
LD-306138,06/10/2025 12:40,Organic Search,CODING FOR KIDS,North Region,Rep_01,1.91,Demo Completed,Lost,Budget Not Approved,568.45,2025-07-07 21:48:26.509289
LD-306139,05/12/2025 18:26,Webinar,K-12 Math,East Region,Rep_04,0.71,Proposal Sent,Lost,No Response / Ghosted,449.6,2025-06-24 22:18:05.536953
LD-306140,2026-01-20 19:10:00,Paid Search,K-12 Math,East Region,Rep_14,1.9,Contacted,Open,,,
LD-306141,10/15/2025 13:48,Social Media,K-12 Math,North Region,Rep_06,5.91,Lead,Open,,,
LD-306142,2025-02-03 20:26:00,Referral,K-12  Math,West Region,Rep_13,6.8,Closed,Won,,$564.65,2025-03-19 06:41:42.766233
LD-306143,27-Jan-2025 18:34,Organic Search,Competitive Exam Prep,North Region,Rep_01,1.67,Contacted,Open,,,
LD-306144,12-Dec-2025 12:09,Partner Channel,Study Abroad Prep,East Region,Rep_14,3.97,Contacted,Open,,,
LD-306145,2025-10-04 14:45:00,Webinar,Language Learning,East Region,Rep_14,4.01,Closed,Won,,$331.67,2025-11-07 08:48:50.913645
LD-306146,03/14/2026 12:39,Referral,K-12 Math,West Region,Rep_08,0.42,Closed,Won,,467.45,2026-05-03 16:40:26.431470
LD-306147,22-Dec-2025 20:48,Paid Search,K-12 Math,South Region,Rep_07,8.63,Contacted,Open,,,
LD-306148,19-Dec-2025 18:43,Organic Search,K-12 Math,West Region,Rep_08,0.59,Contacted,Open,,,
LD-306149,21-Jun-2025 17:30,Organic Search,Coding for Kids,South Region,Rep_07,1.81,Demo Completed,Lost,Went With Competitor,764.46,2025-07-07 12:33:44.220825
LD-306150,09/08/2025 10:02,Paid Search,K-12 Math,North Region,Rep_01,2.47,Contacted,Open,,,
LD-306151,2026-04-20 10:27:00,cold outreach,Competitive Exam Prep,,Rep_12,2.86,Lead,Open,,,
LD-306152,2025-11-23 19:53:00,Webinar,Language Learning,West Region,Rep_13,11.42,Closed,Won,,303.27,2026-01-03 16:05:11.690015
LD-306153,07/24/2025 15:15,Social Media,K-12 Math,East Region,Rep_09,2.57,Lead,Open,,,
LD-306154,11/08/2025 19:35,Social Media,Coding for Kids,West Region,Rep_08,16.17,Lead,Open,,,
LD-306155,2025-04-09 16:48:00,Paid Search,K-12 Math,North Region,Rep_11,2.12,Contacted,Open,,,
LD-306156,25-Apr-2026 15:17,Social Media,Study Abroad Prep,South Region,Rep_02,2.53,Contacted,Open,,,
LD-306157,01/16/2026 18:50,Webinar,CODING FOR KIDS,North Region,Rep_01,3.1,Proposal Sent,Lost,Went With Competitor,$678.82,2026-02-19 01:01:14.653079
LD-306158,05-Dec-2025 11:35,Social Media,Competitive Exam Prep,International,Rep_05,2.67,Contacted,Open,,,
LD-306159,11/27/2025 13:26,organic search,Language Learning,North Region,Rep_11,2.25,Closed,Won,,$300.16,2025-12-31 05:24:41.524365
LD-306160,08-Sep-2025 10:40,Referral,Competitive Exam Prep,East Region,Rep_14,7.41,Demo Scheduled,Open,,,
LD-306161,14-May-2025 20:48,Organic Search,Competitive Exam Prep,North Region,Rep_11,7.47,Closed,Won,,"$1,147.90",2025-06-23 19:14:15.992596
LD-306162,09/19/2025 07:14,Paid Search,Language Learning,South Region,Rep_12,3.48,Contacted,Open,,,
LD-306163,2025-05-14 15:25:00,Referral,Language Learning,West Region,Rep_03,11.27,Contacted,Open,,,
LD-306164,13-Nov-2025 10:34,Webinar,Language Learning,North Region,Rep_11,9.24,Contacted,Open,,,
LD-306165,2026-02-02 14:37:00,Social Media,Study Abroad Prep,International,Rep_10,4.07,Contacted,Open,,,
LD-306166,11-Dec-2025 15:05,Organic Search,Language Learning,East Region,Rep_14,5.09,Demo Completed,Lost,Went With Competitor,$419.98,2026-01-21 05:11:58.254000
LD-306167,2025-02-21 09:00:00,Partner Channel,Competitive Exam Prep,South Region,Rep_07,1.49,Contacted,Open,,,
LD-306168,08/02/2025 08:25,Webinar,Coding for Kids,West Region,Rep_08,1.37,Closed,Won,,$757.62,2025-09-15 04:29:37.312286
LD-306169,2025-03-09 09:03:00,Webinar,K-12 Math,West Region,Rep_08,4.52,Closed,Won,,525.49,2025-04-22 04:08:48.218595
LD-306170,04/16/2026 20:52,Organic Search,K-12 Math,North Region,Rep_06,3.02,Lead,Open,,,
LD-306171,20-Jan-2026 19:10,Organic Search,Coding for Kids,North Region,Rep_01,12.67,Proposal Sent,Lost,Bad Timing,528.33,2026-02-21 17:06:36.746758
LD-306172,06-May-2025 18:56,Webinar,Competitive Exam Prep,North Region,Rep_06,3.62,Contacted,Open,,,
LD-306173,2025-08-23 10:49:00,Cold Outreach,K-12 Math,South Region,Rep_07,1.81,Lead,Open,,,
LD-306174,2025-02-21 14:47:00,Organic Search,Coding for Kids,International,Rep_10,2.36,Negotiation,Lost,Price Objection,671.05,2025-04-14 09:53:27.877696
LD-306175,03/23/2026 20:33,Paid Search,Language Learning,East Region,Rep_14,2.14,Contacted,Open,,,
LD-306176,12-Jun-2026 14:17,Referral,Coding for Kids,North Region,Rep_11,1.95,Closed,Won,,638.53,2026-08-06 18:37:14.121520
LD-306177,2025-12-23 20:38:00,Webinar,Coding for Kids,West Region,Rep_08,7.58,Closed,Won,,570.27,2026-02-06 16:44:52.003140
LD-306178,01/02/2026 16:27,Social Media,Competitive Exam Prep,East Region,Rep_14,3.48,Demo Scheduled,Open,,,
LD-306179,02/18/2026 07:52,Organic Search,Coding for Kids,West Region,Rep_13,7.76,Contacted,Open,,,
LD-306180,06/25/2026 11:27,Social Media,K-12 Math,South Region,Rep_07,1.0,Demo Completed,Lost,Went With Competitor,$508.40,2026-07-25 02:49:00.610138
LD-306181,05/11/2025 19:56,Webinar,Language Learning,East Region,Rep_14,2.99,Contacted,Open,,,
LD-306182,03-Nov-2025 17:44,Referral,CODING FOR KIDS,North Region,Rep_01,4.85,Negotiation,Lost,No Response / Ghosted,649.12,2025-12-20 02:18:37.841569
LD-306183,03-Jan-2025 10:14,Social Media,Competitive Exam Prep,North Region,Rep_11,1.08,Contacted,Open,,,
LD-306184,06/25/2026 10:31,PPC,K-12 Math,West Region,Rep_03,2.37,Demo Completed,Lost,Price Objection,550.12,2026-07-23 06:58:19.727967
LD-306185,06/29/2026 18:17,Organic Search,Study Abroad Prep,East Region,Rep_04,1.41,Contacted,Open,,,
LD-306186,2025-07-29 15:04:00,Organic Search,K-12 Math,South Region,Rep_07,1.17,Negotiation,Lost,Price Objection,$455.41,2025-09-06 04:13:05.562851
LD-306187,2025-07-21 18:00:00,Cold Outreach,K-12 Math,West Region,Rep_13,2.48,Contacted,Open,,,
LD-306188,06-Jun-2025 08:50,Paid Search,Study Abroad Prep,North Region,Rep_11,2.8,Demo Completed,Lost,Bad Timing,1246.33,2025-07-08 22:03:46.686601
LD-306189,01/04/2026 15:16,Referral,Study Abroad Prep,South Region,Rep_12,2.25,Closed,Won,,1426.05,2026-02-06 00:57:44.037999
LD-306190,2026-04-22 15:34:00,Social Media,Coding for Kids,West Region,Rep_13,1.58,Contacted,Open,,,
LD-306191,03-Apr-2026 13:57,Paid Search,Language Learning,East Region,Rep_09,3.36,Lead,Open,,,
LD-306192,02-Apr-2025 15:02,Paid Search,K-12 Math,East Region,Rep_04,3.02,Closed,Won,,502.89,2025-05-12 23:48:25.470184
LD-306193,11-Mar-2026 09:27,Partner Channel,K-12 Math,South Region,Rep_07,2.73,Negotiation,Lost,Price Objection,$532.00,2026-05-04 17:24:03.771870
LD-306194,2025-06-02 12:19:00,Partner Channel,Coding for Kids,West Region,Rep_08,2.36,Closed,Won,,629.65,2025-07-15 16:52:58.009107
LD-306195,01/26/2026 14:11,Partner Channel,Language Learning,North Region,Rep_01,5.17,Lead,Open,,,
LD-306196,04/26/2026 20:27,social media,Competitive Exam Prep,South Region,Rep_07,1.78,Contacted,Open,,,
LD-306197,2025-03-27 17:23:00,Organic Search,K-12 Math,International,Rep_05,1.21,Contacted,Open,,,
LD-306198,02-Jan-2026 17:00,Paid Search,K12 Math,North Region,Rep_01,10.09,Contacted,Open,,,
LD-306199,09/06/2025 16:04,Social Media,Competitive Exam Prep,South Region,Rep_07,8.99,Contacted,Open,,,
LD-306200,27-Oct-2025 15:23,Organic Search,Competitive Exam Prep,East Region,Rep_14,2.59,Contacted,Open,,,
LD-306201,05/29/2026 17:26,Organic Search,Language Learning,East Region,Rep_09,6.5,Contacted,Open,,,
LD-306202,2025-07-08 14:38:00,Paid Search,Study Abroad Prep,North Region,Rep_06,1.99,Lead,Open,,,
LD-306203,2026-04-01 18:53:00,Referral,Language Learning,East Region,Rep_04,1.72,Proposal Sent,Lost,Price Objection,342.9,2026-05-10 06:27:14.650127
LD-306204,25-Sep-2025 16:57,Partner Channel,Coding For Kids,South Region,Rep_07,0.39,Negotiation,Lost,Price Objection,$699.34,2025-10-25 07:29:36.147909
LD-306205,2025-09-29 12:41:00,Referral,Study Abroad Prep,North Region,Rep_11,1.15,Negotiation,Lost,No Response / Ghosted,1429.53,2025-11-06 15:27:34.743323
LD-306206,03/14/2026 20:29,Referral,Study Abroad Prep,International,Rep_05,3.12,Demo Completed,Lost,Price Objection,"$1,286.92",2026-04-26 10:51:25.054656
LD-306207,02/24/2026 20:55,Webinar,Language Learning,South Region,Rep_02,3.27,Proposal Sent,Lost,Budget Not Approved,$293.06,2026-04-08 23:36:17.227716
LD-306208,2026-01-30 15:23:00,Paid Search,Language Learning,North Region,Rep_11,3.84,Contacted,Open,,,
LD-306209,2025-06-05 19:07:00,Paid Search,K12 Math,East Region,Rep_04,0.57,Lead,Open,,,
LD-306210,10/24/2025 18:26,Cold Outreach,Language Learning,East Region,Rep_09,2.95,Contacted,Open,,,
LD-306211,07/06/2025 15:26,Referral,Language Learning,North Region,Rep_01,1.4,Contacted,Open,,,
LD-306212,01/03/2025 11:45,Social Media,Competitive Exam Prep,South Region,Rep_02,8.09,Proposal Sent,Lost,No Response / Ghosted,$949.79,2025-01-30 17:35:28.933773
LD-306213,14-Feb-2026 20:37,Webinar,K-12 Math,International,Rep_15,4.55,Contacted,Open,,,
LD-306214,06-Jun-2026 16:25,Organic Search,Language Learning,East Region,Rep_09,4.87,Contacted,Open,,,
LD-306215,2025-09-17 10:27:00,Webinar,K-12  Math,North Region,Rep_06,1.98,Proposal Sent,Lost,Price Objection,562.9,2025-10-06 16:49:49.794326
LD-306216,05/05/2026 17:38,cold outreach,Coding for Kids,North Region,Rep_06,6.24,Lead,Open,,,
LD-306217,28-Sep-2025 18:26,Partner Channel,Language Learning,South Region,Rep_07,11.21,Contacted,Open,,,
LD-306218,2026-01-09 17:20:00,Organic Search,Coding for Kids,West Region,Rep_03,9.98,Negotiation,Lost,Went With Competitor,$774.73,2026-03-03 04:18:37.220118
LD-306219,2025-02-11 14:49:00,Organic Search,K-12 Math,West Region,Rep_03,1.62,Contacted,Open,,,
LD-306220,05/15/2025 15:32,Webinar,CODING FOR KIDS,North Region,Rep_06,1.09,Negotiation,Lost,Went With Competitor,$615.20,2025-06-30 11:28:50.419367
LD-306221,2025-12-09 10:42:00,Partner Channel,K12 Math,East Region,Rep_09,3.37,Contacted,Open,,,
LD-306222,27-Jun-2025 11:29,Cold Outreach,Study Abroad Prep,North Region,Rep_06,3.61,Lead,Open,,,
LD-306223,2026-05-18 14:25:00,Cold Outreach,Competitive Exam Prep,South Region,Rep_02,0.55,Demo Completed,Lost,No Response / Ghosted,$886.25,2026-06-26 13:18:11.523550
LD-306224,2026-02-04 15:08:00,Referral,Competitive Exam Prep,East Region,Rep_14,1.23,Demo Completed,Lost,No Response / Ghosted,973.33,2026-03-20 01:53:13.820755
LD-306225,08-Apr-2025 20:14,Organic Search,Language Learning,North Region,Rep_11,1.78,Closed,Won,,$328.73,2025-05-23 16:58:03.886387
LD-306226,09/11/2025 16:02,Partner Channel,K-12 Math,West Region,Rep_08,1.0,Contacted,Open,,,
LD-306227,2025-05-05 08:32:00,Organic Search,Language Learning,South Region,Rep_07,3.72,Contacted,Open,,,
LD-306228,2026-06-09 12:55:00,Paid Search,Language Learning,West Region,Rep_03,1.4,Contacted,Open,,,
LD-306229,07/18/2025 08:59,Organic Search,Competitive Exam Prep,South Region,Rep_02,1.82,Contacted,Open,,,
LD-306230,26-Jun-2026 16:08,Paid Search,K-12 Math,International,Rep_05,10.16,Lead,Open,,,
LD-306231,19-Jun-2026 12:11,Organic Search,Language Learning,South Region,Rep_02,3.77,Lead,Open,,,
LD-306232,29-Apr-2025 15:50,Partner Channel,K-12 Math,East Region,Rep_14,1.37,Demo Scheduled,Open,,,
LD-306233,2025-08-22 17:54:00,Webinar,Coding for Kids,West Region,Rep_13,5.74,Closed,Won,,$628.46,2025-10-01 20:35:21.508891
LD-306234,30-Dec-2025 13:58,Paid Search,K-12 Math,North Region,Rep_06,4.76,Lead,Open,,,
LD-306235,2025-06-06 14:43:00,Organic Search,Language Learning,North Region,Rep_11,5.85,Negotiation,Lost,Went With Competitor,337.74,2025-07-12 15:28:28.155474
LD-306236,07/31/2025 08:50,Organic Search,Competitive Exam Prep,South Region,Rep_07,3.29,Contacted,Open,,,
LD-306237,06/07/2025 08:52,Social Media,Study Abroad Prep,West Region,Rep_03,4.06,Contacted,Open,,,
LD-306238,08-Jul-2025 19:27,Partner Channel,Competitive Exam Prep,North Region,Rep_06,4.88,Contacted,Open,,,
LD-306239,02/27/2026 15:16,Paid Search,Language Learning,South Region,Rep_07,10.95,Demo Completed,Lost,No Response / Ghosted,341.11,2026-03-22 00:53:18.206198
LD-306240,13-May-2025 18:08,Paid Search,K-12  Math,West Region,Rep_13,4.03,Closed,Won,,439.04,2025-06-12 05:40:37.306462
LD-306241,11/03/2025 19:50,Referral,CODING FOR KIDS,West Region,Rep_13,2.18,Contacted,Open,,,
LD-306242,2025-10-28 12:32:00,Partner Channel,Language Learning,North Region,Rep_01,0.67,Closed,Won,,395.61,2025-12-05 09:12:55.315376
LD-306243,02/05/2026 18:53,Organic Search,Language Learning,South Region,Rep_07,1.56,Closed,Won,,382.97,2026-03-16 12:19:37.738123
LD-306244,10/26/2025 09:18,Referral,Competitive Exam Prep,East Region,Rep_04,3.22,Proposal Sent,Lost,Bad Timing,"$1,108.12",2025-11-30 22:48:51.402152
LD-306245,03/12/2026 17:05,Referral,Competitive Exam Prep,West Region,Rep_08,1.35,Closed,Won,,951.94,2026-04-17 06:09:00.511114
LD-306246,04-Aug-2025 16:43,Organic Search,Study Abroad Prep,West Region,Rep_03,5.41,Contacted,Open,,,
LD-306247,03/04/2026 17:03,Referral,Competitive Exam Prep,,Rep_06,0.9,Contacted,Open,,,
LD-306248,2025-01-27 13:20:00,Social Media,K-12 Math,South Region,Rep_12,0.46,Lead,Open,,,
LD-306249,15-Apr-2025 12:23,Paid Search,Language Learning,,Rep_14,1.73,Contacted,Open,,,
LD-306250,10/05/2025 12:34,Paid Search,Study Abroad Prep,East Region,Rep_14,13.28,Contacted,Open,,,
LD-306251,09-Mar-2026 13:02,Cold Outreach,Competitive Exam Prep,North Region,Rep_06,4.15,Lead,Open,,,
LD-306252,2025-01-07 11:36:00,Referral,Language Learning,North Region,Rep_06,30.08,Contacted,Open,,,
LD-306253,04-Jul-2025 11:44,Social Media,K-12 Math,North Region,Rep_06,1.22,Lead,Open,,,
LD-306254,16-Sep-2025 13:35,social media,Study Abroad Prep,West Region,Rep_03,2.02,Contacted,Open,,,
LD-306255,03/13/2026 09:21,Referral,K-12 Math,East Region,Rep_04,18.85,Contacted,Open,,,
LD-306256,05/01/2025 18:34,Social Media,K-12 Math,North Region,Rep_11,1.21,Contacted,Open,,,
LD-306257,02-May-2025 17:03,Referral,Language Learning,North Region,Rep_06,2.84,Contacted,Open,,,
LD-306258,07-Jul-2025 07:24,Organic Search,Competitive Exam Prep,International,Rep_05,2.8,Lead,Open,,,
LD-306259,2025-06-11 12:12:00,COLD OUTREACH,K-12 Math,North Region,Rep_11,9.37,Proposal Sent,Lost,Bad Timing,443.34,2025-07-23 23:14:20.021811
LD-306260,2026-05-01 18:58:00,Paid Search,Coding for Kids,South Region,Rep_07,2.79,Lead,Open,,,
LD-306261,04/15/2026 15:04,Referral,K-12 Math,West Region,Rep_08,4.24,Negotiation,Lost,No Response / Ghosted,$447.29,2026-05-20 09:21:08.937196
LD-306262,2025-12-13 09:34:00,Referral,Coding for Kids,International,Rep_15,1.78,Contacted,Open,,,
LD-306263,2026-04-06 13:55:00,Referral,CODING FOR KIDS,East Region,Rep_14,3.49,Contacted,Open,,,
LD-306264,21-Feb-2025 07:22,Social Media,Competitive Exam Prep,,Rep_07,1.4,Lead,Open,,,
LD-306265,03-Apr-2026 08:18,Webinar,Competitive Exam Prep,International,Rep_10,3.54,Contacted,Open,,,
LD-306266,02/13/2026 07:30,Paid Search,Coding for Kids,North Region,Rep_06,2.15,Contacted,Open,,,
LD-306267,14-May-2025 13:34,Paid Search,Language Learning,North Region,Rep_11,2.04,Negotiation,Lost,No Response / Ghosted,354.43,2025-06-25 10:40:26.171781
LD-306268,05/28/2025 14:08,Social Media,Coding for Kids,North Region,Rep_06,5.18,Contacted,Open,,,
LD-306269,03/29/2026 09:48,Organic Search,K-12 Math,International,Rep_15,6.19,Closed,Won,,$573.07,2026-04-30 18:35:08.546168
LD-306270,07/16/2025 12:46,Social Media,K-12 Math,South Region,Rep_07,0.95,Contacted,Open,,,
LD-306271,21-Feb-2025 19:24,Cold Outreach,Competitive Exam Prep,,Rep_12,4.46,Demo Completed,Lost,No Response / Ghosted,"$1,162.57",2025-04-04 15:51:54.130160
LD-306272,2026-04-11 16:19:00,Referral,Study Abroad Prep,South Region,Rep_02,22.37,Closed,Won,,"$1,604.62",2026-05-20 17:16:14.147852
LD-306273,09/19/2025 08:13,Paid Search,K-12 Math,North Region,Rep_11,6.08,Lead,Open,,,
LD-306274,11-Apr-2025 10:22,Partner Channel,K-12 Math,South Region,Rep_07,2.43,Contacted,Open,,,
LD-306275,04/28/2025 15:51,Organic Search,K-12 Math,South Region,Rep_02,9.45,Demo Completed,Lost,Bad Timing,490.06,2025-05-31 21:14:32.594314
LD-306276,05/01/2026 18:17,organic search,Language Learning,North Region,Rep_01,2.32,Contacted,Open,,,
LD-306277,2026-02-02 15:49:00,Referral,Study Abroad Prep,International,Rep_05,1.28,Demo Completed,Lost,Bad Timing,"$1,610.98",2026-03-04 16:44:51.491742
LD-306278,07/07/2025 11:37,Webinar,Coding For Kids,North Region,Rep_11,2.34,Contacted,Open,,,
LD-306279,06/27/2025 20:39,Organic Search,K-12 Math,West Region,Rep_03,0.89,Contacted,Open,,,
LD-306280,01/09/2026 19:52,Paid Search,Competitive Exam Prep,North Region,Rep_06,5.21,Demo Scheduled,Open,,,
LD-306281,2026-04-24 12:50:00,Referral,Competitive Exam Prep,South Region,Rep_02,1.43,Closed,Won,,908.52,2026-05-27 03:39:18.320667
LD-306282,24-Dec-2025 07:31,Organic Search,Coding for Kids,International,Rep_10,1.42,Contacted,Open,,,
LD-306283,14-Jun-2025 14:25,Organic Search,Coding for Kids,East Region,Rep_14,10.99,Contacted,Open,,,
LD-306284,25-Aug-2025 12:53,Social Media,Study Abroad Prep,North Region,Rep_06,2.41,Lead,Open,,,
LD-306285,01/10/2025 08:39,Social Media,Competitive Exam Prep,West Region,Rep_03,1.33,Demo Completed,Lost,Budget Not Approved,996.3,2025-02-12 08:33:10.354446
LD-306286,01/06/2026 18:03,Organic Search,Competitive Exam Prep,West Region,Rep_08,2.79,Contacted,Open,,,
LD-306287,04/25/2025 09:39,Paid Search,Language Learning,East Region,Rep_09,3.92,Contacted,Open,,,
LD-306288,2025-09-05 20:25:00,Social Media,Language Learning,West Region,Rep_13,2.97,Contacted,Open,,,
LD-306289,12-Mar-2026 12:53,Organic Search,K-12 Math,South Region,Rep_12,1.03,Negotiation,Lost,Bad Timing,438.91,2026-04-17 05:05:18.010619
LD-306290,03/19/2026 12:34,SEO,CODING FOR KIDS,South Region,Rep_02,5.7,Closed,Won,,731.34,2026-04-21 12:38:27.053483
LD-306291,28-Feb-2025 14:57,Paid Search,Language Learning,South Region,Rep_07,27.85,Contacted,Open,,,
LD-306292,12-Jun-2025 20:01,COLD OUTREACH,Competitive Exam Prep,International,Rep_05,4.61,Lead,Open,,,
LD-306293,30-Jan-2025 09:19,Webinar,Language Learning,North Region,Rep_06,22.29,Demo Completed,Lost,Budget Not Approved,321.09,2025-02-21 13:15:42.037194
LD-306294,15-Feb-2025 20:30,Paid Search,Coding For Kids,South Region,Rep_12,2.05,Lead,Open,,,
LD-306295,2026-06-26 16:59:00,Organic Search,Coding for Kids,West Region,Rep_13,0.61,Contacted,Open,,,
LD-306296,04/15/2025 16:05,Organic Search,K-12 Math,East Region,Rep_14,0.92,Proposal Sent,Lost,Budget Not Approved,540.83,2025-05-24 12:38:54.233935
LD-306297,04/18/2025 07:58,Partner Channel,Coding For Kids,International,Rep_15,2.54,Contacted,Open,,,
LD-306298,11-Nov-2025 18:16,Social Media,Coding for Kids,South Region,Rep_12,2.13,Contacted,Open,,,
LD-306299,04/07/2026 17:30,Cold Outreach,K-12 Math,East Region,Rep_09,5.2,Contacted,Open,,,
LD-306300,2026-02-06 15:04:00,Paid Search,Study Abroad Prep,South Region,Rep_07,3.18,Closed,Won,,"$1,580.24",2026-03-26 07:31:03.173499
LD-306301,03-Oct-2025 12:42,Paid Search,K-12 Math,South Region,Rep_07,5.09,Negotiation,Lost,No Response / Ghosted,543.4,2025-11-22 02:10:49.482869
LD-306302,10-Apr-2026 20:50,Social Media,Language Learning,North Region,Rep_11,1.38,Lead,Open,,,
LD-306303,24-Nov-2025 10:27,Cold Outreach,Competitive Exam Prep,North Region,Rep_01,1.99,Contacted,Open,,,
LD-306304,05/13/2025 08:20,Social Media,Study Abroad Prep,South Region,Rep_02,4.68,Lead,Open,,,
LD-306305,04/14/2025 12:01,Referral,Competitive Exam Prep,West Region,Rep_03,0.91,Lead,Open,,,
LD-306306,2026-01-23 08:55:00,Organic Search,Language Learning,International,Rep_05,19.3,Contacted,Open,,,
LD-306307,02-Feb-2025 07:17,Referral,K-12 Math,West Region,Rep_08,15.14,Closed,Won,,482.27,2025-03-14 12:36:18.182774
LD-306308,2025-10-27 20:38:00,Organic Search,Coding for Kids,West Region,Rep_13,0.97,Contacted,Open,,,
LD-306309,02-Jun-2026 18:31,Partner Channel,K-12 Math,North Region,Rep_11,1.21,Proposal Sent,Lost,No Response / Ghosted,457.36,2026-07-06 14:22:48.576320
LD-306310,25-Feb-2026 13:42,PPC,Coding for Kids,West Region,Rep_13,1.91,Contacted,Open,,,
LD-306311,01/11/2025 14:14,Social Media,K-12 Math,East Region,Rep_04,4.0,Lead,Open,,,
LD-306312,01/07/2025 16:54,Paid Search,Coding for Kids,North Region,Rep_11,6.41,Lead,Open,,,
LD-306313,2025-02-07 15:36:00,Partner Channel,Competitive Exam Prep,North Region,Rep_06,6.05,Contacted,Open,,,
LD-306314,2025-10-08 19:46:00,Partner Channel,Coding for Kids,West Region,Rep_03,0.59,Closed,Won,,$601.93,2025-11-27 03:33:03.778511
LD-306315,03-Apr-2026 20:59,Social Media,Language Learning,West Region,Rep_08,3.71,Contacted,Open,,,
LD-306316,2025-04-11 09:04:00,Social Media,Competitive Exam Prep,North Region,Rep_01,2.31,Demo Completed,Lost,Price Objection,1165.45,2025-05-06 12:54:15.903828
LD-306317,11-Jan-2025 17:14,Referral,K-12 Math,South Region,Rep_02,3.22,Demo Scheduled,Open,,,
LD-306318,06/17/2025 13:02,Cold Outreach,K-12 Math,West Region,Rep_08,3.77,Lead,Open,,,
LD-306319,11/28/2025 08:39,Referral,Competitive Exam Prep,West Region,Rep_03,2.18,Negotiation,Lost,Bad Timing,1116.07,2026-01-14 05:38:17.376449
LD-306320,05/26/2026 19:52,Paid Search,K-12 Math,West Region,Rep_13,3.32,Closed,Won,,484.15,2026-06-29 03:32:42.199403
LD-306321,26-Sep-2025 14:28,Webinar,Competitive Exam Prep,East Region,Rep_09,1.71,Contacted,Open,,,
LD-306322,14-Nov-2025 08:15,COLD OUTREACH,K-12 Math,North Region,Rep_06,20.03,Lead,Open,,,
LD-306323,2025-10-02 17:50:00,Partner Channel,Coding for Kids,North Region,Rep_01,9.15,Contacted,Open,,,
LD-306324,12/05/2025 14:49,Paid Search,Coding for Kids,West Region,Rep_03,0.22,Contacted,Open,,,
LD-306325,09-Dec-2025 15:59,Organic Search,K-12 Math,South Region,Rep_12,4.66,Closed,Won,,546.27,2026-01-24 05:37:35.709015
LD-306326,03/09/2026 11:44,Partner Channel,Coding for Kids,International,Rep_15,1.73,Contacted,Open,,,
LD-306327,2026-01-26 20:27:00,Social Media,Language Learning,North Region,Rep_11,3.35,Contacted,Open,,,
LD-306328,09/26/2025 12:30,Webinar,Study Abroad Prep,West Region,Rep_03,4.31,Lead,Open,,,
LD-306329,2026-06-10 12:37:00,Webinar,Competitive Exam Prep,West Region,Rep_08,4.22,Closed,Won,,1165.28,2026-07-22 03:49:59.003294
LD-306330,26-Sep-2025 17:52,Paid Search,Coding for Kids,South Region,Rep_12,8.41,Contacted,Open,,,
LD-306331,13-Feb-2026 11:01,Organic Search,Competitive Exam Prep,North Region,Rep_01,26.38,Demo Scheduled,Open,,,
LD-306332,05-Jan-2025 17:33,Paid Search,K-12 Math,West Region,Rep_08,1.65,Contacted,Open,,,
LD-306333,2026-04-03 20:46:00,Social Media,Coding for Kids,South Region,Rep_12,17.88,Contacted,Open,,,
LD-306334,12/24/2025 10:35,Partner Channel,Language Learning,North Region,Rep_01,0.75,Contacted,Open,,,
LD-306335,2025-04-19 16:08:00,Paid Search,Coding for Kids,North Region,Rep_01,1.01,Lead,Open,,,
LD-306336,2025-05-26 17:50:00,SEO,K-12 Math,East Region,Rep_04,10.68,Contacted,Open,,,
LD-306337,06-Sep-2025 16:36,Social Media,Competitive Exam Prep,South Region,Rep_02,1.1,Demo Completed,Lost,Price Objection,931.56,2025-10-12 05:42:50.450081
LD-306338,02/06/2026 13:58,Social Media,K-12  Math,North Region,Rep_11,3.27,Contacted,Open,,,
LD-306339,13-Mar-2026 19:14,Organic Search,Competitive Exam Prep,South Region,Rep_07,0.65,Contacted,Open,,,
LD-306340,11-Mar-2025 17:20,Cold Outreach,K-12 Math,East Region,Rep_04,8.89,Lead,Open,,,
LD-306341,05/13/2025 08:33,PPC,Competitive Exam Prep,North Region,Rep_01,5.31,Contacted,Open,,,
LD-306342,02/03/2026 09:22,Paid Search,Language Learning,,Rep_09,4.95,Contacted,Open,,,
LD-306343,01-Oct-2025 18:39,Paid Search,K-12 Math,,Rep_06,3.61,Demo Completed,Lost,Went With Competitor,560.11,2025-11-03 15:01:19.141991
LD-306344,07-Feb-2025 20:47,Social Media,Coding for Kids,East Region,Rep_09,3.45,Lead,Open,,,
LD-306345,11/20/2025 11:16,Paid Search,Competitive Exam Prep,East Region,Rep_04,1.1,Lead,Open,,,
LD-306346,06/01/2026 20:53,Webinar,Coding for Kids,West Region,Rep_03,1.54,Contacted,Open,,,
LD-306347,05/19/2025 19:47,Referral,Coding for Kids,West Region,Rep_08,3.36,Closed,Won,,$670.97,2025-06-23 14:29:17.757579
LD-306348,05/18/2025 19:21,Social Media,K-12 Math,North Region,Rep_11,11.57,Lead,Open,,,
LD-306349,05/25/2025 14:43,Cold Outreach,Language Learning,International,Rep_10,1.74,Contacted,Open,,,
LD-306350,01/22/2026 13:35,Organic Search,Competitive Exam Prep,West Region,Rep_08,2.61,Contacted,Open,,,
LD-306351,2026-03-07 18:32:00,Webinar,K-12 Math,International,Rep_15,2.94,Contacted,Open,,,
LD-306352,2025-05-20 20:09:00,Paid Search,Study Abroad Prep,International,Rep_15,5.54,Proposal Sent,Lost,Bad Timing,1363.94,2025-06-18 15:27:50.474551
LD-306353,03/19/2026 12:26,Webinar,K-12 Math,West Region,Rep_08,12.01,Closed,Won,,574.07,2026-04-29 08:49:53.918223
LD-306354,24-Jan-2026 16:02,Cold Outreach,Coding for Kids,West Region,Rep_03,1.54,Lead,Open,,,
LD-306355,2025-03-20 20:55:00,Webinar,CODING FOR KIDS,West Region,Rep_03,0.82,Negotiation,Lost,No Response / Ghosted,669.16,2025-05-20 11:09:23.409412
LD-306356,01-May-2026 10:55,Organic Search,Competitive Exam Prep,North Region,Rep_06,2.62,Contacted,Open,,,
LD-306357,2025-11-19 15:17:00,Paid Search,K-12  Math,West Region,Rep_13,0.97,Contacted,Open,,,
LD-306358,23-Jan-2026 19:14,Paid Search,K-12 Math,East Region,Rep_04,31.16,Contacted,Open,,,
LD-306359,12-Mar-2026 17:09,Webinar,Competitive Exam Prep,East Region,Rep_04,7.08,Demo Completed,Lost,Bad Timing,"$1,069.97",2026-04-15 09:58:19.572445
LD-306360,2025-11-05 07:31:00,Cold Outreach,Study Abroad Prep,,Rep_06,0.74,Contacted,Open,,,
LD-306361,20-Jun-2025 12:01,PPC,Competitive Exam Prep,International,Rep_10,0.63,Contacted,Open,,,
LD-306362,2026-03-28 18:59:00,Webinar,K-12 Math,North Region,Rep_06,4.71,Proposal Sent,Lost,No Response / Ghosted,553.72,2026-04-24 11:06:13.366256
LD-306363,2025-03-14 13:34:00,Organic Search,Coding For Kids,,Rep_11,0.43,Contacted,Open,,,
LD-306364,2026-04-10 13:33:00,SEO,Study Abroad Prep,West Region,Rep_08,5.88,Contacted,Open,,,
LD-306365,03-Feb-2026 19:50,Organic Search,Study Abroad Prep,East Region,Rep_14,1.67,Proposal Sent,Lost,Price Objection,"$1,424.80",2026-03-08 20:39:31.506390
LD-306366,12/04/2025 16:50,Cold Outreach,K-12 Math,,Rep_08,0.54,Contacted,Open,,,
LD-306367,2025-08-27 11:46:00,Social Media,Language Learning,South Region,Rep_07,2.5,Contacted,Open,,,
LD-306368,10-Jun-2025 17:07,Referral,K-12 Math,West Region,Rep_03,2.58,Contacted,Open,,,
LD-306369,01/17/2025 07:20,Paid Search,Language Learning,North Region,Rep_11,2.92,Contacted,Open,,,
LD-306370,2025-10-24 18:17:00,Cold Outreach,Language Learning,North Region,Rep_01,2.3,Demo Completed,Lost,No Response / Ghosted,296.59,2025-11-26 23:48:12.797117
LD-306371,2025-07-28 16:49:00,Cold Outreach,K-12 Math,International,Rep_10,4.05,Lead,Open,,,
LD-306372,12/22/2025 20:51,Paid Search,Competitive Exam Prep,West Region,Rep_08,1.22,Contacted,Open,,,
LD-306373,2025-08-14 20:39:00,cold outreach,Competitive Exam Prep,East Region,Rep_09,3.99,Lead,Open,,,
LD-306374,2026-04-15 20:46:00,Cold Outreach,k-12 math,West Region,Rep_08,9.16,Proposal Sent,Lost,Bad Timing,539.43,2026-05-18 14:08:42.425889
LD-306375,05/01/2026 11:36,Social Media,Language Learning,West Region,Rep_03,1.53,Contacted,Open,,,
LD-306376,10-Mar-2026 19:05,Paid Search,Study Abroad Prep,East Region,Rep_14,5.44,Lead,Open,,,
LD-306377,19-Dec-2025 14:56,Partner Channel,K-12 Math,South Region,Rep_07,1.26,Proposal Sent,Lost,Price Objection,522.66,2026-01-27 19:53:13.466448
LD-306378,2025-09-24 14:54:00,Webinar,Language Learning,North Region,Rep_11,5.45,Closed,Won,,423.87,2025-11-19 05:18:35.420876
LD-306379,24-Jun-2026 17:44,Referral,Language Learning,South Region,Rep_07,1.04,Contacted,Open,,,
LD-306380,01/13/2026 19:31,Organic Search,Language Learning,,Rep_03,1.65,Lead,Open,,,
LD-306381,11/27/2025 13:26,Organic Search,Study Abroad Prep,East Region,Rep_14,12.59,Contacted,Open,,,
LD-306382,10/16/2025 12:40,Organic Search,Study Abroad Prep,North Region,Rep_06,5.03,Lead,Open,,,
LD-306383,02/02/2026 19:36,Paid Search,k-12 math,North Region,Rep_01,2.22,Proposal Sent,Lost,Price Objection,$457.90,2026-03-07 02:29:08.076388
LD-306384,05/28/2026 13:08,Organic Search,Coding for Kids,West Region,Rep_03,8.26,Contacted,Open,,,
LD-306385,20-Mar-2026 08:45,Referral,Coding for Kids,South Region,Rep_07,2.32,Proposal Sent,Lost,Went With Competitor,749.37,2026-04-24 18:28:09.906613
LD-306386,07-May-2026 18:54,Paid Search,K-12 Math,North Region,Rep_06,7.04,Contacted,Open,,,
LD-306387,16-Feb-2026 09:52,Paid Search,Study Abroad Prep,International,Rep_10,1.26,Contacted,Open,,,
LD-306388,03/21/2025 10:41,Referral,Study Abroad Prep,North Region,Rep_11,5.94,Negotiation,Lost,Went With Competitor,1508.76,2025-04-21 06:04:04.979533
LD-306389,23-Apr-2026 19:36,Social Media,Study Abroad Prep,International,Rep_05,5.88,Demo Completed,Lost,Bad Timing,1735.89,2026-06-07 23:39:34.638445
LD-306390,14-Mar-2026 19:33,Organic Search,Language Learning,South Region,Rep_02,0.46,Closed,Won,,290.49,2026-05-06 07:19:30.896281
LD-306391,09/06/2025 14:45,Webinar,K-12 Math,West Region,Rep_03,7.24,Closed,Won,,533.15,2025-10-11 03:49:01.333411
LD-306392,22-Sep-2025 07:13,Paid Search,Competitive Exam Prep,East Region,Rep_09,0.8,Lead,Open,,,
LD-306393,02-Jan-2026 12:54,Paid Search,K-12 Math,West Region,Rep_13,7.47,Demo Scheduled,Open,,,
LD-306394,24-Jan-2025 07:18,Paid Search,Language Learning,East Region,Rep_14,5.41,Contacted,Open,,,
LD-306395,2025-11-26 14:40:00,Webinar,K-12 Math,South Region,Rep_07,6.94,Negotiation,Lost,Price Objection,411.02,2025-12-31 11:56:17.928454
LD-306396,22-May-2026 09:39,Paid Search,Study Abroad Prep,,Rep_02,1.71,Contacted,Open,,,
LD-306397,02/15/2026 10:17,Referral,K-12 Math,International,Rep_10,2.07,Closed,Won,,479.09,2026-03-21 17:39:45.738172
LD-306398,07/30/2025 09:55,Webinar,Competitive Exam Prep,East Region,Rep_14,1.19,Lead,Open,,,
LD-306399,03-Jun-2026 08:38,Webinar,Language Learning,West Region,Rep_13,3.92,Negotiation,Lost,No Response / Ghosted,$387.35,2026-07-27 11:40:08.315400
LD-306400,04/27/2026 20:14,Referral,Coding for Kids,North Region,Rep_11,1.53,Closed,Won,,680.04,2026-06-04 10:30:44.186178
LD-306401,12/01/2025 07:48,Cold Outreach,Study Abroad Prep,West Region,Rep_08,2.59,Lead,Open,,,
LD-306402,2026-03-16 12:24:00,Cold Outreach,Competitive Exam Prep,East Region,Rep_04,3.55,Lead,Open,,,
LD-306403,06/12/2025 17:12,Paid  Search,Competitive Exam Prep,,Rep_03,1.78,Lead,Open,,,
LD-306404,2025-03-27 07:16:00,Cold Outreach,Language Learning,North Region,Rep_11,1.38,Lead,Open,,,
LD-306405,01/26/2026 11:24,Social Media,K-12 Math,South Region,Rep_07,12.31,Demo Scheduled,Open,,,
LD-306406,2026-05-01 19:20:00,Organic Search,k-12 math,West Region,Rep_03,7.03,Negotiation,Lost,Budget Not Approved,557.58,2026-06-11 09:25:53.903156
LD-306407,02/27/2026 13:25,Cold Outreach,Coding for Kids,South Region,Rep_12,1.77,Lead,Open,,,
LD-306408,06/26/2025 19:52,Organic search,Competitive Exam Prep,International,Rep_10,3.76,Demo Scheduled,Open,,,
LD-306409,07/22/2025 08:34,Paid Search,Language Learning,,Rep_12,0.81,Proposal Sent,Lost,Bad Timing,293.57,2025-08-16 00:26:39.281160
LD-306410,2026-03-03 17:56:00,Webinar,K-12 Math,South Region,Rep_02,5.89,Closed,Won,,468.67,2026-04-10 23:10:39.879687
LD-306411,04/04/2025 08:52,Social Media,CODING FOR KIDS,East Region,Rep_04,1.62,Lead,Open,,,
LD-306412,2025-03-13 07:53:00,Organic Search,K-12 Math,South Region,Rep_12,0.82,Closed,Won,,441.6,2025-04-24 21:36:56.360648
LD-306413,2025-06-30 20:32:00,Webinar,Language Learning,South Region,Rep_12,3.46,Closed,Won,,328.35,2025-08-19 03:28:17.076925
LD-306414,2025-07-04 12:46:00,Organic Search,K12 Math,International,Rep_05,2.78,Contacted,Open,,,
LD-306415,2025-12-31 10:02:00,Organic Search,Coding for Kids,North Region,Rep_11,1.72,Contacted,Open,,,
LD-306416,15-Aug-2025 10:45,Cold Outreach,Study Abroad Prep,International,Rep_15,5.28,Contacted,Open,,,
LD-306417,01-Sep-2025 08:30,Referral,K-12 Math,East Region,Rep_14,4.08,Negotiation,Lost,Budget Not Approved,$579.68,2025-09-26 08:11:37.309308
LD-306418,2025-05-13 17:26:00,Social Media,K-12 Math,International,Rep_10,3.43,Lead,Open,,,
LD-306419,10/22/2025 18:08,Paid Search,Study Abroad Prep,East Region,Rep_14,2.96,Lead,Open,,,
LD-306420,01/07/2025 13:48,Cold Outreach,K-12 Math,South Region,Rep_02,6.56,Contacted,Open,,,
LD-306421,2026-05-15 11:44:00,COLD OUTREACH,Language Learning,West Region,Rep_03,2.8,Lead,Open,,,
LD-306422,20-Feb-2026 09:31,Paid Search,Competitive Exam Prep,,Rep_07,0.88,Contacted,Open,,,
LD-306423,07/08/2025 10:01,Referral,Language Learning,East Region,Rep_14,14.08,Contacted,Open,,,
LD-306424,2026-06-02 11:01:00,Organic Search,Study Abroad Prep,,Rep_08,2.26,Negotiation,Lost,Bad Timing,1345.35,2026-07-24 00:23:55.632214
LD-306425,26-Jun-2026 09:39,Webinar,K-12 Math,East Region,Rep_09,3.34,Proposal Sent,Lost,Went With Competitor,420.14,2026-08-07 02:40:56.323134
LD-306426,03-Nov-2025 18:28,Organic Search,Study Abroad Prep,South Region,Rep_02,4.99,Contacted,Open,,,
LD-306427,06/06/2025 12:45,Webinar,K12 Math,West Region,Rep_08,12.26,Negotiation,Lost,Price Objection,558.45,2025-07-18 02:10:42.711925
LD-306428,2025-09-05 07:18:00,Partner Channel,Study Abroad Prep,North Region,Rep_11,1.07,Negotiation,Lost,Budget Not Approved,1581.04,2025-10-09 14:23:34.922464
LD-306429,12/19/2025 14:50,Referral,Coding for Kids,North Region,Rep_11,2.49,Closed,Won,,$662.47,2026-01-30 20:57:54.205048
LD-306430,01/24/2025 08:31,Partner Channel,Study Abroad Prep,East Region,Rep_09,3.33,Contacted,Open,,,
LD-306431,01-Mar-2025 07:13,Partner Channel,K-12 Math,South Region,Rep_12,2.78,Negotiation,Lost,Price Objection,570.62,2025-04-20 14:22:26.343784
LD-306432,08-May-2025 15:09,Organic Search,Coding for Kids,South Region,Rep_07,2.21,Lead,Open,,,
LD-306433,05/14/2026 20:14,Paid Search,Language Learning,North Region,Rep_06,15.46,Contacted,Open,,,
LD-306434,2026-05-14 15:57:00,organic search,K-12  Math,West Region,Rep_08,1.42,Lead,Open,,,
LD-306435,2025-08-14 19:37:00,Referral,K-12 Math,North Region,Rep_11,2.53,Negotiation,Lost,Bad Timing,$498.87,2025-10-02 08:23:39.719918
LD-306436,13-Mar-2026 13:07,Paid Search,Competitive Exam Prep,South Region,Rep_02,3.49,Contacted,Open,,,
LD-306437,2026-06-09 13:05:00,Organic search,Competitive Exam Prep,East Region,Rep_04,3.0,Lead,Open,,,
LD-306438,02-Apr-2026 07:48,Cold Outreach,Coding for Kids,South Region,Rep_12,2.9,Lead,Open,,,
LD-306439,2025-11-18 13:55:00,Partner Channel,K-12 Math,East Region,Rep_04,3.27,Proposal Sent,Lost,Price Objection,562.19,2025-12-13 23:11:45.954586
LD-306440,11/08/2025 07:20,Organic Search,Language Learning,South Region,Rep_07,4.94,Negotiation,Lost,Bad Timing,292.54,2025-12-15 17:16:24.613948
LD-306441,06-Jul-2025 16:15,Referral,Competitive Exam Prep,North Region,Rep_11,4.91,Contacted,Open,,,
LD-306442,12/08/2025 13:24,Cold Outreach,Language Learning,International,Rep_10,3.92,Contacted,Open,,,
LD-306443,16-May-2025 10:07,Paid Search,Coding for Kids,West Region,Rep_03,9.96,Lead,Open,,,
LD-306444,04-Oct-2025 15:30,Partner Channel,K-12 Math,West Region,Rep_03,2.67,Contacted,Open,,,
LD-306445,2026-06-26 12:39:00,Cold Outreach,K-12 Math,North Region,Rep_06,7.19,Contacted,Open,,,
LD-306446,16-Jan-2025 12:33,Partner Channel,K-12 Math,North Region,Rep_01,0.84,Contacted,Open,,,
LD-306447,03-Feb-2026 13:39,Organic Search,Competitive Exam Prep,South Region,Rep_07,2.37,Demo Completed,Lost,Budget Not Approved,946.53,2026-03-23 06:07:53.570041
LD-306448,02/10/2025 10:12,Social Media,Study Abroad Prep,West Region,Rep_03,5.72,Contacted,Open,,,
LD-306449,31-Jul-2025 12:41,Social Media,Competitive Exam Prep,West Region,Rep_13,4.83,Lead,Open,,,
LD-306450,02-May-2025 16:19,Organic Search,K-12 Math,North Region,Rep_06,5.06,Contacted,Open,,,
LD-306451,18-May-2025 18:27,Webinar,Study Abroad Prep,West Region,Rep_08,2.34,Closed,Won,,1456.54,2025-06-23 00:30:41.665831
LD-306452,2026-02-02 16:52:00,Social Media,Language Learning,International,Rep_10,3.39,Lead,Open,,,
LD-306453,2025-01-03 20:31:00,Webinar,Competitive Exam Prep,South Region,Rep_02,8.64,Proposal Sent,Lost,Went With Competitor,886.77,2025-01-25 20:17:45.947169
LD-306454,01/16/2026 12:38,Organic Search,K-12 Math,East Region,Rep_14,5.1,Lead,Open,,,
LD-306455,2026-01-22 13:36:00,Organic Search,Study Abroad Prep,West Region,Rep_13,2.2,Contacted,Open,,,
LD-306456,08/15/2025 20:58,Cold Outreach,Competitive Exam Prep,South Region,Rep_02,0.97,Contacted,Open,,,
LD-306457,01/16/2026 12:28,Paid Search,K-12 Math,East Region,Rep_09,1.72,Lead,Open,,,
LD-306458,2025-01-11 17:42:00,Webinar,K-12 Math,North Region,Rep_06,3.57,Contacted,Open,,,
LD-306459,05-Sep-2025 11:52,Social Media,K-12 Math,East Region,Rep_14,2.48,Demo Completed,Lost,Price Objection,$471.30,2025-10-09 17:22:02.254812
LD-306460,07-Apr-2025 07:32,Paid Search,K-12 Math,South Region,Rep_12,10.4,Contacted,Open,,,
LD-306461,04/29/2025 10:24,Paid Search,K-12  Math,North Region,Rep_06,7.28,Contacted,Open,,,
LD-306462,2026-03-04 09:51:00,Referral,Coding For Kids,South Region,Rep_02,3.37,Negotiation,Lost,Went With Competitor,$749.04,2026-03-30 08:08:09.513819
LD-306463,28-Jun-2026 09:39,Webinar,Competitive Exam Prep,West Region,Rep_13,3.13,Contacted,Open,,,
LD-306464,01-Apr-2026 13:05,Social Media,k-12 math,International,Rep_05,3.05,Contacted,Open,,,
LD-306465,2026-06-04 14:24:00,Webinar,Competitive Exam Prep,North Region,Rep_01,1.67,Closed,Won,,1138.07,2026-07-23 03:40:34.504235
LD-306466,2025-06-29 20:47:00,Paid Search,Language Learning,West Region,Rep_13,10.31,Closed,Won,,402.9,2025-08-11 06:27:56.940842
LD-306467,08/17/2025 10:23,Referral,Competitive Exam Prep,West Region,Rep_03,3.0,Contacted,Open,,,
LD-306468,2025-11-11 09:14:00,Organic Search,Language Learning,South Region,Rep_07,7.4,Contacted,Open,,,
LD-306469,2025-04-02 07:27:00,Organic Search,Study Abroad Prep,East Region,Rep_14,1.44,Negotiation,Lost,Price Objection,1684.46,2025-05-10 07:39:03.964594
LD-306470,07/20/2025 16:51,Paid Search,Competitive Exam Prep,North Region,Rep_06,4.11,Demo Completed,Lost,Bad Timing,$808.85,2025-08-05 22:05:42.782244
LD-306471,2025-01-04 20:41:00,Cold-Outreach,K-12 Math,South Region,Rep_12,6.81,Contacted,Open,,,
LD-306472,05/31/2025 17:46,Social Media,Competitive Exam Prep,South Region,Rep_12,2.44,Closed,Won,,828.67,2025-07-03 20:16:17.199132
LD-306473,22-Sep-2025 15:34,SEO,K12 Math,West Region,Rep_03,1.69,Proposal Sent,Lost,Bad Timing,423.16,2025-10-17 20:28:49.555764
LD-306474,2025-03-09 07:49:00,Referral,K-12 Math,North Region,Rep_06,11.18,Negotiation,Lost,Went With Competitor,$516.98,2025-04-25 00:34:10.696874
LD-306475,2026-05-11 14:34:00,Referral,K-12 Math,North Region,Rep_11,21.15,Demo Completed,Lost,Price Objection,522.16,2026-05-27 11:06:51.058059
LD-306476,08/25/2025 18:43,Webinar,K-12 Math,,Rep_08,0.35,Contacted,Open,,,
LD-306477,03/19/2026 13:08,Paid Search,K-12 Math,,Rep_11,21.83,Contacted,Open,,,
LD-306478,05/01/2026 07:00,Paid  Search,Coding for Kids,International,Rep_05,2.03,Lead,Open,,,
LD-306479,11/12/2025 11:46,Organic Search,Study Abroad Prep,West Region,Rep_03,0.53,Contacted,Open,,,
LD-306480,2026-06-26 12:22:00,Organic Search,Coding for Kids,North Region,Rep_06,0.87,Negotiation,Lost,No Response / Ghosted,637.41,2026-08-18 18:53:42.179308
LD-306481,29-Jan-2025 20:56,Organic Search,K-12 Math,North Region,Rep_11,6.52,Closed,Won,,444.31,2025-03-12 23:26:14.377811
LD-306482,08/22/2025 14:40,Referral,Language Learning,North Region,Rep_11,0.63,Closed,Won,,$309.74,2025-09-26 19:52:26.871753
LD-306483,2026-03-02 15:11:00,Social Media,Competitive Exam Prep,North Region,Rep_11,4.58,Contacted,Open,,,
LD-306484,05/23/2025 09:12,Organic Search,Coding for Kids,West Region,Rep_03,3.18,Proposal Sent,Lost,Budget Not Approved,$750.19,2025-06-29 10:24:54.470880
LD-306485,04-Oct-2025 15:30,Webinar,Competitive Exam Prep,West Region,Rep_13,0.88,Contacted,Open,,,
LD-306486,2026-03-19 08:36:00,Cold Outreach,K-12 Math,South Region,Rep_02,1.35,Contacted,Open,,,
LD-306487,2026-05-13 08:47:00,Organic Search,K-12 Math,North Region,Rep_11,4.86,Closed,Won,,535.65,2026-06-20 01:33:52.022306
LD-306488,06/21/2026 09:51,Webinar,Coding for Kids,North Region,Rep_06,2.52,Negotiation,Lost,Went With Competitor,$574.27,2026-08-07 03:14:56.136440
LD-306489,06/09/2025 20:35,Organic Search,Language Learning,,Rep_07,3.03,Closed,Won,,379.77,2025-07-04 23:32:24.992818
LD-306490,31-Oct-2025 13:46,Webinar,Coding for Kids,International,Rep_15,1.86,Contacted,Open,,,
LD-306491,2025-08-24 07:56:00,Webinar,K-12 Math,South Region,Rep_12,2.04,Closed,Won,,$506.36,2025-09-22 17:56:28.673793
LD-306492,2025-01-15 14:23:00,Webinar,Competitive Exam Prep,International,Rep_10,4.95,Demo Completed,Lost,Bad Timing,1017.3,2025-02-09 06:40:22.638858
LD-306493,01/31/2026 19:39,Referral,Language Learning,West Region,Rep_03,1.88,Negotiation,Lost,Budget Not Approved,404.9,2026-03-08 17:47:56.145748
LD-306494,05/22/2026 12:26,Paid Search,Coding for Kids,International,Rep_10,2.16,Contacted,Open,,,
LD-306495,2025-10-18 13:14:00,Referral,Competitive Exam Prep,North Region,Rep_01,0.87,Closed,Won,,1030.19,2025-12-05 15:17:51.922915
LD-306496,2025-03-10 14:43:00,Referral,Coding for Kids,South Region,Rep_07,1.55,Negotiation,Lost,Price Objection,$660.50,2025-04-29 20:29:23.394718
LD-306497,11/08/2025 12:51,Referral,K-12 Math,West Region,Rep_13,2.61,Lead,Open,,,
LD-306498,2026-01-30 13:50:00,Cold Outreach,K-12  Math,West Region,Rep_03,2.85,Contacted,Open,,,
LD-306499,08-Jun-2025 12:12,Cold Outreach,Language Learning,East Region,Rep_04,0.71,Lead,Open,,,
LD-306500,25-Dec-2025 13:01,Organic Search,Competitive Exam Prep,West Region,Rep_13,9.43,Demo Completed,Lost,Price Objection,$893.08,2026-02-03 07:37:38.315935
LD-306501,08/29/2025 09:48,Social Media,K-12 Math,West Region,Rep_08,3.06,Contacted,Open,,,
LD-306502,01/12/2026 17:08,Paid Search,K-12 Math,East Region,Rep_09,0.87,Demo Completed,Lost,Bad Timing,$499.16,2026-02-02 15:36:10.293220
LD-306503,2025-07-23 13:22:00,Paid Search,K-12 Math,North Region,Rep_11,4.06,Closed,Won,,$564.40,2025-08-30 21:21:48.762329
LD-306504,04/13/2026 16:09,Referral,k-12 math,East Region,Rep_09,4.2,Contacted,Open,,,
LD-306505,2025-01-10 20:35:00,Organic Search,Coding For Kids,North Region,Rep_06,5.93,Demo Completed,Lost,Went With Competitor,609.38,2025-02-11 09:48:39.983993
LD-306506,14-Apr-2026 16:22,Paid Search,Competitive Exam Prep,South Region,Rep_02,4.57,Closed,Won,,926.71,2026-05-22 12:52:17.309524
LD-306507,08-Aug-2025 13:09,Organic Search,K-12 Math,,Rep_01,3.64,Contacted,Open,,,
LD-306508,10-Oct-2025 11:26,Organic Search,K-12 Math,West Region,Rep_13,1.7,Contacted,Open,,,
LD-306509,12/03/2025 17:58,Cold Outreach,K-12 Math,,Rep_08,2.29,Lead,Open,,,
LD-306510,06/16/2025 19:58,Paid Search,K-12 Math,South Region,Rep_07,0.88,Contacted,Open,,,
LD-306511,2025-12-12 08:18:00,Cold Outreach,Coding for Kids,North Region,Rep_01,0.88,Lead,Open,,,
LD-306512,03-Jan-2025 18:27,Organic Search,K-12 Math,West Region,Rep_08,1.82,Negotiation,Lost,Bad Timing,569.57,2025-02-03 10:11:07.791735
LD-306513,11-Mar-2025 17:49,Referral,Competitive Exam Prep,South Region,Rep_02,3.02,Contacted,Open,,,
LD-306514,05/26/2025 17:46,Paid Search,Language Learning,West Region,Rep_13,2.59,Demo Completed,Lost,No Response / Ghosted,359.34,2025-06-23 20:51:36.495463
LD-306515,06-Mar-2026 18:22,Webinar,Study Abroad Prep,West Region,Rep_03,5.93,Proposal Sent,Lost,No Response / Ghosted,1516.71,2026-03-31 11:58:16.910546
LD-306516,01/11/2026 17:09,Cold Outreach,Language Learning,West Region,Rep_08,1.94,Contacted,Open,,,
LD-306517,02/15/2025 16:38,Paid Search,K-12 Math,International,Rep_05,3.5,Proposal Sent,Lost,No Response / Ghosted,528.95,2025-03-27 12:42:12.014739
LD-306518,22-Dec-2025 12:44,Paid Search,Study Abroad Prep,West Region,Rep_03,1.25,Contacted,Open,,,
LD-306519,06/17/2026 18:47,Organic Search,K-12 Math,East Region,Rep_09,6.67,Demo Completed,Lost,Went With Competitor,$563.95,2026-07-15 15:08:23.383859
LD-306520,10-Mar-2026 11:08,SOCIAL MEDIA,K-12 Math,North Region,Rep_01,2.61,Lead,Open,,,
LD-306521,04/01/2026 13:28,Cold Outreach,CODING FOR KIDS,South Region,Rep_12,1.12,Contacted,Open,,,
LD-306522,04/23/2025 15:37,Partner Channel,Language Learning,East Region,Rep_09,4.05,Proposal Sent,Lost,Price Objection,404.46,2025-05-19 14:39:38.543867
LD-306523,01/09/2025 08:42,Organic Search,Competitive Exam Prep,North Region,Rep_01,3.27,Demo Completed,Lost,Bad Timing,983.09,2025-02-25 04:14:29.303703
LD-306524,01-Apr-2026 09:13,Organic Search,Study Abroad Prep,South Region,Rep_12,2.31,Contacted,Open,,,
LD-306525,05/27/2025 14:36,Webinar,K-12 Math,South Region,Rep_07,2.17,Proposal Sent,Lost,Went With Competitor,521.3,2025-07-14 12:37:21.396179
LD-306526,18-Jul-2025 15:11,Organic Search,Study Abroad Prep,West Region,Rep_13,5.28,Contacted,Open,,,
LD-306527,11/21/2025 11:33,SEO,Competitive Exam Prep,West Region,Rep_03,2.73,Contacted,Open,,,
LD-306528,2026-05-31 11:42:00,Cold Outreach,Coding for Kids,,Rep_01,2.14,Demo Scheduled,Open,,,
LD-306529,27-Jun-2025 19:12,Organic Search,Study Abroad Prep,South Region,Rep_07,5.74,Lead,Open,,,
LD-306530,04/20/2025 15:44,Paid Search,K-12 Math,,Rep_04,2.24,Lead,Open,,,
LD-306531,08-May-2025 16:26,Paid Search,Competitive Exam Prep,North Region,Rep_11,3.65,Demo Completed,Lost,Price Objection,906.21,2025-06-14 05:45:11.146238
LD-306532,2025-02-21 10:13:00,Paid Search,Study Abroad Prep,South Region,Rep_02,1.6,Lead,Open,,,
LD-306533,12-Feb-2026 11:20,Social,Competitive Exam Prep,South Region,Rep_02,2.3,Contacted,Open,,,
LD-306534,2026-02-20 15:07:00,Webinar,K-12 Math,North Region,Rep_06,9.85,Contacted,Open,,,
LD-306535,2025-06-14 09:41:00,Cold Outreach,Competitive Exam Prep,South Region,Rep_02,3.46,Contacted,Open,,,
LD-306536,30-Apr-2026 16:22,Webinar,Competitive Exam Prep,South Region,Rep_02,3.39,Closed,Won,,"$1,111.74",2026-06-15 17:03:10.593712
LD-306537,06/24/2026 12:17,Referral,K-12 Math,North Region,Rep_11,0.86,Closed,Won,,422.76,2026-08-11 22:06:19.755436
LD-306538,18-Mar-2025 08:28,Partner Channel,Coding for Kids,East Region,Rep_04,1.56,Lead,Open,,,
LD-306539,14-Apr-2026 19:49,Social Media,Study Abroad Prep,North Region,Rep_01,6.18,Contacted,Open,,,
LD-306540,17-Apr-2026 20:11,cold outreach,Coding for Kids,West Region,Rep_08,1.58,Contacted,Open,,,
LD-306541,2026-05-04 13:07:00,Referral,Competitive Exam Prep,South Region,Rep_07,4.51,Closed,Won,,904.85,2026-06-12 08:52:37.137382
LD-306542,07/22/2025 14:44,Organic Search,Coding for Kids,West Region,Rep_03,3.02,Demo Completed,Lost,Price Objection,668.19,2025-08-19 11:36:20.955294
LD-306543,2025-07-25 14:51:00,Cold Outreach,K-12 Math,,Rep_05,1.47,Contacted,Open,,,
LD-306544,01/30/2026 09:17,Social Media,Competitive Exam Prep,East Region,Rep_04,13.27,Lead,Open,,,
LD-306545,2025-01-13 15:12:00,Webinar,Coding for Kids,West Region,Rep_03,0.99,Negotiation,Lost,Price Objection,$747.41,2025-02-18 17:24:46.709657
LD-306546,2026-06-19 18:30:00,Social Media,Competitive Exam Prep,North Region,Rep_11,10.95,Lead,Open,,,
LD-306547,06/10/2026 07:49,Organic Search,Competitive Exam Prep,South Region,Rep_12,0.8,Contacted,Open,,,
LD-306548,30-Oct-2025 16:03,Organic Search,K-12 Math,West Region,Rep_08,2.64,Closed,Won,,457.63,2025-12-05 12:19:22.631028
LD-306549,20-Oct-2025 10:17,Social Media,Competitive Exam Prep,East Region,Rep_04,1.94,Lead,Open,,,
LD-306550,03/20/2025 17:35,Paid Search,Language Learning,West Region,Rep_08,3.73,Contacted,Open,,,
LD-306551,14-May-2025 10:55,SOCIAL MEDIA,K-12 Math,International,Rep_10,1.39,Lead,Open,,,
LD-306552,2025-10-13 16:06:00,Referral,Competitive Exam Prep,North Region,Rep_01,1.16,Negotiation,Lost,Price Objection,841.3,2025-11-25 13:11:40.134548
LD-306553,2026-05-29 19:10:00,Paid Search,Study Abroad Prep,West Region,Rep_03,9.29,Negotiation,Lost,Went With Competitor,1523.44,2026-07-14 13:09:38.299206
LD-306554,07-Nov-2025 13:27,Organic Search,Language Learning,South Region,Rep_12,0.47,Contacted,Open,,,
LD-306555,01/05/2026 14:05,Social Media,K-12 Math,North Region,Rep_11,8.48,Negotiation,Lost,No Response / Ghosted,$487.91,2026-02-13 20:46:08.753668
LD-306556,10/20/2025 20:56,Organic Search,K-12 Math,West Region,Rep_03,1.86,Contacted,Open,,,
LD-306557,24-May-2026 19:15,Paid Search,K-12 Math,West Region,Rep_13,0.87,Contacted,Open,,,
LD-306558,05/02/2025 19:57,Social Media,Coding for Kids,South Region,Rep_12,0.72,Contacted,Open,,,
LD-306559,10/30/2025 11:47,Social Media,Study Abroad Prep,North Region,Rep_01,0.55,Contacted,Open,,,
LD-306560,22-May-2026 17:35,Referral,Language Learning,South Region,Rep_12,1.54,Closed,Won,,$317.97,2026-07-06 05:42:31.306711
LD-306561,14-Feb-2026 17:50,Referral,Coding for Kids,West Region,Rep_03,3.59,Closed,Won,,600.89,2026-03-21 21:01:42.822850
LD-306562,2025-09-29 08:33:00,Paid Search,Coding for Kids,International,Rep_05,2.06,Contacted,Open,,,
LD-306563,04/15/2025 10:10,Webinar,K-12 Math,North Region,Rep_01,2.58,Lead,Open,,,
LD-306564,2025-11-13 14:56:00,Referral,Competitive Exam Prep,International,Rep_15,3.44,Closed,Won,,982.17,2025-12-19 13:03:58.682053
LD-306565,03/03/2025 14:55,Cold Outreach,Language Learning,South Region,Rep_12,2.34,Lead,Open,,,
LD-306566,06/29/2025 11:01,Organic Search,Competitive Exam Prep,East Region,Rep_14,8.23,Contacted,Open,,,
LD-306567,2025-12-31 19:52:00,Partner Channel,K-12 Math,North Region,Rep_06,6.47,Lead,Open,,,
LD-306568,03/05/2026 10:33,Organic Search,Competitive Exam Prep,International,Rep_15,4.48,Contacted,Open,,,
LD-306569,02-May-2025 07:02,SOCIAL MEDIA,K-12 Math,South Region,Rep_12,8.06,Contacted,Open,,,
LD-306570,10/24/2025 16:06,Cold Outreach,Language Learning,South Region,Rep_12,1.36,Contacted,Open,,,
LD-306571,2025-04-04 19:41:00,SEO,Coding for Kids,South Region,Rep_12,4.55,Contacted,Open,,,
LD-306572,09/12/2025 14:53,Cold Outreach,Coding for Kids,South Region,Rep_02,1.09,Lead,Open,,,
LD-306573,2025-12-09 10:59:00,Social Media,Study Abroad Prep,South Region,Rep_12,1.02,Contacted,Open,,,
LD-306574,2026-04-02 16:17:00,Webinar,Language Learning,North Region,Rep_06,36.67,Lead,Open,,,
LD-306575,01/16/2026 13:58,Organic Search,Study Abroad Prep,East Region,Rep_09,1.45,Lead,Open,,,
LD-306576,10/10/2025 14:29,Organic Search,Study Abroad Prep,West Region,Rep_13,2.02,Negotiation,Lost,Went With Competitor,"$1,455.04",2025-11-24 20:32:49.954269
LD-306577,19-Jun-2025 11:12,Paid  Search,Coding for Kids,South Region,Rep_02,5.15,Demo Scheduled,Open,,,
LD-306578,05/06/2025 10:01,Social Media,Coding For Kids,West Region,Rep_13,2.51,Lead,Open,,,
LD-306579,03/13/2025 09:30,Organic Search,Study Abroad Prep,North Region,Rep_06,1.28,Demo Completed,Lost,Bad Timing,"$1,318.83",2025-04-20 00:15:20.604083
LD-306580,02-Jan-2025 19:41,Cold Outreach,Competitive Exam Prep,North Region,Rep_11,1.18,Contacted,Open,,,
LD-306581,2025-09-04 19:37:00,Referral,K-12 Math,North Region,Rep_11,1.46,Contacted,Open,,,
LD-306582,2025-08-21 10:55:00,Referral,Competitive Exam Prep,West Region,Rep_08,1.78,Closed,Won,,1013.19,2025-09-14 06:15:18.412699
LD-306583,21-Oct-2025 20:37,Webinar,Competitive Exam Prep,South Region,Rep_02,2.06,Closed,Won,,913.93,2025-11-29 10:04:42.789817
LD-306584,25-Aug-2025 07:18,Paid Search,Language Learning,North Region,Rep_01,5.3,Contacted,Open,,,
LD-306585,2025-03-10 08:23:00,Social Media,Language Learning,North Region,Rep_11,52.76,Lead,Open,,,
LD-306586,2025-09-15 20:08:00,Webinar,Language Learning,North Region,Rep_11,1.62,Negotiation,Lost,Went With Competitor,382.45,2025-11-11 16:42:08.398409
LD-306587,13-Feb-2025 07:57,SOCIAL MEDIA,Language Learning,South Region,Rep_12,1.11,Demo Completed,Lost,Bad Timing,367.95,2025-03-27 09:16:32.776376
LD-306588,2025-10-01 14:01:00,Organic Search,Competitive Exam Prep,South Region,Rep_02,3.02,Demo Completed,Lost,Bad Timing,841.67,2025-11-03 21:10:10.540149
LD-306589,10/10/2025 16:33,Referral,K-12 Math,West Region,Rep_03,15.72,Demo Completed,Lost,No Response / Ghosted,515.62,2025-11-20 06:48:18.756136
LD-306590,2025-02-10 08:22:00,Cold Outreach,Coding for Kids,West Region,Rep_13,8.07,Lead,Open,,,
LD-306591,2025-10-24 18:54:00,Organic Search,K-12 Math,West Region,Rep_08,1.57,Closed,Won,,408.04,2025-12-16 16:41:51.367521
LD-306592,03-Jul-2025 15:07,Paid Search,Coding for Kids,,Rep_08,4.41,Proposal Sent,Lost,Bad Timing,670.69,2025-08-17 01:41:20.137578
LD-306593,2025-02-28 09:43:00,Referral,Coding for Kids,West Region,Rep_08,2.35,Lead,Open,,,
LD-306594,2025-07-15 13:29:00,Webinar,Language Learning,East Region,Rep_09,1.07,Closed,Won,,359.58,2025-08-21 10:21:15.741732
LD-306595,29-Jul-2025 09:06,Referral,K-12 Math,International,Rep_05,1.9,Negotiation,Lost,Went With Competitor,459.28,2025-09-05 19:59:46.055354
LD-306596,18-Jun-2025 14:05,Organic Search,K-12 Math,North Region,Rep_11,14.33,Closed,Won,,$455.06,2025-07-25 09:16:52.783863
LD-306597,2025-03-07 17:01:00,Paid Search,K-12 Math,South Region,Rep_12,7.09,Contacted,Open,,,
LD-306598,06/29/2026 14:21,Paid Search,Competitive Exam Prep,International,Rep_15,1.24,Lead,Open,,,
LD-306599,14-Nov-2025 17:57,Webinar,Coding for Kids,North Region,Rep_01,4.05,Contacted,Open,,,
LD-306600,07/14/2025 07:11,Referral,Coding for Kids,International,Rep_15,2.93,Closed,Won,,715.89,2025-08-18 17:17:54.588287
LD-306601,2026-04-05 10:51:00,Webinar,Competitive Exam Prep,North Region,Rep_06,2.86,Negotiation,Lost,Went With Competitor,$975.25,2026-05-31 16:07:19.315316
LD-306602,17-Jun-2025 18:43,Social Media,Competitive Exam Prep,North Region,Rep_06,5.32,Contacted,Open,,,
LD-306603,25-Feb-2026 13:59,Referral,Competitive Exam Prep,,Rep_11,3.62,Closed,Won,,"$1,185.19",2026-04-01 21:51:39.802298
LD-306604,12-Feb-2026 09:18,PPC,Language Learning,South Region,Rep_12,8.93,Lead,Open,,,
LD-306605,2025-08-01 09:36:00,Organic Search,Study Abroad Prep,North Region,Rep_11,4.24,Negotiation,Lost,Price Objection,"$1,579.15",2025-09-01 00:12:27.440164
LD-306606,01/19/2026 15:16,Referral,K-12 Math,North Region,Rep_11,7.94,Closed,Won,,$576.96,2026-02-21 15:00:56.997951
LD-306607,2025-12-05 07:57:00,Referral,Language Learning,South Region,Rep_12,1.66,Closed,Won,,$401.23,2026-01-20 19:21:50.587426
LD-306608,2026-02-03 10:56:00,Social Media,Coding for Kids,South Region,Rep_02,13.33,Proposal Sent,Lost,No Response / Ghosted,$632.35,2026-03-03 14:39:06.575253
LD-306609,02/20/2025 11:58,Paid Search,K-12 Math,South Region,Rep_07,0.5,Negotiation,Lost,Went With Competitor,458.5,2025-04-02 04:26:26.540516
LD-306610,2025-06-26 07:21:00,Organic Search,Study Abroad Prep,South Region,Rep_07,3.1,Negotiation,Lost,Went With Competitor,"$1,352.41",2025-08-08 17:16:29.991481
LD-306611,19-Dec-2025 11:38,Organic Search,K-12 Math,East Region,Rep_09,1.97,Demo Scheduled,Open,,,
LD-306612,2026-02-17 09:08:00,organic search,Competitive Exam Prep,North Region,Rep_06,2.97,Contacted,Open,,,
LD-306613,12/23/2025 15:22,Organic Search,Competitive Exam Prep,North Region,Rep_11,2.62,Demo Completed,Lost,No Response / Ghosted,833.2,2026-01-27 13:02:57.311266
LD-306614,2025-09-26 17:07:00,Paid Search,K-12 Math,West Region,Rep_08,17.08,Demo Completed,Lost,No Response / Ghosted,$587.06,2025-11-09 06:17:24.366990
LD-306615,13-Jun-2025 09:43,Social Media,K-12 Math,International,Rep_10,0.98,Lead,Open,,,
LD-306616,05-Oct-2025 12:19,Organic Search,Language Learning,North Region,Rep_06,6.26,Contacted,Open,,,
LD-306617,10-Nov-2025 18:43,Paid Search,K-12 Math,South Region,Rep_12,1.7,Contacted,Open,,,
LD-306618,11/20/2025 10:49,Paid Search,Language Learning,West Region,Rep_13,4.92,Demo Scheduled,Open,,,
LD-306619,2025-03-21 14:06:00,Paid Search,K-12 Math,West Region,Rep_13,0.59,Contacted,Open,,,
LD-306620,2026-06-05 14:09:00,Paid Search,coding for kids,South Region,Rep_02,1.24,Contacted,Open,,,
LD-306621,2025-12-02 10:52:00,Paid Search,Coding for Kids,International,Rep_10,3.42,Lead,Open,,,
LD-306622,15-Jun-2025 13:09,Cold Outreach,Coding for Kids,International,Rep_05,3.76,Lead,Open,,,
LD-306623,2026-06-05 11:16:00,Organic Search,Study Abroad Prep,North Region,Rep_11,3.87,Proposal Sent,Lost,Price Objection,"$1,549.12",2026-07-16 00:30:21.343279
LD-306624,12/16/2025 11:54,Cold Outreach,K-12 Math,East Region,Rep_14,3.32,Lead,Open,,,
LD-306625,07/08/2025 12:14,Paid Search,Study Abroad Prep,International,Rep_10,1.64,Lead,Open,,,
LD-306626,08/22/2025 07:48,Webinar,Language Learning,West Region,Rep_08,9.34,Contacted,Open,,,
LD-306627,2025-02-28 07:28:00,Organic Search,K-12 Math,North Region,Rep_11,17.4,Contacted,Open,,,
LD-306628,15-Apr-2025 20:46,Paid Search,Competitive Exam Prep,South Region,Rep_12,3.74,Closed,Won,,1114.12,2025-06-01 02:50:10.745191
LD-306629,25-Jan-2026 15:19,Social Media,Coding for Kids,West Region,Rep_08,5.06,Demo Completed,Lost,Bad Timing,538.93,2026-02-27 03:01:41.463981
LD-306630,2025-08-01 19:23:00,Social Media,Study Abroad Prep,West Region,Rep_08,1.16,Contacted,Open,,,
LD-306631,31-Jan-2025 10:43,Social Media,K-12 Math,South Region,Rep_02,3.0,Contacted,Open,,,
LD-306632,02/15/2025 18:11,Referral,k-12 math,North Region,Rep_11,2.51,Negotiation,Lost,Price Objection,$593.30,2025-04-03 06:00:36.466614
LD-306633,2025-11-08 19:37:00,Paid Search,Competitive Exam Prep,South Region,Rep_12,9.81,Lead,Open,,,
LD-306634,02-Jan-2026 16:28,Organic Search,Coding for Kids,North Region,Rep_11,1.47,Closed,Won,,712.4,2026-02-17 04:30:37.381480
LD-306635,11/03/2025 15:13,Referral,Coding for Kids,West Region,Rep_08,1.75,Lead,Open,,,
LD-306636,2025-12-12 09:22:00,Social Media,Coding for Kids,East Region,Rep_09,13.12,Lead,Open,,,
LD-306637,2026-01-16 16:49:00,Paid Search,Coding for Kids,East Region,Rep_14,3.66,Demo Completed,Lost,Bad Timing,627.21,2026-02-06 04:21:56.393852
LD-306638,03/29/2026 17:46,Webinar,Competitive Exam Prep,North Region,Rep_01,3.8,Negotiation,Lost,Went With Competitor,942.39,2026-04-28 22:42:06.293043
LD-306639,02/01/2025 15:52,Social Media,K-12 Math,,Rep_08,0.66,Closed,Won,,489.29,2025-03-13 23:41:15.151996
LD-306640,04/10/2026 17:15,paid search,Language Learning,East Region,Rep_04,3.61,Contacted,Open,,,
LD-306641,28-May-2025 20:17,Referral,Coding for Kids,West Region,Rep_08,0.52,Closed,Won,,585.41,2025-07-03 16:40:31.493362
LD-306642,25-Feb-2025 20:59,Referral,Study Abroad Prep,North Region,Rep_11,5.22,Negotiation,Lost,Went With Competitor,1646.09,2025-04-13 15:55:43.596043
LD-306643,23-May-2025 11:38,Partner Channel,Coding for Kids,International,Rep_05,1.63,Contacted,Open,,,
LD-306644,03/19/2026 08:51,Paid Search,K-12 Math,South Region,Rep_07,2.85,Negotiation,Lost,No Response / Ghosted,549.6,2026-05-01 03:33:44.759133
LD-306645,31-Oct-2025 08:42,Organic Search,Competitive Exam Prep,West Region,Rep_13,2.43,Contacted,Open,,,
LD-306646,05/30/2025 13:39,Referral,Language Learning,East Region,Rep_09,1.83,Negotiation,Lost,Price Objection,$393.89,2025-07-18 09:02:41.238490
LD-306647,05/06/2025 18:00,paid search,K-12 Math,North Region,Rep_06,6.83,Contacted,Open,,,
LD-306648,23-Dec-2025 11:29,Organic Search,k-12 math,South Region,Rep_02,0.25,Closed,Won,,$574.12,2026-01-31 04:00:16.526033
LD-306649,27-Nov-2025 11:23,Paid Search,K-12 Math,South Region,Rep_07,3.02,Negotiation,Lost,Price Objection,552.94,2026-01-12 03:44:58.078760
LD-306650,08/01/2025 13:48,Organic Search,Language Learning,East Region,Rep_04,0.57,Demo Completed,Lost,No Response / Ghosted,349.05,2025-08-24 14:22:56.956144
LD-306651,16-Aug-2025 07:13,Organic Search,Competitive Exam Prep,South Region,Rep_12,1.4,Contacted,Open,,,
LD-306652,03-May-2025 20:25,Paid Search,K-12 Math,West Region,Rep_03,2.12,Negotiation,Lost,Went With Competitor,456.22,2025-06-25 11:49:19.331222
LD-306653,2026-06-26 17:35:00,Referral,Coding for Kids,North Region,Rep_06,10.37,Contacted,Open,,,
LD-306654,2025-12-12 09:25:00,Organic Search,K-12 Math,East Region,Rep_04,0.68,Lead,Open,,,
LD-306655,16-Jan-2026 14:58,Paid Search,Competitive Exam Prep,West Region,Rep_13,18.93,Contacted,Open,,,
LD-306656,05/18/2026 12:31,Webinar,Language Learning,West Region,Rep_03,2.8,Demo Completed,Lost,Price Objection,323.17,2026-06-08 17:03:02.525680
LD-306657,2025-01-27 20:34:00,Organic Search,Coding for Kids,North Region,Rep_01,1.67,Lead,Open,,,
LD-306658,16-Jan-2026 14:49,Organic Search,K-12 Math,North Region,Rep_01,1.4,Contacted,Open,,,
LD-306659,2025-01-11 16:34:00,Paid Search,K-12 Math,North Region,Rep_01,2.93,Contacted,Open,,,
LD-306660,2026-03-15 09:37:00,Referral,Competitive Exam Prep,South Region,Rep_07,4.12,Closed,Won,,841.2,2026-04-28 04:06:25.114579
LD-306661,10-Jan-2025 10:25,Organic Search,Language Learning,North Region,Rep_01,1.18,Contacted,Open,,,
LD-306662,2025-01-03 20:59:00,Organic Search,Language Learning,South Region,Rep_07,2.41,Contacted,Open,,,
LD-306663,09/16/2025 10:11,Social Media,Coding for Kids,West Region,Rep_03,1.49,Lead,Open,,,
LD-306664,05/18/2026 12:39,Social Media,Competitive Exam Prep,West Region,Rep_08,1.45,Contacted,Open,,,
LD-306665,10/22/2025 07:34,Paid Search,Competitive Exam Prep,West Region,Rep_13,1.9,Demo Completed,Lost,Bad Timing,$827.54,2025-11-25 21:05:22.132023
LD-306666,2026-06-04 09:03:00,Webinar,Coding for Kids,South Region,Rep_02,3.68,Contacted,Open,,,
LD-306667,04/26/2025 11:50,Organic search,Language Learning,West Region,Rep_08,1.45,Closed,Won,,402.36,2025-06-12 22:47:22.579111
LD-306668,02-Sep-2025 10:48,Partner Channel,K-12  Math,North Region,Rep_06,1.37,Contacted,Open,,,
LD-306669,04-Apr-2025 20:16,Cold Outreach,Study Abroad Prep,West Region,Rep_03,2.06,Lead,Open,,,
LD-306670,23-Mar-2026 15:57,Partner Channel,K-12 Math,North Region,Rep_11,2.91,Closed,Won,,598.82,2026-04-24 03:39:52.449971
LD-306671,06/04/2025 19:22,Paid Search,Competitive Exam Prep,South Region,Rep_02,2.32,Demo Completed,Lost,No Response / Ghosted,1153.78,2025-07-01 20:10:20.611355
LD-306672,02/08/2025 08:50,Organic Search,Competitive Exam Prep,South Region,Rep_07,1.28,Negotiation,Lost,Price Objection,821.58,2025-03-29 02:51:51.162605
LD-306673,04/16/2026 17:50,Paid Search,K-12 Math,West Region,Rep_03,18.47,Demo Completed,Lost,Price Objection,$460.40,2026-05-16 19:55:59.979144
LD-306674,2025-03-21 18:08:00,Organic Search,Coding for Kids,North Region,Rep_11,5.27,Negotiation,Lost,Bad Timing,627.65,2025-05-13 22:58:43.863610
LD-306675,06-Sep-2025 17:04,Paid Search,K12 Math,East Region,Rep_09,3.27,Contacted,Open,,,
LD-306676,08-Jun-2025 09:23,Organic Search,Coding for Kids,East Region,Rep_09,2.19,Contacted,Open,,,
LD-306677,07/11/2025 20:19,Webinar,K-12 Math,North Region,Rep_01,20.98,Contacted,Open,,,
LD-306678,2025-03-25 20:57:00,Organic search,K-12 Math,North Region,Rep_06,0.61,Proposal Sent,Lost,No Response / Ghosted,468.14,2025-04-24 09:31:56.431720
LD-306679,18-Apr-2025 08:39,Organic Search,Study Abroad Prep,West Region,Rep_08,8.07,Closed,Won,,1598.11,2025-06-06 01:23:08.628963
LD-306680,04/06/2026 11:35,Organic Search,Language Learning,West Region,Rep_13,1.6,Contacted,Open,,,
LD-306681,23-Apr-2026 09:07,Social Media,K-12 Math,North Region,Rep_11,1.31,Demo Completed,Lost,Budget Not Approved,535.24,2026-05-18 05:28:49.113225
LD-306682,04/12/2025 13:44,Referral,K-12 Math,South Region,Rep_07,3.09,Closed,Won,,$503.42,2025-05-18 01:44:41.584493
LD-306683,04/30/2025 13:45,PPC,Competitive Exam Prep,North Region,Rep_06,6.17,Contacted,Open,,,
LD-306684,10-Feb-2026 08:55,Paid  Search,K-12 Math,South Region,Rep_07,0.55,Contacted,Open,,,
LD-306685,2025-09-07 16:12:00,Social Media,Coding for Kids,South Region,Rep_02,4.73,Demo Scheduled,Open,,,
LD-306686,2025-05-23 10:54:00,Webinar,Coding for Kids,South Region,Rep_02,17.35,Closed,Won,,671.04,2025-06-22 05:38:26.567546
LD-306687,24-Apr-2025 08:05,Referral,Language Learning,South Region,Rep_12,6.7,Closed,Won,,397.51,2025-06-04 15:50:09.561477
LD-306688,02-Jul-2025 08:37,cold outreach,Competitive Exam Prep,South Region,Rep_02,1.54,Lead,Open,,,
LD-306689,26-Mar-2026 19:02,Organic Search,K-12 Math,North Region,Rep_11,11.37,Negotiation,Lost,Budget Not Approved,589.31,2026-05-11 09:32:23.923941
LD-306690,2025-11-28 17:22:00,Webinar,K-12 Math,East Region,Rep_14,20.45,Proposal Sent,Lost,Price Objection,461.07,2026-01-10 21:23:51.979148
LD-306691,2026-02-13 10:45:00,Organic Search,Language Learning,South Region,Rep_02,1.8,Closed,Won,,409.07,2026-03-27 21:35:43.774699
LD-306692,07-Aug-2025 07:15,Organic Search,Competitive Exam Prep,West Region,Rep_13,4.79,Closed,Won,,904.54,2025-09-23 06:56:25.023772
LD-306693,02/20/2026 13:30,Webinar,Language Learning,North Region,Rep_11,3.04,Contacted,Open,,,
LD-306694,07/28/2025 14:48,Social Media,K-12 Math,West Region,Rep_03,7.5,Lead,Open,,,
LD-306695,05-Dec-2025 15:45,Organic Search,Language Learning,West Region,Rep_08,0.92,Contacted,Open,,,
LD-306696,03-Jan-2025 07:37,Partner Channel,K-12 Math,South Region,Rep_02,2.13,Lead,Open,,,
LD-306697,2025-11-04 17:38:00,Webinar,Competitive Exam Prep,East Region,Rep_04,3.75,Lead,Open,,,
LD-306698,08/30/2025 13:27,Organic Search,Language Learning,West Region,Rep_13,0.46,Closed,Won,,$310.19,2025-10-02 10:33:17.438891
LD-306699,05/22/2026 20:20,Social Media,Language Learning,South Region,Rep_07,6.3,Lead,Open,,,
LD-306700,17-Jul-2025 14:10,Cold Outreach,Study Abroad Prep,North Region,Rep_06,2.38,Contacted,Open,,,
LD-306701,27-Jul-2025 11:17,Referral,Coding for Kids,South Region,Rep_02,1.8,Contacted,Open,,,
LD-306702,04-Jul-2025 11:51,Webinar,Competitive Exam Prep,North Region,Rep_06,0.85,Contacted,Open,,,
LD-306703,2026-05-18 16:30:00,Webinar,K-12 Math,East Region,Rep_09,1.52,Negotiation,Lost,No Response / Ghosted,521.11,2026-06-25 04:58:17.828968
LD-306704,2025-09-27 11:28:00,Paid Search,Coding for Kids,South Region,Rep_07,0.53,Contacted,Open,,,
LD-306705,04/21/2025 08:53,PPC,Coding for Kids,South Region,Rep_12,0.43,Closed,Won,,609.51,2025-05-30 02:49:00.243191
LD-306706,01-Aug-2025 08:54,Cold Outreach,Study Abroad Prep,West Region,Rep_13,17.24,Contacted,Open,,,
LD-306707,2025-08-05 14:52:00,Referral,Coding For Kids,South Region,Rep_07,6.46,Closed,Won,,566.24,2025-09-08 11:41:18.824246
LD-306708,01-Mar-2025 13:02,Cold Outreach,Coding for Kids,North Region,Rep_01,1.84,Contacted,Open,,,
LD-306709,06/02/2025 20:21,Partner Channel,Competitive Exam Prep,West Region,Rep_08,2.76,Contacted,Open,,,
LD-306710,2026-06-23 08:21:00,Webinar,Language Learning,International,Rep_15,6.03,Proposal Sent,Lost,Bad Timing,296.61,2026-08-03 16:24:37.420351
LD-306711,27-Oct-2025 20:32,Partner Channel,K-12 Math,West Region,Rep_03,4.66,Contacted,Open,,,
LD-306712,08/18/2025 07:55,Referral,K-12 Math,South Region,Rep_07,6.34,Contacted,Open,,,
LD-306713,01/24/2025 14:55,Social Media,Language Learning,West Region,Rep_08,2.56,Negotiation,Lost,Budget Not Approved,379.23,2025-03-14 19:27:47.537191
LD-306714,12/05/2025 20:24,Referral,K-12 Math,South Region,Rep_12,3.06,Closed,Won,,454.96,2026-01-26 09:42:38.793395
LD-306715,2025-08-28 13:57:00,Referral,K-12 Math,North Region,Rep_01,2.01,Contacted,Open,,,
LD-306716,2025-11-20 20:01:00,Cold Outreach,Competitive Exam Prep,East Region,Rep_04,6.46,Lead,Open,,,
LD-306717,06/05/2025 16:19,Referral,Competitive Exam Prep,East Region,Rep_04,1.31,Contacted,Open,,,
LD-306718,2025-08-01 19:17:00,Cold Outreach,Competitive Exam Prep,East Region,Rep_14,1.72,Demo Scheduled,Open,,,
LD-306719,03/27/2026 17:16,Paid Search,K-12 Math,International,Rep_05,7.69,Proposal Sent,Lost,Bad Timing,547.05,2026-05-04 11:58:33.567575
LD-306720,2025-11-27 13:32:00,Referral,Coding for Kids,North Region,Rep_01,3.22,Closed,Won,,732.9,2025-12-20 05:40:43.243629
LD-306721,06/02/2026 17:28,Social Media,Language Learning,West Region,Rep_08,6.76,Negotiation,Lost,No Response / Ghosted,$388.42,2026-07-11 05:03:23.404993
LD-306722,02/26/2026 20:08,Partner Channel,Language Learning,South Region,Rep_07,4.53,Contacted,Open,,,
LD-306723,05/09/2025 14:28,Partner Channel,CODING FOR KIDS,International,Rep_15,3.7,Closed,Won,,649.57,2025-06-10 14:27:11.471401
LD-306724,08/29/2025 15:23,Referral,Competitive Exam Prep,West Region,Rep_08,6.85,Closed,Won,,$873.26,2025-10-09 05:28:39.417024
LD-306725,2025-04-04 10:47:00,Organic Search,Study Abroad Prep,South Region,Rep_02,7.64,Contacted,Open,,,
LD-306726,01/28/2026 12:32,Referral,Study Abroad Prep,International,Rep_15,3.26,Contacted,Open,,,
LD-306727,04/03/2025 13:03,Social Media,K-12 Math,East Region,Rep_09,2.65,Contacted,Open,,,
LD-306728,29-May-2026 16:27,cold outreach,Study Abroad Prep,West Region,Rep_03,0.74,Contacted,Open,,,
LD-306729,2025-04-18 09:45:00,Webinar,K-12 Math,International,Rep_05,2.28,Negotiation,Lost,Price Objection,524.24,2025-05-26 09:29:20.663551
LD-306730,01/16/2026 08:24,Referral,Competitive Exam Prep,,Rep_11,2.7,Contacted,Open,,,
LD-306731,05/30/2025 08:08,Webinar,Language Learning,West Region,Rep_03,4.09,Closed,Won,,407.19,2025-07-11 07:43:00.872173
LD-306732,10/24/2025 11:13,Organic Search,Coding for Kids,South Region,Rep_02,1.86,Demo Completed,Lost,Went With Competitor,633.71,2025-11-25 20:45:22.504391
LD-306733,17-Apr-2025 10:13,Social Media,Coding for Kids,North Region,Rep_11,2.94,Lead,Open,,,
LD-306734,23-Jun-2025 20:44,Social Media,Coding for Kids,South Region,Rep_07,9.15,Contacted,Open,,,
LD-306735,09/22/2025 18:50,Organic Search,K-12 Math,North Region,Rep_01,4.07,Contacted,Open,,,
LD-306736,04-Apr-2025 08:07,Organic Search,Coding for Kids,South Region,Rep_07,1.55,Contacted,Open,,,
LD-306737,06/01/2026 20:04,Webinar,Language Learning,International,Rep_05,3.81,Demo Completed,Lost,Went With Competitor,$359.83,2026-06-27 18:42:31.496213
LD-306738,2026-04-13 08:03:00,Webinar,Study Abroad Prep,South Region,Rep_02,1.59,Closed,Won,,1525.99,2026-05-13 09:15:07.594603
LD-306739,07/15/2025 13:27,Social Media,Competitive Exam Prep,North Region,Rep_11,7.29,Demo Completed,Lost,Bad Timing,1087.33,2025-08-11 16:06:58.674649
LD-306740,05/15/2026 18:14,Social Media,Competitive Exam Prep,South Region,Rep_12,2.05,Lead,Open,,,
LD-306741,05/30/2025 15:51,Partner Channel,Competitive Exam Prep,West Region,Rep_03,2.01,Contacted,Open,,,
LD-306742,07-Nov-2025 12:05,Organic Search,Competitive Exam Prep,East Region,Rep_09,3.2,Lead,Open,,,
LD-306743,2025-12-11 12:17:00,Paid Search,K-12 Math,West Region,Rep_03,4.02,Lead,Open,,,
LD-306744,05/24/2025 19:43,Referral,K-12 Math,North Region,Rep_06,3.54,Proposal Sent,Lost,Bad Timing,511.98,2025-06-27 08:06:12.981907
LD-306745,06/09/2026 19:25,Partner Channel,Competitive Exam Prep,North Region,Rep_06,1.4,Lead,Open,,,
LD-306746,11/24/2025 20:20,paid search,Competitive Exam Prep,West Region,Rep_13,5.3,Closed,Won,,1114.31,2025-12-21 20:18:39.786926
LD-306747,07-Nov-2025 11:55,Organic Search,coding for kids,South Region,Rep_02,1.17,Contacted,Open,,,
LD-306748,2026-03-15 17:14:00,Social Media,K-12 Math,West Region,Rep_13,5.27,Contacted,Open,,,
LD-306749,2025-10-10 11:08:00,Organic Search,K-12 Math,East Region,Rep_14,4.22,Demo Completed,Lost,No Response / Ghosted,533.03,2025-11-18 09:37:56.693291
LD-306750,06-Aug-2025 19:01,Cold Outreach,Coding for Kids,South Region,Rep_07,2.9,Lead,Open,,,
LD-306751,02/14/2025 10:23,Cold Outreach,Competitive Exam Prep,South Region,Rep_02,1.76,Lead,Open,,,
LD-306752,07/20/2025 20:01,Organic Search,Coding for Kids,South Region,Rep_02,4.42,Contacted,Open,,,
LD-306753,2025-02-07 14:52:00,Referral,Coding for Kids,East Region,Rep_14,17.94,Contacted,Open,,,
LD-306754,05-Jun-2026 17:46,Organic Search,K-12 Math,North Region,Rep_06,2.33,Contacted,Open,,,
LD-306755,09-Oct-2025 18:24,Referral,coding for kids,,Rep_14,2.97,Contacted,Open,,,
LD-306756,2025-01-21 15:52:00,Paid Search,Language Learning,West Region,Rep_03,24.85,Contacted,Open,,,
LD-306757,30-Jun-2025 18:44,Cold-Outreach,Coding for Kids,,Rep_03,0.56,Lead,Open,,,
LD-306758,07/07/2025 18:35,Organic Search,K-12 Math,East Region,Rep_04,16.96,Contacted,Open,,,
LD-306759,03/31/2026 18:52,Organic Search,K-12 Math,North Region,Rep_01,2.83,Contacted,Open,,,
LD-306760,20-Mar-2025 18:56,Referral,Language Learning,West Region,Rep_13,4.42,Contacted,Open,,,
LD-306761,07/21/2025 18:02,Webinar,Study Abroad Prep,South Region,Rep_12,1.19,Contacted,Open,,,
LD-306762,01/30/2025 12:38,Partner Channel,Study Abroad Prep,International,Rep_05,3.13,Contacted,Open,,,
LD-306763,30-Mar-2026 08:30,Organic Search,Study Abroad Prep,North Region,Rep_11,5.36,Contacted,Open,,,
LD-306764,2025-04-10 10:30:00,Partner Channel,K12 Math,East Region,Rep_14,8.15,Lead,Open,,,
LD-306765,2025-05-22 11:55:00,Social Media,K-12 Math,North Region,Rep_11,3.88,Contacted,Open,,,
LD-306766,13-May-2026 20:38,Referral,Study Abroad Prep,West Region,Rep_08,0.9,Closed,Won,,"$1,673.40",2026-07-04 15:59:00.880591
LD-306767,2025-04-22 15:17:00,Paid Search,Coding for Kids,West Region,Rep_13,2.12,Proposal Sent,Lost,Bad Timing,731.08,2025-06-03 01:18:22.156849
LD-306768,2025-07-15 11:44:00,Social Media,Language Learning,East Region,Rep_14,4.94,Lead,Open,,,
LD-306769,2026-03-04 16:34:00,Paid Search,Language Learning,East Region,Rep_09,14.17,Lead,Open,,,
LD-306770,04/05/2026 14:38,social media,Competitive Exam Prep,North Region,Rep_01,1.34,Closed,Won,,1023.98,2026-05-15 12:18:41.570449
LD-306771,2025-08-11 15:57:00,Cold Outreach,Coding for Kids,East Region,Rep_09,2.91,Demo Completed,Lost,Budget Not Approved,$769.63,2025-09-11 07:28:10.441026
LD-306772,24-May-2026 20:19,Organic Search,Study Abroad Prep,North Region,Rep_01,5.44,Contacted,Open,,,
LD-306773,02/02/2026 19:39,Webinar,K-12 Math,,Rep_03,2.21,Contacted,Open,,,
LD-306774,03/22/2025 09:34,Social Media,K-12 Math,North Region,Rep_01,1.11,Demo Completed,Lost,No Response / Ghosted,596.3,2025-04-08 23:16:46.760608
LD-306775,2025-11-10 15:01:00,organic search,Coding for Kids,,Rep_05,2.97,Contacted,Open,,,
LD-306776,05/28/2025 15:19,Referral,K-12 Math,East Region,Rep_04,0.44,Contacted,Open,,,
LD-306777,12/25/2025 13:53,Partner Channel,K-12 Math,North Region,Rep_11,0.87,Contacted,Open,,,
LD-306778,12/25/2025 12:02,Webinar,Competitive Exam Prep,East Region,Rep_14,5.65,Contacted,Open,,,
LD-306779,2025-06-15 15:05:00,Social Media,Study Abroad Prep,International,Rep_05,3.82,Contacted,Open,,,
LD-306780,2025-01-31 12:03:00,Social Media,Study Abroad Prep,South Region,Rep_12,2.57,Contacted,Open,,,
LD-306781,2026-01-19 16:41:00,Webinar,K-12 Math,North Region,Rep_01,1.22,Contacted,Open,,,
LD-306782,2025-11-19 14:47:00,Paid Search,Coding for Kids,South Region,Rep_02,5.82,Demo Completed,Lost,Bad Timing,599.51,2025-12-29 14:16:19.664540
LD-306783,2025-03-14 17:51:00,Paid Search,Coding for Kids,East Region,Rep_14,0.57,Contacted,Open,,,
LD-306784,2025-08-27 14:53:00,Webinar,Competitive Exam Prep,West Region,Rep_03,1.71,Closed,Won,,893.76,2025-09-29 05:29:15.896397
LD-306785,25-Nov-2025 11:10,Organic Search,K-12 Math,West Region,Rep_13,6.78,Contacted,Open,,,
LD-306786,10/31/2025 13:30,Webinar,K-12 Math,North Region,Rep_01,2.33,Proposal Sent,Lost,Bad Timing,419.75,2025-12-17 14:43:38.871895
LD-306787,2025-02-19 11:22:00,Organic Search,Competitive Exam Prep,South Region,Rep_12,6.12,Contacted,Open,,,
LD-306788,2025-07-31 19:35:00,Cold Outreach,Study Abroad Prep,West Region,Rep_08,7.25,Demo Scheduled,Open,,,
LD-306789,27-Jan-2026 11:16,Paid Search,K-12 Math,North Region,Rep_06,1.37,Contacted,Open,,,
LD-306790,06-Mar-2025 13:08,Social Media,Coding for Kids,East Region,Rep_14,1.83,Contacted,Open,,,
LD-306791,09/23/2025 09:07,Organic Search,Study Abroad Prep,South Region,Rep_07,3.44,Contacted,Open,,,
LD-306792,03-Dec-2025 15:47,Paid Search,Coding for Kids,South Region,Rep_12,4.76,Negotiation,Lost,Bad Timing,$685.71,2026-01-10 22:10:57.037970
LD-306793,2025-03-26 16:00:00,Social Media,Coding for Kids,International,Rep_15,1.15,Proposal Sent,Lost,No Response / Ghosted,603.87,2025-04-28 05:48:30.144243
LD-306794,03/04/2025 20:37,Cold Outreach,Competitive Exam Prep,North Region,Rep_11,0.7,Contacted,Open,,,
LD-306795,04/17/2026 20:04,Paid Search,Study Abroad Prep,North Region,Rep_11,2.89,Contacted,Open,,,
LD-306796,25-Feb-2026 20:16,Partner Channel,Study Abroad Prep,West Region,Rep_08,7.09,Contacted,Open,,,
LD-306797,01/21/2026 12:44,Organic Search,K-12 Math,North Region,Rep_11,3.88,Negotiation,Lost,Price Objection,$422.53,2026-02-22 02:48:25.355412
LD-306798,06/12/2025 09:37,Paid  Search,Competitive Exam Prep,North Region,Rep_11,1.35,Contacted,Open,,,
LD-306799,2025-04-11 17:28:00,Cold Outreach,Language Learning,North Region,Rep_01,3.04,Contacted,Open,,,
LD-306800,20-Jun-2025 08:46,Paid Search,Coding for Kids,North Region,Rep_06,0.81,Closed,Won,,619.21,2025-07-29 17:45:54.825932
LD-306801,06-Mar-2025 19:15,Organic Search,Competitive Exam Prep,International,Rep_10,9.04,Lead,Open,,,
LD-306802,2026-02-10 18:57:00,Cold Outreach,K-12 Math,International,Rep_05,1.48,Lead,Open,,,
LD-306803,2025-05-08 12:13:00,Paid Search,Competitive Exam Prep,International,Rep_15,5.84,Contacted,Open,,,
LD-306804,2025-06-20 10:11:00,Referral,Language Learning,International,Rep_10,3.62,Closed,Won,,289.07,2025-07-21 16:18:46.565431
LD-306805,03-Oct-2025 08:06,Partner Channel,Competitive Exam Prep,East Region,Rep_04,1.47,Contacted,Open,,,
LD-306806,03/14/2025 09:12,Paid Search,Competitive Exam Prep,East Region,Rep_14,1.72,Lead,Open,,,
LD-306807,01/07/2026 13:28,Social Media,Competitive Exam Prep,East Region,Rep_14,1.28,Contacted,Open,,,
LD-306808,2025-03-17 12:13:00,Webinar,Language Learning,South Region,Rep_12,4.81,Closed,Won,,378.52,2025-04-23 01:53:23.328321
LD-306809,28-Sep-2025 13:30,Social Media,Coding for Kids,South Region,Rep_02,13.55,Contacted,Open,,,
LD-306810,2026-03-21 08:30:00,Referral,k-12 math,East Region,Rep_09,13.08,Contacted,Open,,,
LD-306811,15-Apr-2025 13:03,Paid Search,Study Abroad Prep,South Region,Rep_02,1.68,Contacted,Open,,,
LD-306812,04/03/2025 09:13,Organic Search,Competitive Exam Prep,East Region,Rep_14,54.25,Contacted,Open,,,
LD-306813,05-Feb-2026 10:26,Cold Outreach,Coding for Kids,North Region,Rep_11,3.25,Contacted,Open,,,
LD-306814,11/10/2025 11:20,Organic Search,Competitive Exam Prep,South Region,Rep_02,12.01,Closed,Won,,"$1,095.12",2025-12-19 00:20:41.124117
LD-306815,06/21/2026 17:20,Organic Search,Coding for Kids,South Region,Rep_02,1.65,Closed,Won,,$725.73,2026-07-18 07:31:55.603181
LD-306816,10/13/2025 15:42,Referral,Competitive Exam Prep,South Region,Rep_12,1.6,Negotiation,Lost,Bad Timing,1099.54,2025-11-27 17:52:40.302188
LD-306817,06/22/2025 16:18,Partner Channel,K-12 Math,International,Rep_10,0.99,Contacted,Open,,,
LD-306818,2025-01-10 07:52:00,Paid Search,Language Learning,West Region,Rep_08,1.1,Contacted,Open,,,
LD-306819,2025-01-17 08:24:00,Referral,Study Abroad Prep,West Region,Rep_08,3.92,Negotiation,Lost,No Response / Ghosted,1568.25,2025-03-11 06:23:33.867249
LD-306820,22-May-2026 17:04,Social Media,Competitive Exam Prep,,Rep_07,3.47,Contacted,Open,,,
LD-306821,01/17/2026 07:37,Paid Search,Competitive Exam Prep,North Region,Rep_06,0.24,Lead,Open,,,
LD-306822,06/04/2025 08:37,Social Media,k-12 math,West Region,Rep_13,1.01,Lead,Open,,,
LD-306823,05/23/2026 18:35,Social Media,coding for kids,West Region,Rep_13,5.31,Contacted,Open,,,
LD-306824,11/27/2025 12:55,Organic Search,Competitive Exam Prep,South Region,Rep_02,1.33,Proposal Sent,Lost,Price Objection,1054.15,2026-01-09 06:34:07.241029
LD-306825,13-Jun-2025 08:14,Social Media,Coding for Kids,South Region,Rep_07,2.48,Negotiation,Lost,No Response / Ghosted,583.59,2025-08-04 14:02:27.174504
LD-306826,04-Jun-2025 16:16,organic search,K-12 Math,North Region,Rep_01,0.81,Contacted,Open,,,
LD-306827,2025-07-17 19:58:00,Paid Search,K-12  Math,South Region,Rep_07,1.07,Negotiation,Lost,No Response / Ghosted,484.54,2025-08-16 11:19:17.803023
LD-306828,2025-03-12 08:03:00,Cold Outreach,Competitive Exam Prep,North Region,Rep_11,1.4,Lead,Open,,,
LD-306829,2025-12-13 09:07:00,Referral,Language Learning,South Region,Rep_12,2.87,Contacted,Open,,,
LD-306830,10/08/2025 12:47,Organic Search,Language Learning,East Region,Rep_14,3.39,Lead,Open,,,
LD-306831,15-Jun-2026 12:38,Paid Search,Competitive Exam Prep,South Region,Rep_12,1.54,Demo Completed,Lost,Went With Competitor,1105.75,2026-07-09 15:50:26.353542
LD-306832,11/12/2025 07:00,Partner Channel,Language Learning,East Region,Rep_04,1.68,Demo Completed,Lost,Went With Competitor,336.34,2025-12-04 07:31:19.355445
LD-306833,2025-11-28 19:53:00,Cold Outreach,Study Abroad Prep,North Region,Rep_06,7.06,Contacted,Open,,,
LD-306834,2026-05-22 14:47:00,Paid Search,Study Abroad Prep,North Region,Rep_01,7.66,Contacted,Open,,,
LD-306835,2025-09-26 19:33:00,Referral,Competitive Exam Prep,North Region,Rep_01,7.97,Closed,Won,,1068.86,2025-10-26 16:47:43.020283
LD-306836,2025-05-11 13:47:00,Organic Search,Coding for Kids,International,Rep_15,1.94,Closed,Won,,624.07,2025-07-05 22:50:42.883375
LD-306837,02/10/2025 10:13,Paid Search,k-12 math,East Region,Rep_09,1.51,Demo Completed,Lost,No Response / Ghosted,539.69,2025-03-09 22:03:17.426227
LD-306838,01/24/2025 11:18,Organic Search,K-12 Math,South Region,Rep_07,1.89,Contacted,Open,,,
LD-306839,2025-04-18 18:30:00,Paid Search,Coding For Kids,,Rep_07,0.9,Lead,Open,,,
LD-306840,22-May-2025 18:28,Referral,Coding for Kids,North Region,Rep_06,9.61,Contacted,Open,,,
LD-306841,05/30/2025 18:40,Referral,Competitive Exam Prep,South Region,Rep_02,2.26,Contacted,Open,,,
LD-306842,10/24/2025 10:56,Partner Channel,Coding for Kids,South Region,Rep_02,0.68,Closed,Won,,$704.11,2025-12-01 15:48:39.882899
LD-306843,2026-03-01 17:37:00,Referral,K-12 Math,International,Rep_10,7.85,Contacted,Open,,,
LD-306844,2026-02-12 09:24:00,Partner Channel,Competitive Exam Prep,North Region,Rep_06,1.74,Demo Completed,Lost,No Response / Ghosted,919.05,2026-03-15 11:25:29.742273
LD-306845,06/03/2026 18:09,Organic Search,Coding For Kids,International,Rep_10,3.77,Demo Completed,Lost,No Response / Ghosted,$714.16,2026-07-01 02:44:44.515786
LD-306846,06/09/2026 08:58,Cold Outreach,Competitive Exam Prep,South Region,Rep_07,0.91,Contacted,Open,,,
LD-306847,30-Dec-2025 17:01,Webinar,K-12 Math,South Region,Rep_12,23.17,Contacted,Open,,,
LD-306848,2025-05-12 09:46:00,Referral,Language Learning,South Region,Rep_12,3.55,Closed,Won,,371.04,2025-06-21 19:23:03.956145
LD-306849,2025-07-30 17:14:00,Webinar,Study Abroad Prep,East Region,Rep_14,5.77,Negotiation,Lost,Budget Not Approved,1717.93,2025-08-29 03:47:52.395007
LD-306850,11-Jun-2025 09:06,Organic Search,K-12 Math,West Region,Rep_03,7.44,Contacted,Open,,,
LD-306851,22-Dec-2025 16:35,Organic Search,K-12  Math,South Region,Rep_07,7.91,Contacted,Open,,,
LD-306852,21-Nov-2025 08:41,Referral,K-12 Math,International,Rep_05,8.74,Contacted,Open,,,
LD-306853,09/09/2025 08:15,Webinar,Language Learning,South Region,Rep_02,5.22,Contacted,Open,,,
LD-306854,29-Jan-2026 07:57,Cold Outreach,K-12 Math,North Region,Rep_01,2.36,Contacted,Open,,,
LD-306855,30-Mar-2026 20:04,Social Media,K-12 Math,South Region,Rep_02,0.9,Contacted,Open,,,
LD-306856,2025-01-13 08:34:00,Social Media,Competitive Exam Prep,International,Rep_10,2.07,Lead,Open,,,
LD-306857,09/29/2025 18:21,Partner Channel,Competitive Exam Prep,South Region,Rep_07,9.37,Contacted,Open,,,
LD-306858,2025-08-15 09:24:00,Social Media,Language Learning,International,Rep_10,5.12,Contacted,Open,,,
LD-306859,12/24/2025 17:08,Paid Search,K-12 Math,South Region,Rep_07,1.37,Contacted,Open,,,
LD-306860,2025-05-24 15:58:00,Referral,Competitive Exam Prep,North Region,Rep_06,9.5,Negotiation,Lost,Price Objection,"$1,083.58",2025-06-29 11:25:06.568577
LD-306861,06/07/2026 09:41,Cold Outreach,Coding for Kids,North Region,Rep_01,1.56,Lead,Open,,,
LD-306862,2025-04-04 18:14:00,Organic Search,Language Learning,South Region,Rep_07,1.53,Contacted,Open,,,
LD-306863,2026-03-09 14:06:00,Partner Channel,Competitive Exam Prep,East Region,Rep_09,1.4,Contacted,Open,,,
LD-306864,2025-04-04 12:53:00,Paid Search,Coding for Kids,East Region,Rep_04,1.26,Lead,Open,,,
LD-306865,18-May-2026 13:37,Referral,Competitive Exam Prep,South Region,Rep_12,3.47,Contacted,Open,,,
LD-306866,01/30/2026 19:19,Webinar,K-12 Math,North Region,Rep_01,7.72,Negotiation,Lost,Went With Competitor,450.0,2026-03-15 08:54:06.110942
LD-306867,04/19/2026 15:47,Partner Channel,Study Abroad Prep,South Region,Rep_02,0.62,Contacted,Open,,,
LD-306868,21-Apr-2025 10:51,organic search,Study Abroad Prep,International,Rep_05,2.24,Contacted,Open,,,
LD-306869,01/14/2026 15:10,Social Media,K-12 Math,East Region,Rep_09,2.27,Contacted,Open,,,
LD-306870,2026-05-06 16:00:00,Partner Channel,Study Abroad Prep,International,Rep_15,2.0,Demo Completed,Lost,Price Objection,1403.14,2026-06-01 21:47:43.215081
LD-306871,2025-06-19 08:35:00,Social Media,Competitive Exam Prep,South Region,Rep_07,2.15,Proposal Sent,Lost,Price Objection,1004.51,2025-07-22 21:29:11.148730
LD-306872,03-Oct-2025 08:37,Paid Search,K-12 Math,South Region,Rep_02,2.18,Demo Completed,Lost,Bad Timing,477.54,2025-11-06 05:23:42.579942
LD-306873,04/09/2026 08:48,Partner Channel,K-12 Math,West Region,Rep_03,8.85,Negotiation,Lost,Price Objection,464.25,2026-05-28 22:22:57.048540
LD-306874,04/03/2025 19:52,Organic Search,Competitive Exam Prep,,Rep_14,5.55,Closed,Won,,855.24,2025-05-16 14:58:17.344322
LD-306875,11/03/2025 17:14,Referral,Competitive Exam Prep,West Region,Rep_03,5.6,Contacted,Open,,,
LD-306876,03/09/2026 15:21,Referral,Competitive Exam Prep,South Region,Rep_02,1.58,Negotiation,Lost,Bad Timing,1182.0,2026-04-19 07:21:36.169435
LD-306877,03/20/2025 10:48,Social Media,Competitive Exam Prep,,Rep_02,7.01,Proposal Sent,Lost,Bad Timing,899.82,2025-05-01 10:56:14.965416
LD-306878,06/12/2026 08:24,Social Media,Language Learning,East Region,Rep_14,2.81,Lead,Open,,,
LD-306879,07-Jun-2026 07:28,Organic Search,Language Learning,International,Rep_15,3.42,Contacted,Open,,,
LD-306880,12/26/2025 14:38,Social,Competitive Exam Prep,North Region,Rep_01,2.95,Contacted,Open,,,
LD-306881,27-Feb-2026 18:20,Organic Search,Competitive Exam Prep,International,Rep_05,4.29,Contacted,Open,,,
LD-306882,2026-02-12 13:53:00,Referral,Competitive Exam Prep,North Region,Rep_01,2.09,Negotiation,Lost,Price Objection,912.25,2026-03-23 14:46:30.854427
LD-306883,07-Nov-2025 17:47,paid search,K-12 Math,West Region,Rep_13,10.61,Contacted,Open,,,
LD-306884,18-Apr-2025 08:15,Partner Channel,Study Abroad Prep,South Region,Rep_07,4.09,Demo Completed,Lost,No Response / Ghosted,1585.58,2025-05-24 05:56:13.005479
LD-306885,11/22/2025 08:49,Paid Search,Competitive Exam Prep,,Rep_09,1.78,Lead,Open,,,
LD-306886,05/19/2026 08:49,Paid Search,Coding for Kids,East Region,Rep_04,5.72,Closed,Won,,546.37,2026-06-16 09:20:58.382374
LD-306887,08/03/2025 15:06,Partner Channel,Language Learning,East Region,Rep_14,16.06,Proposal Sent,Lost,Price Objection,414.42,2025-09-06 05:29:27.794803
LD-306888,2025-10-13 15:27:00,Social Media,K-12 Math,North Region,Rep_06,0.78,Lead,Open,,,
LD-306889,04/24/2026 19:24,Paid Search,K12 Math,North Region,Rep_01,3.0,Demo Completed,Lost,Price Objection,411.3,2026-05-19 06:32:03.999289
LD-306890,2026-03-30 13:34:00,Referral,Language Learning,North Region,Rep_11,4.14,Negotiation,Lost,Price Objection,405.87,2026-05-12 15:50:15.796866
LD-306891,04/10/2025 19:59,Organic Search,Coding for Kids,East Region,Rep_14,1.45,Contacted,Open,,,
LD-306892,12/12/2025 17:43,Social Media,K-12 Math,West Region,Rep_08,0.33,Contacted,Open,,,
LD-306893,2025-06-06 09:58:00,Paid Search,Competitive Exam Prep,North Region,Rep_11,1.5,Closed,Won,,1032.68,2025-07-28 01:51:14.026891
LD-306894,2025-09-08 19:11:00,Social Media,Coding for Kids,West Region,Rep_13,2.11,Contacted,Open,,,
LD-306895,2026-05-27 17:15:00,Organic Search,Competitive Exam Prep,East Region,Rep_09,2.41,Lead,Open,,,
LD-306896,2026-01-23 10:49:00,Organic Search,Competitive Exam Prep,West Region,Rep_03,3.97,Contacted,Open,,,
LD-306897,02/28/2025 19:04,Partner Channel,Coding for Kids,West Region,Rep_03,4.88,Closed,Won,,$659.13,2025-04-01 12:11:16.801266
LD-306898,12-Dec-2025 12:44,Organic Search,K-12 Math,South Region,Rep_02,1.03,Contacted,Open,,,
LD-306899,18-Apr-2025 09:01,Organic Search,Coding for Kids,International,Rep_15,4.03,Lead,Open,,,
LD-306900,24-Mar-2025 15:19,Organic search,Study Abroad Prep,West Region,Rep_03,2.44,Contacted,Open,,,
LD-306901,01/14/2026 20:18,Organic Search,K-12 Math,South Region,Rep_02,7.84,Contacted,Open,,,
LD-306902,09/25/2025 07:49,Organic Search,Language Learning,,Rep_13,4.13,Proposal Sent,Lost,No Response / Ghosted,343.83,2025-10-28 05:14:58.326454
LD-306903,2026-05-30 08:43:00,Webinar,Coding for Kids,North Region,Rep_01,2.63,Closed,Won,,707.76,2026-07-03 23:12:25.237777
LD-306904,2026-05-29 10:23:00,Cold Outreach,K-12 Math,International,Rep_10,2.53,Lead,Open,,,
LD-306905,2025-01-16 12:35:00,Organic Search,Language Learning,East Region,Rep_14,4.04,Contacted,Open,,,
LD-306906,2025-10-03 15:14:00,Organic Search,Study Abroad Prep,North Region,Rep_06,1.38,Lead,Open,,,
LD-306907,2025-09-30 12:12:00,Referral,K-12 Math,International,Rep_05,2.12,Contacted,Open,,,
LD-306908,05/16/2025 07:48,Paid Search,K-12 Math,West Region,Rep_03,6.49,Demo Scheduled,Open,,,
LD-306909,2026-03-10 07:15:00,Social Media,Language Learning,West Region,Rep_13,5.72,Lead,Open,,,
LD-306910,2026-03-20 13:37:00,Social Media,Study Abroad Prep,West Region,Rep_13,0.78,Closed,Won,,1563.82,2026-04-22 08:45:30.987489
LD-306911,04/04/2025 17:02,Social Media,K-12 Math,East Region,Rep_09,2.04,Lead,Open,,,
LD-306912,2025-12-26 10:23:00,Organic Search,Competitive Exam Prep,South Region,Rep_12,1.41,Contacted,Open,,,
LD-306913,04-Feb-2025 16:04,Social,Coding for Kids,International,Rep_15,1.25,Contacted,Open,,,
LD-306914,03-Jul-2025 15:14,Cold Outreach,Language Learning,East Region,Rep_09,4.91,Lead,Open,,,
LD-306915,06/05/2026 10:09,Referral,Competitive Exam Prep,North Region,Rep_11,1.64,Negotiation,Lost,Went With Competitor,935.15,2026-07-28 19:01:46.675735
LD-306916,11/14/2025 11:17,Paid Search,K-12 Math,East Region,Rep_04,3.52,Contacted,Open,,,
LD-306917,12-Jun-2025 12:26,Organic Search,Competitive Exam Prep,South Region,Rep_02,6.69,Closed,Won,,1078.02,2025-07-19 05:38:57.974805
LD-306918,06/06/2025 20:40,Social Media,K-12 Math,North Region,Rep_11,1.21,Demo Completed,Lost,Bad Timing,422.58,2025-07-09 05:42:00.437190
LD-306919,10/03/2025 19:06,Paid Search,Competitive Exam Prep,South Region,Rep_02,10.85,Contacted,Open,,,
LD-306920,02-Jan-2026 07:02,Paid Search,Language Learning,West Region,Rep_08,3.72,Negotiation,Lost,Price Objection,$327.82,2026-02-08 19:04:25.229001
LD-306921,2025-07-30 08:43:00,Webinar,Coding for Kids,West Region,Rep_03,3.03,Contacted,Open,,,
LD-306922,2026-03-03 11:59:00,Partner Channel,Coding for Kids,East Region,Rep_09,5.89,Contacted,Open,,,
LD-306923,02-Mar-2026 14:41,Organic Search,K-12 Math,North Region,Rep_01,1.6,Contacted,Open,,,
LD-306924,07/18/2025 12:14,Paid Search,Study Abroad Prep,West Region,Rep_08,0.41,Contacted,Open,,,
LD-306925,2025-10-24 08:59:00,Paid Search,Competitive Exam Prep,,Rep_08,5.67,Contacted,Open,,,
LD-306926,02-May-2026 07:39,Webinar,Coding for Kids,International,Rep_05,0.64,Closed,Won,,672.5,2026-05-24 13:48:37.258425
LD-306927,2026-06-02 15:00:00,Referral,K-12 Math,West Region,Rep_08,4.2,Closed,Won,,589.76,2026-07-09 20:42:29.991347
LD-306928,01/09/2026 18:37,Referral,K-12 Math,South Region,Rep_07,4.81,Contacted,Open,,,
LD-306929,23-May-2025 15:52,Social Media,Study Abroad Prep,North Region,Rep_06,21.16,Lead,Open,,,
LD-306930,03-Oct-2025 17:14,Partner Channel,K-12 Math,,Rep_03,5.45,Contacted,Open,,,
LD-306931,10/10/2025 19:44,Organic Search,Study Abroad Prep,East Region,Rep_09,4.69,Contacted,Open,,,
LD-306932,11-May-2025 17:29,Partner Channel,Study Abroad Prep,South Region,Rep_02,6.48,Contacted,Open,,,
LD-306933,09/19/2025 11:57,Organic Search,Competitive Exam Prep,West Region,Rep_08,9.37,Contacted,Open,,,
LD-306934,12-Oct-2025 19:17,Partner Channel,Language Learning,South Region,Rep_12,3.85,Contacted,Open,,,
LD-306935,17-Nov-2025 10:39,Paid Search,K-12 Math,West Region,Rep_08,1.02,Lead,Open,,,
LD-306936,2025-04-29 17:54:00,Cold Outreach,k-12 math,North Region,Rep_06,7.19,Contacted,Open,,,
LD-306937,19-Dec-2025 11:16,Social Media,Coding for Kids,West Region,Rep_08,11.71,Contacted,Open,,,
LD-306938,15-Apr-2025 17:18,Referral,Competitive Exam Prep,North Region,Rep_06,0.86,Contacted,Open,,,
LD-306939,12-Oct-2025 20:45,Social Media,Competitive Exam Prep,,Rep_10,4.31,Contacted,Open,,,
LD-306940,09-Apr-2025 07:40,Cold Outreach,K-12 Math,West Region,Rep_03,2.89,Contacted,Open,,,
LD-306941,2025-12-24 10:02:00,social media,K-12 Math,South Region,Rep_07,0.55,Contacted,Open,,,
LD-306942,24-Feb-2026 12:44,Social Media,Language Learning,North Region,Rep_01,5.22,Lead,Open,,,
LD-306943,26-May-2025 13:14,Paid Search,Competitive Exam Prep,South Region,Rep_02,2.68,Contacted,Open,,,
LD-306944,2025-10-18 14:20:00,Webinar,Study Abroad Prep,North Region,Rep_06,5.78,Contacted,Open,,,
LD-306945,2025-01-27 10:37:00,Referral,Competitive Exam Prep,North Region,Rep_06,2.64,Contacted,Open,,,
LD-306946,02/14/2026 12:10,Paid Search,k-12 math,North Region,Rep_11,1.69,Demo Completed,Lost,Went With Competitor,$415.26,2026-03-25 13:13:08.663507
LD-306947,01/15/2026 12:29,Social Media,K-12 Math,West Region,Rep_03,1.09,Contacted,Open,,,
LD-306948,2025-11-02 17:52:00,Cold Outreach,Study Abroad Prep,,Rep_09,2.2,Demo Scheduled,Open,,,
LD-306949,09/12/2025 14:25,Social Media,K-12  Math,South Region,Rep_02,1.69,Contacted,Open,,,
LD-306950,30-Sep-2025 16:23,Partner Channel,Competitive Exam Prep,South Region,Rep_02,3.11,Contacted,Open,,,
LD-306951,2026-03-29 20:32:00,Paid Search,Study Abroad Prep,International,Rep_05,4.56,Contacted,Open,,,
LD-306952,05/12/2026 14:36,Cold Outreach,K-12  Math,South Region,Rep_07,3.05,Lead,Open,,,
LD-306953,2026-06-19 14:15:00,Webinar,K-12 Math,International,Rep_10,5.23,Contacted,Open,,,
LD-306954,2026-01-20 13:17:00,Organic Search,Language Learning,North Region,Rep_06,10.03,Contacted,Open,,,
LD-306955,06-Jan-2025 15:18,Social Media,Competitive Exam Prep,West Region,Rep_03,0.77,Demo Completed,Lost,Price Objection,857.96,2025-02-13 07:19:13.528909
LD-306956,2025-03-07 20:59:00,Webinar,Coding for Kids,West Region,Rep_03,2.85,Negotiation,Lost,Price Objection,553.17,2025-04-16 20:50:58.587036
LD-306957,2025-07-24 09:49:00,Organic Search,K-12 Math,South Region,Rep_02,3.12,Proposal Sent,Lost,Bad Timing,483.82,2025-09-21 22:27:42.918732
LD-306958,2025-10-25 09:57:00,cold outreach,Competitive Exam Prep,North Region,Rep_01,1.25,Lead,Open,,,
LD-306959,04-Jul-2025 13:52,Organic Search,Competitive Exam Prep,West Region,Rep_08,4.07,Contacted,Open,,,
LD-306960,2025-11-22 16:19:00,Organic Search,Competitive Exam Prep,South Region,Rep_07,3.85,Demo Completed,Lost,Budget Not Approved,821.09,2025-12-10 11:31:19.808309
LD-306961,2026-06-15 08:05:00,Organic Search,Competitive Exam Prep,North Region,Rep_06,2.27,Contacted,Open,,,
LD-306962,11-May-2026 20:48,Cold Outreach,Language Learning,South Region,Rep_12,1.24,Contacted,Open,,,
LD-306963,08/15/2025 16:16,Partner Channel,Competitive Exam Prep,South Region,Rep_07,6.95,Closed,Won,,$872.38,2025-10-01 03:44:57.896568
LD-306964,26-Sep-2025 14:30,Social Media,K-12 Math,East Region,Rep_09,7.42,Lead,Open,,,
LD-306965,16-Oct-2025 08:48,Cold Outreach,coding for kids,International,Rep_10,2.38,Demo Scheduled,Open,,,
LD-306966,11/03/2025 17:30,Social Media,Competitive Exam Prep,South Region,Rep_07,6.13,Demo Scheduled,Open,,,
LD-306967,04-Aug-2025 09:28,Paid Search,Language Learning,East Region,Rep_14,8.24,Demo Scheduled,Open,,,
LD-306968,06/27/2025 09:27,Social Media,Competitive Exam Prep,,Rep_01,9.04,Contacted,Open,,,
LD-306969,22-Apr-2026 11:30,Referral,Language Learning,International,Rep_15,4.78,Negotiation,Lost,Went With Competitor,294.71,2026-05-17 02:24:51.585014
LD-306970,31-Dec-2025 15:25,Paid Search,K-12 Math,South Region,Rep_07,1.77,Contacted,Open,,,
LD-306971,2026-02-17 15:34:00,Partner Channel,Competitive Exam Prep,West Region,Rep_08,1.87,Contacted,Open,,,
LD-306972,2026-05-27 08:33:00,Partner Channel,Competitive Exam Prep,,Rep_01,1.51,Lead,Open,,,
LD-306973,21-Jun-2025 10:28,Partner Channel,Study Abroad Prep,,Rep_13,2.51,Proposal Sent,Lost,No Response / Ghosted,1707.3,2025-08-04 17:15:05.801720
LD-306974,2025-05-27 14:14:00,Social Media,Language Learning,,Rep_09,1.82,Lead,Open,,,
LD-306975,21-Jan-2026 12:04,Cold Outreach,K-12 Math,East Region,Rep_14,2.53,Lead,Open,,,
LD-306976,2026-04-08 16:18:00,Organic Search,Language Learning,West Region,Rep_03,4.1,Demo Completed,Lost,No Response / Ghosted,363.65,2026-05-01 14:58:54.988233
LD-306977,2026-03-03 16:44:00,Cold Outreach,Study Abroad Prep,North Region,Rep_06,3.48,Contacted,Open,,,
LD-306978,2026-03-20 15:03:00,Paid Search,Competitive Exam Prep,East Region,Rep_09,3.75,Contacted,Open,,,
LD-306979,2025-09-21 08:14:00,Webinar,Competitive Exam Prep,West Region,Rep_03,3.39,Closed,Won,,814.11,2025-10-25 11:15:40.072035
LD-306980,19-Jun-2025 08:56,SOCIAL MEDIA,Language Learning,South Region,Rep_07,1.04,Contacted,Open,,,
LD-306981,14-Nov-2025 15:20,Paid Search,Competitive Exam Prep,West Region,Rep_08,1.47,Contacted,Open,,,
LD-306982,08-May-2026 13:37,Organic Search,Competitive Exam Prep,West Region,Rep_03,1.09,Contacted,Open,,,
LD-306983,10/10/2025 18:52,Referral,Coding for Kids,East Region,Rep_04,1.1,Contacted,Open,,,
LD-306984,30-May-2025 14:11,Organic Search,K-12 Math,North Region,Rep_01,1.57,Demo Completed,Lost,Went With Competitor,496.48,2025-07-11 20:27:49.678643
LD-306985,03/28/2025 15:31,Referral,Study Abroad Prep,North Region,Rep_06,2.69,Contacted,Open,,,
LD-306986,02/14/2025 07:59,Referral,K-12 Math,,Rep_06,2.71,Negotiation,Lost,No Response / Ghosted,496.29,2025-03-24 00:30:48.392939
LD-306987,07/15/2025 19:18,Webinar,K-12 Math,West Region,Rep_13,2.09,Closed,Won,,539.0,2025-08-30 22:36:06.795303
LD-306988,13-Feb-2026 20:03,Organic Search,Study Abroad Prep,International,Rep_10,2.1,Proposal Sent,Lost,Bad Timing,1547.69,2026-04-05 12:40:43.500377
LD-306989,2025-10-14 09:11:00,Organic Search,Competitive Exam Prep,North Region,Rep_01,1.88,Contacted,Open,,,
LD-306990,04/17/2026 19:06,Cold-Outreach,Study Abroad Prep,West Region,Rep_03,3.79,Contacted,Open,,,
LD-306991,07/11/2025 18:58,Referral,Competitive Exam Prep,North Region,Rep_06,0.51,Demo Completed,Lost,Went With Competitor,"$1,174.64",2025-08-02 18:29:34.990814
LD-306992,06/05/2026 14:13,Social Media,Language Learning,South Region,Rep_12,2.62,Contacted,Open,,,
LD-306993,26-Jan-2025 19:13,Paid Search,k-12 math,East Region,Rep_14,1.92,Contacted,Open,,,
LD-306994,2026-01-30 15:36:00,PPC,Study Abroad Prep,North Region,Rep_11,3.66,Contacted,Open,,,
LD-306995,12/12/2025 13:43,Referral,K-12 Math,East Region,Rep_09,4.34,Contacted,Open,,,
LD-306996,2025-05-23 12:24:00,Organic Search,Coding for Kids,South Region,Rep_12,3.09,Proposal Sent,Lost,No Response / Ghosted,553.31,2025-06-28 23:30:20.675943
LD-306997,19-Dec-2025 07:53,Referral,K-12 Math,West Region,Rep_08,20.13,Closed,Won,,487.59,2026-01-30 18:54:29.806689
LD-306998,2026-04-26 08:58:00,Paid Search,Coding for Kids,North Region,Rep_01,16.45,Demo Completed,Lost,No Response / Ghosted,658.94,2026-05-27 05:50:41.786315
LD-306999,07/26/2025 16:07,Social Media,K-12 Math,West Region,Rep_13,4.09,Contacted,Open,,,
LD-301139,2025-12-22 15:50:00,Organic Search,Competitive Exam Prep,South Region,Rep_07,5.52,Contacted,Open,,,
LD-305762,03/14/2025 19:47,Organic search,k-12 math,South Region,Rep_07,5.96,Negotiation,Lost,Went With Competitor,414.58,2025-04-20 14:31:30.134084
LD-305236,03-Jun-2026 18:48,Cold Outreach,K-12 Math,,Rep_01,3.52,Contacted,Open,,,
LD-304490,2025-07-30 12:37:00,Paid Search,Competitive Exam Prep,South Region,Rep_07,4.69,Demo Completed,Lost,No Response / Ghosted,$966.80,2025-08-25 01:37:38.435406
LD-300795,19-Oct-2025 07:43,Paid Search,Competitive Exam Prep,South Region,Rep_12,4.75,Proposal Sent,Lost,Price Objection,$811.21,2025-11-16 11:03:20.456836
LD-300668,19-Mar-2025 11:11,Paid Search,Competitive Exam Prep,North Region,Rep_01,6.79,Lead,Open,,,
LD-301633,2026-04-10 11:19:00,Paid Search,K-12 Math,,Rep_08,1.96,Proposal Sent,Lost,Bad Timing,585.94,2026-05-07 20:19:25.435436
LD-306755,09-Oct-2025 18:24,Referral,Coding for Kids,East Region,Rep_14,2.97,Contacted,Open,,,
LD-303891,2026-01-30 12:58:00,Referral,Competitive Exam Prep,,Rep_02,0.52,Closed,Won,,1158.59,2026-03-09 00:47:30.776171
LD-306194,02-Jun-2025 12:19,Partner Channel,Coding for Kids,West Region,Rep_08,2.36,Closed,Won,,$629.65,2025-07-15 16:52:58.009107
LD-303476,03-Nov-2025 19:50,Webinar,K-12 Math,South Region,Rep_02,3.76,Closed,Won,,$587.95,2025-12-22 22:12:56.248375
LD-306693,2026-02-20 13:30:00,Webinar,Language Learning,North Region,Rep_11,3.04,Contacted,Open,,,
LD-305431,2025-12-20 13:27:00,Partner Channel,Competitive Exam Prep,South Region,Rep_02,4.2,Contacted,Open,,,
LD-301458,04/11/2025 09:55,Paid Search,Language Learning,South Region,Rep_07,9.31,Contacted,Open,,,
LD-303634,2025-01-18 19:45:00,Partner Channel,K-12 Math,East Region,Rep_04,1.42,Contacted,Open,,,
LD-303329,05-Sep-2025 11:20,Organic Search,Coding for Kids,West Region,Rep_08,2.85,Contacted,Open,,,
LD-301270,2025-08-07 07:35:00,Referral,Study Abroad Prep,East Region,Rep_09,8.11,Closed,Won,,1681.42,2025-09-17 12:31:47.422825
LD-306654,2025-12-12 09:25:00,Organic search,K12 Math,East Region,Rep_04,0.68,Lead,Open,,,
LD-306707,2025-08-05 14:52:00,Referral,Coding for Kids,South Region,Rep_07,6.46,Closed,Won,,566.24,2025-09-08 11:41:18.824246
LD-303692,12/19/2025 09:36,Social Media,Coding for Kids,South Region,Rep_02,4.61,Contacted,Open,,,
LD-302093,30-Jul-2025 17:22,Organic Search,K-12 Math,West Region,Rep_03,7.53,Lead,Open,,,
LD-302908,07/04/2025 10:21,Social Media,Competitive Exam Prep,North Region,Rep_11,21.65,Contacted,Open,,,
LD-305469,04/25/2025 07:59,Organic Search,Study Abroad Prep,North Region,Rep_01,3.6,Contacted,Open,,,
LD-306568,2026-03-05 10:33:00,organic search,Competitive Exam Prep,International,Rep_15,4.48,Contacted,Open,,,
LD-303940,2026-05-22 20:18:00,Paid Search,Language Learning,,Rep_13,1.45,Lead,Open,,,
LD-306919,03-Oct-2025 19:06,Paid  Search,Competitive Exam Prep,South Region,Rep_02,10.85,Contacted,Open,,,
LD-305202,09-Sep-2025 13:37,Social Media,Competitive Exam Prep,South Region,Rep_02,4.71,Closed,Won,,$894.98,2025-10-22 15:38:02.941453
LD-306088,17-Apr-2026 07:02,PPC,K-12 Math,East Region,Rep_09,6.82,Contacted,Open,,,
LD-302130,27-Jun-2026 17:00,Cold Outreach,K-12 Math,South Region,Rep_02,1.0,Lead,Open,,,
LD-301498,05/07/2025 13:19,organic search,K-12 Math,International,Rep_15,31.4,Proposal Sent,Lost,No Response / Ghosted,499.5,2025-07-02 08:35:02.175885
LD-303670,09-Mar-2025 10:00,Social Media,K-12 Math,International,Rep_15,6.66,Proposal Sent,Lost,Bad Timing,493.13,2025-04-06 22:08:39.368310
LD-303656,2025-02-07 19:01:00,Paid Search,Competitive Exam Prep,West Region,Rep_08,2.15,Closed,Won,,902.66,2025-03-18 06:47:20.134367
LD-301315,2025-02-19 12:54:00,Social Media,K-12 Math,West Region,Rep_03,1.36,Contacted,Open,,,
LD-302292,05-Oct-2025 13:54,Webinar,Language Learning,,Rep_03,15.08,Negotiation,Lost,Budget Not Approved,315.22,2025-11-27 12:25:29.578962
LD-306410,2026-03-03 17:56:00,Webinar,K-12 Math,South Region,Rep_02,5.89,Closed,Won,,$468.67,2026-04-10 23:10:39.879687
LD-304511,03/02/2026 10:55,Social Media,Coding For Kids,North Region,Rep_11,3.05,Closed,Won,,685.76,2026-04-07 22:35:45.187483
LD-302192,09/19/2025 16:42,Webinar,Study Abroad Prep,,Rep_13,21.32,Negotiation,Lost,Price Objection,1557.17,2025-11-03 23:07:44.298046
LD-302720,2025-04-06 16:51:00,Partner Channel,K-12 Math,West Region,Rep_13,1.37,Closed,Won,,446.05,2025-05-10 15:11:45.072034
LD-306817,06/22/2025 16:18,Partner Channel,K-12 Math,International,Rep_10,0.99,Contacted,Open,,,
LD-305390,02/12/2026 08:18,Organic Search,coding for kids,South Region,Rep_12,1.28,Demo Completed,Lost,Went With Competitor,736.77,2026-03-10 00:08:02.558856
LD-306049,2025-09-10 13:47:00,Social Media,K-12  Math,South Region,Rep_07,2.03,Contacted,Open,,,
LD-305179,2025-11-19 07:12:00,Paid Search,Language Learning,,Rep_04,0.75,Contacted,Open,,,
LD-303867,2025-08-22 14:57:00,Paid Search,K-12 Math,West Region,Rep_13,6.8,Negotiation,Lost,No Response / Ghosted,416.26,2025-09-29 11:44:37.618306
LD-301341,2025-11-14 15:37:00,Paid Search,K-12 Math,West Region,Rep_13,3.93,Contacted,Open,,,
LD-300334,2026-04-13 11:53:00,Social Media,K-12 Math,North Region,Rep_11,6.83,Contacted,Open,,,
LD-305537,29-Dec-2025 08:18,Referral,Language Learning,South Region,Rep_02,0.49,Contacted,Open,,,
LD-305554,02/06/2026 16:04,Webinar,Competitive Exam Prep,West Region,Rep_03,18.57,Contacted,Open,,,
LD-306551,14-May-2025 10:55,Social Media,K-12 Math,International,Rep_10,1.39,Lead,Open,,,
LD-302326,12/25/2025 15:17,Social Media,Competitive Exam Prep,South Region,Rep_12,1.33,Contacted,Open,,,
LD-300291,28-Mar-2025 14:02,Cold Outreach,Coding for Kids,West Region,Rep_08,11.68,Contacted,Open,,,
LD-302364,06/20/2025 07:46,paid search,Study Abroad Prep,South Region,Rep_02,0.82,Contacted,Open,,,
LD-303092,05/03/2025 09:41,Partner Channel,Competitive Exam Prep,South Region,Rep_07,4.69,Contacted,Open,,,
LD-301496,06-Apr-2026 16:06,Cold Outreach,Language Learning,South Region,Rep_02,1.78,Contacted,Open,,,
LD-302668,03/17/2025 19:41,Organic Search,K-12 Math,South Region,Rep_07,3.78,Contacted,Open,,,
LD-302023,2026-02-14 09:27:00,Organic Search,K-12 Math,East Region,Rep_14,3.03,Lead,Open,,,
LD-304821,2026-03-27 10:05:00,Social Media,Coding for Kids,North Region,Rep_06,3.61,Contacted,Open,,,
LD-306655,01/16/2026 14:58,Paid Search,Competitive Exam Prep,West Region,Rep_13,18.93,Contacted,Open,,,
LD-305889,2025-12-23 15:15:00,Partner Channel,K-12 Math,South Region,Rep_12,5.0,Contacted,Open,,,
LD-302123,2026-01-06 11:39:00,Referral,K-12 Math,North Region,Rep_11,2.89,Closed,Won,,543.24,2026-02-18 01:07:48.430368
LD-305861,2025-03-31 08:26:00,Cold Outreach,K-12 Math,West Region,Rep_03,4.98,Lead,Open,,,
LD-305150,06/26/2025 10:45,Paid Search,coding for kids,West Region,Rep_13,4.15,Contacted,Open,,,
LD-301676,2026-06-02 07:18:00,Referral,Study Abroad Prep,South Region,Rep_07,2.05,Negotiation,Lost,Price Objection,1500.5,2026-07-12 09:34:07.703103
LD-302059,01-Jun-2026 08:14,Cold Outreach,Language Learning,South Region,Rep_07,3.91,Contacted,Open,,,
LD-305466,2025-03-06 12:15:00,Partner Channel,Competitive Exam Prep,International,Rep_10,7.15,Contacted,Open,,,
LD-304714,01/06/2025 11:20,Paid Search,Competitive Exam Prep,South Region,Rep_12,2.37,Proposal Sent,Lost,Price Objection,1064.12,2025-02-05 21:54:57.060844
LD-305237,15-Feb-2026 11:16,Referral,Coding for Kids,International,Rep_10,4.44,Contacted,Open,,,
LD-303773,2025-03-31 18:05:00,Referral,K-12 Math,East Region,Rep_09,3.92,Contacted,Open,,,
LD-305906,02/14/2026 19:44,Partner Channel,Competitive Exam Prep,North Region,Rep_06,3.14,Contacted,Open,,,
LD-300765,2025-12-31 14:34:00,Paid Search,Coding for Kids,North Region,Rep_11,3.53,Proposal Sent,Lost,Budget Not Approved,762.15,2026-01-26 01:25:45.021619
LD-305688,11/30/2025 20:15,Referral,Language Learning,East Region,Rep_09,0.25,Contacted,Open,,,
LD-300368,05/20/2025 07:45,Social Media,K-12 Math,International,Rep_05,2.93,Contacted,Open,,,
LD-302110,27-Jun-2025 07:01,Organic Search,Language Learning,North Region,Rep_11,1.63,Negotiation,Lost,No Response / Ghosted,$318.40,2025-07-20 07:47:48.913742
LD-305308,2025-12-31 09:16:00,Referral,Competitive Exam Prep,West Region,Rep_03,1.93,Contacted,Open,,,
LD-304990,2025-08-29 17:00:00,Social Media,Coding for Kids,International,Rep_05,7.43,Proposal Sent,Lost,Went With Competitor,726.77,2025-10-13 11:49:51.888434
LD-301142,10-Jun-2026 14:20,Referral,Coding for Kids,South Region,Rep_02,2.32,Contacted,Open,,,
LD-306558,05/02/2025 19:57,Social,Coding for Kids,South Region,Rep_12,0.72,Contacted,Open,,,
LD-302200,2025-05-21 15:31:00,Organic Search,Study Abroad Prep,International,Rep_10,1.03,Contacted,Open,,,
LD-301305,07/04/2025 12:14,Webinar,K-12 Math,South Region,Rep_02,17.07,Closed,Won,,425.37,2025-08-16 21:48:37.328252
LD-302583,03/08/2025 08:53,Paid Search,Coding for Kids,International,Rep_15,7.94,Lead,Open,,,
LD-306512,01/03/2025 18:27,Organic Search,K-12 Math,West Region,Rep_08,1.82,Negotiation,Lost,Bad Timing,569.57,2025-02-03 10:11:07.791735
LD-302802,09/17/2025 15:46,Paid Search,Coding for Kids,North Region,Rep_01,0.67,Contacted,Open,,,
LD-303298,17-Apr-2026 10:11,Organic Search,Competitive Exam Prep,South Region,Rep_02,0.86,Closed,Won,,1182.57,2026-05-24 10:14:45.021540
LD-304016,2025-04-11 20:37:00,Cold Outreach,Competitive Exam Prep,North Region,Rep_01,1.25,Contacted,Open,,,
LD-305238,2025-05-02 15:13:00,Paid Search,K-12 Math,South Region,Rep_07,3.48,Negotiation,Lost,No Response / Ghosted,$550.16,2025-06-08 03:38:44.724903
LD-305269,08-Aug-2025 16:24,Organic Search,Study Abroad Prep,International,Rep_15,3.68,Proposal Sent,Lost,Budget Not Approved,"$1,255.50",2025-09-11 01:41:09.749755
LD-303260,04-Feb-2026 07:50,Organic Search,Competitive Exam Prep,West Region,Rep_13,1.27,Contacted,Open,,,
LD-304687,07/25/2025 10:02,Organic Search,Coding for Kids,West Region,Rep_03,4.17,Contacted,Open,,,
LD-305739,22-Oct-2025 20:49,Referral,K-12 Math,,Rep_08,1.47,Closed,Won,,593.68,2025-12-07 06:05:44.278559
LD-306899,18-Apr-2025 09:01,Organic Search,Coding for Kids,International,Rep_15,4.03,Lead,Open,,,
LD-302374,01/24/2025 18:13,Paid Search,K-12 Math,International,Rep_15,2.61,Proposal Sent,Lost,Price Objection,495.42,2025-03-10 17:43:25.790034
LD-306567,31-Dec-2025 19:52,Partner Channel,K-12 Math,North Region,Rep_06,6.47,Lead,Open,,,
LD-302715,06/19/2026 18:43,Paid Search,CODING FOR KIDS,East Region,Rep_04,7.73,Lead,Open,,,
LD-300916,2025-10-22 16:37:00,Webinar,Language Learning,West Region,Rep_03,4.13,Closed,Won,,300.38,2025-11-30 17:30:28.282315
LD-304474,30-May-2025 20:12,Paid Search,CODING FOR KIDS,North Region,Rep_06,1.15,Contacted,Open,,,
LD-301372,01/09/2026 11:02,Paid Search,Language Learning,International,Rep_15,2.41,Lead,Open,,,
LD-301612,06-Sep-2025 13:49,Webinar,K-12 Math,East Region,Rep_04,1.48,Contacted,Open,,,
LD-305534,19-Sep-2025 08:46,Organic Search,Coding for Kids,South Region,Rep_07,6.58,Contacted,Open,,,
LD-303624,22-Feb-2026 16:10,Paid Search,CODING FOR KIDS,International,Rep_05,5.03,Contacted,Open,,,
LD-303792,11/13/2025 15:50,Paid Search,Coding for Kids,North Region,Rep_11,5.87,Contacted,Open,,,
LD-303317,05/26/2026 20:31,Webinar,Competitive Exam Prep,North Region,Rep_06,0.74,Closed,Won,,1057.02,2026-06-27 17:05:41.134631
LD-306456,2025-08-15 20:58:00,Cold Outreach,Competitive Exam Prep,South Region,Rep_02,0.97,Contacted,Open,,,
LD-301384,12/05/2025 07:16,Organic Search,K-12 Math,West Region,Rep_03,4.03,Proposal Sent,Lost,Price Objection,$514.60,2026-01-23 23:15:30.664483
LD-304621,03/21/2025 18:39,Paid Search,Coding for Kids,South Region,Rep_12,3.82,Lead,Open,,,
LD-300561,26-Dec-2025 15:09,Cold Outreach,Language Learning,West Region,Rep_13,2.22,Contacted,Open,,,
LD-304324,04/22/2025 17:58,Organic search,Language Learning,North Region,Rep_06,4.43,Contacted,Open,,,
